bibliographicCitation,Filter
"INGENAT (2016) Plan De Seguimiento De Varialbes Ambientales, Monitoreo Fauna Ictica Piscicultura Rio Rollizo",1
"TERRAMAR, Estudios Territoriales (2013) Informe Linea Base Limnologia Proyecto Central De Pasada Mediterraneo. https://seia.sea.gob.cl/expediente/ficha/fichaPrincipal.php?modo=ficha&id_expediente=6357086",1
Gaman Limno Studies Ltda. (2014) Central Hidroelectrica Chaica.,1
"Colihueque N, Estay FJ, Crespo JE, Arriagada A, Baessolo L, Canales-Aguirre CB, Marin J and Carrasco R (2019) Genetic Differentiation and Origin of Naturalized Rainbow Trout opulations From Southern Chile Revealed by the mtDNA Control Region Marker.  Front. Genet. 10:1212.",1
"Vanhaecke, D., Garcia de Leaniz, C., Gajardo, G., Dunham, J., Giannico, G. and Consuegra, S. (2015), Genetic signatures of historical dispersal of fish threatened by biological invasions: the case of galaxiids in South America. J. Biogeogr., 42: 1942-1952. doi:10.1111/jbi.12568",0
"Alo D, Correa C, Samaniego H, Krabbenhoft CA, Turner TF. 2019. Otolith microchemistry and diadromy in Patagonian river fishes. PeerJ 7:e6149 http://doi.org/10.7717/peerj.6149",0
"Bravo, Sandra, Silva, María T., Ciancio, Javier, & Whelan, Ken. (2019). Size structure, age, and diets of introduced Chinook salmon (Oncorhynchus tshawytscha) inhabiting the Palena River, Chilean Patagonia. Latin american journal of aquatic research, 47(1), 129-137. https://dx.doi.org/10.3856/vol47-issue1-fulltext-14",0
"Gorski, K., Gonzalez, J.F., Vivancos, A. et al. Young-of-the-year Coho Salmon Oncorhynchus kisutch recruit in fresh waters of remote Patagonian fjords in southern Chile (51°S). Biol Invasions 19, 1127–1136 (2017). https://doi.org/10.1007/s10530-016-1341-9",0
"Ortiz-Sandoval, J., Gorski, K., Sobenes, C. et al. Invasive trout affect trophic ecology of Galaxias platei in Patagonian lakes. Hydrobiologia 790, 201–212 (2017). https://doi-org.uchile.idm.oclc.org/10.1007/s10750-016-3030-1",0
IFOP (2017) Evaluacion Y Seguimiento De La Situacion Sanitaria De Especies Silvestres En Agua Dulce Y Mar,1
IFOP (2018) Evaluacion Y Seguimiento De La Situacion Sanitaria De Especies Silvestres En Agua Dulce Y Mar,1
Econometric S.A. (2017) Solucion Sanitaria De Agua Potable Y Aguas Servidas Para La Concesion Del Sector Panitao. https://seia.sea.gob.cl/documentos/documento.php?idDocumento=2132812960,1
SUSTENTABLE Minicentral Hidroelectrica De Pasada El Callao.,1
SUSTENTABLE Minicentral Hidroelectrica De Pasada Rio Negro.,1
TESAM Central Hidroelectrica Lago Atravesado.,1
MEDIO AMBIENTE MARING Proyecto Hidroelectrico Ensenada-Rio Blanco Parte Nª 2.,1
CEA Proyecto Hidroelectrico Aysen.,1
ND Ampliacion Central Hidroelectrica El Toqui Ch El Toqui.,1
CEA Proyecto Central Hidroelectrica Cuervo.,1
INGENDESA Minicentral Hidroelectrica Piruquina.,1
"ND Central Hidroelectrica De Pasada Rio Blanco, Hornopiren.",1
GESAM Proyecto De Construccion Aerodromo Yendegaia.,1
"GESAM Sistema De Transmision Aysen Y Sistema De Transmision Energia Austral, Entre Region De Valparaiso Y Region De Aysen.",1
GESAM Proyecto Central Hidroelectrica Rio Picacho Xi Region De Aysen.,1
CEA Linea Base Limnologia  Southern Star Coal Project.,1
CRISTIAN GONZALEZ L Pa Desarrollo Hidroelectrico Rio Puelo.,1
"JAIME ILLANES Caracterizacion Biologica Rio Canadon ""Proyecto Portuario Isla Riesco"".",1
"JAIME ILLANES Linea Base, Limnologia Rio Manso.",1
ND Pa Desarrollo Hidroelectrico Rio Puelo.,1
"CEA Linea De Base Medio Dulceacuicola, Rio Blanco, Cuervo Y Condor.",1
ALEJANDRO PENALOZA Estudio De Linea De Base Rio Manihuales.,1
ALEJANDRO PENALOZA Planta De Elaboracion De Productos Carnicos.,1
ALEJANDRO PENALOZA Planta Procesadora De Productos Hidrobiologicos.,1
"CEA Linea Base Flora Y Fauna Acuatica, Calidad De Agua Y Caudal Ecologico En Los Rios Baker  Y Pascua.",1
CRISTIAN GONZALEZ L Minicentral Hidroelectrica Piruquina.,1
ND Minicentral Hidroelectrica Piruquina.,1
CEA Monitoreo Limnologico En El Area De Influencia Del Proyecto Hidroelectrico Aysen Noviembre 2011.,1
CEA Proyecto Sistema De Transmision Energia Austral.,1
ND Proyecto Sistema De Transmision Energia Austral.,1
ALEJANDRO PENALOZA Informe Fauna Ictica Minicentral De Paso La Paloma.,1
"UNIVERSIDAD CATOLICA DE TEMUCO Informe De Caracterizacion Ecosstemica Y Plan De Seguimiento Comunidad Ictica, Zoobentonica, Fitobentonica, Fitoplanctonica Del Rio Llaguepe. Comuna De Cochamo, X Region..",1
CEA Monitoreo Limnologico En El Area De Influencia Del Proyecto Hidroelectrico Aysen.,1
ALEJANDRO PENALOZA Monitoreo Pva Plp Rio Gomez.,1
ALEJANDRO PENALOZA 1ª Monitoreo Pva Plp Rio Gomez.,1
"ARISMENDI I, SOTO D, PENALUNA B, JARA C, LEAL C, LEON-MUNOZ J Aquaculture, Non-Native Salmonid Invasions And Associated Declines Of Native Fishes In Northern Patagonian Lakes.",0
"CONSUEGRA S, PHILLIPS N, GAJARDO G, GARCIA DE LEANIZ C Winning The Invasion Roulette: Escapes From Fish Farms Increase Admixture And Facilitate Establishment Of Non-Native Rainbow Trout.",0
"CORREA C, BRAVO AP, HENDRY AP Reciprocal Trophic Niche Shifts In Native And Invasive Fish: Salmonids And Galaxiids In Patagonian Lakes.",0
"DE VILLALOBOS C, ORTIZ-SANDOVAL J, HABIT E Finding Of Gordius Austrinus De Villalobos, Zanca & Ibarra-Vidal, 2005 (Gordiida, Nematomorpha) In The Stomach Of Salmo Trutta (Salmoniformes) In Patagonia.",0
"LOPEZ M, VARGAS A, LOBOS G Tramas Troficas Y Su Importancia En Estudios Hidrologicos Integrales, Aplicacion Al Rio Polcura.",1
"ORTIZ-SANDOVAL JJ, ORTIZ N, CIFUENTES R, GONZALEZ J, HABIT E Respuesta De La Comunidad De Peces Al Dragado De Los Rios Costeros De La Region Del Biobio (Chile).",0
"PENALUNA BE, ARISMENDI I, SOTO D. Evidence Of Interactive Segregation Between Introduced Trout And Native Fishes In Northern Patagonian Rivers, Chile.",1
"CAMPOS H, ARENAS J, JARA C, GONSERT T, PRINS R Macrozoobentos Y Fauna Ictica De Las Aguas Limneticas De Chiloe Y Aysen Continentales (Chile).",0
"Laura Catalan (2014) Construccion Ruta 7, Tramo Pillan - Rio Reñihue - Empalme Ruta 7 (Caleta Gonzalo)",1
CEA (2013) Identificacion De Areas De Importancia Ambiental (Aia) En El Río Chamiza Y Lago Chapo,1
"Econometric S.A. (2014) Estudio De Limnologia, Parque Eolico Cateao, Isla Rande De Chiloe, X Region. https://seia.sea.gob.cl/expediente/expedientesEvaluacion.php?modo=ficha&id_expediente=8192018",1
"Caucahue EIRL (2014) Estudio De Linea Base De Tipo Limnologico Del Proyecto Hidroelectrico Central De Pasada Rio Aviles, Localizado En Rio Aviles, Margen Sur Del Lago General Carrera, Cuenca Del Baker, Comuna De Chile Chico, Xi Region De Chile",1
GESAM (2015) Proyecto Hidroelectrico San Victor.,1
POCH (2014) 1° Monitoreo Pva Plp Rio Gomez.,1
"Cristian Manque, Leonardo Palacios y Luis Albornoz (2018) Ampliacion De Piscicultura Lago Verde. https://seia.sea.gob.cl/expediente/ficha/fichaPrincipal.php?modo=ficha&id_expediente=2142650146",1
"Claudia Verdugo, Daphne Valencia, Claudio Riquelme, Vilma Barrera y Adolfo Cuevas (2019) Piscicultura Los Arrayanes. https://seia.sea.gob.cl/expediente/ficha/fichaPrincipal.php?modo=normal&id_expediente=2142344914",1
"Claudia Verdugo, Daphne Valencia, Claudio Riquelme, Vilma Barrera y Adolfo Cuevas (2018) Piscicultura Los Arrayanes. https://seia.sea.gob.cl/expediente/ficha/fichaPrincipal.php?modo=normal&id_expediente=2142344914",1
"Carlos Leal, Carolina Rodriguez (2018) Regularizacion Bocatoma Piscicultura De Recirculacion Rio Hollemberg. https://seia.sea.gob.cl/expediente/ficha/fichaPrincipal.php?modo=normal&id_expediente=2133497740",1
ALEJANDRO PENALOZA 2ª Monitoreo Pva Plp Rio Gomez.,1
"CUSSAC V, ORTUBAY S, IGLESIAS G, MILANO D, LATTUCA ME, BARRIGA JP, BATTINI M, GROSS M The Distribution Of South American Galaxiid Fishes: The Role Of Biological Traits And Post-Glacial History.",0
"ELGUETA A, GONZALEZ J, RUZZATE DE, WALDE, SJ, HABIT E Trophic Interference By Salmo Trutta On Aplochiton Zebra And Aplochiton Taeniatus In Southern Patagonian Lakes.",0
"GEORGE-NASCIMIENTO M, MELLADO A, SAAVEDRA S, CARVAJAL J Variabilidad De Las Comunidades De Parasitos Metazoos Del Robalo Eleginops Maclovinus (Cuvier & Valenciennes, 1830) (Pisces: Eleginopidae) En Chile.",1
"MAUREIRA C Caracterizacion De Poblaciones De Galaxias Maculatus (Jenyns, 1842) En Los Habitats Lago Llanquihue, Rio Maullin Y Estario Maullin: Estructura De Talla Y Numero De Vertebras.",1
"MONTOYA G, JARA A, SOLIS-LUFI K, COLIN N, HABIT E Primeros Estadios Del Ciclo De Vida De Peces Nativos Del Rio San Pedro (Cuenca Del Rio Valdivia, Chile).",0
"NESPOLO RF, ROSENMANN M Intraspecific Allometry Of Haematological Parameters In Basilichthys Australis.",0
"RUZZANTE DE, WALDE SJ, GOSSE JC, CUSSAC VE, HABIT E, ZEMLAK TS, ADAMS EDM Climate Control On Ancestral Population Dynamics: Insight From Patagonian Fish Phylogeography.",0
"SOLIS-LUFI K, JARA A, COLIN N, OYANEDEL A, HABIT E Implante Quirurgico De Radiotransmisores En Diplomystes Camposensis (Siluriformes, Diplomystidae).",0
"UNMACK PJ, BARRIGA JP, BATTINI MA, HABIT EM, JOHNSON JB Phylogeography Of The Catfish Hatcheria Macraei Reveals A Negligible Role Of Drainage Divides In Structurin Populations.",0
"UNMACK PJ, BENNIN AP, HABIT EM, VICTORIANO PF, JOHNSON JB Impact Of Ocean Barriers, Topography, And Glaciation On The Phylogeography Of The Catfish Trichomycters Areolatus (Teleostei: Trichomycteridae) In Chile.",0
"UNMACK PJ, HABIT E, JOHNSON JB New Records Of Hatcheria Macraei (Siluriformes, Trichomycteridae) From Chilean Province.",0
"VANHAECKE D, GARCIA DE LEANIZ C, GAJARDO G, THOMAS CJ, CONSUEGRA S Metapopulation Dynamics Of A Diadromous Galaxiid Fish And Potential Effects Of Salmonid Aquaculture.",0
"ZEMLAK TS, HABIT EM, WALDE SJ, BATTINI MA, ADAMS EDM, RUZZANTE DE Across The Southern Andes On Fin: Glacial Refugia, Drainage Reversals And A Secundary Contact Zone Revealed By The Phylogeographical Signal Of Galaxias Platei In Patagonia.",0
"ZEMLAK TS, HABIT EM, WALDE SJ, CARREA C, RUZZANTE DE Surviving Historical Patagonian Landscapes And Climate: Molevular Insights From Galaxias Maculatus.",0
"VILA I, FUENTES L, CONTRERAS M Peces Limnicos De Chile.",1
NEIRA FJ Biomorfologia De Las Lampreas Parasitas Chilenas Geotria Australis Y Mordacia Lapicida.,0
"MURILLO V, RUIZ V El Puye Galaxias Globiceps Eigenman 1927 (Osteichthyes Galaxiidae) +Una Especie En Peligro De Extincion?.",0
"VILA I, FUENTES L, SAAVEDRA M Ictiofauna En Los Sistemas Limnicos De La Isla Grande, Tierra Del Fuego, Chile.",0
POCH (2014) 2° Monitoreo Pva Plp Rio Gomez.,1
POCH (2013) 1° Monitoreo Pva Essal Llanquihue,1
POCH (2013) 2° Monitoreo Pva Essal Llanquihue,1
POCH (2013) 3° Monitoreo Pva Essal Llanquihue,1
"Alo D, Correa C, Arias C, Cardenas L (2013) Diversity of Aplochiton Fishes (Galaxiidea) and the Taxonomic Resurrection of A. marinus. PLoS ONE 8(8):e71577. doi:10.1371/journal.pone.0071577",0
"Arratia and Quezada-Romegialli (2017), Understanding morphological variability in a taxonomic context in Chilean diplomystids (Teleostei: Siluriformes), including the description of a new species. PeerJ 5:e2991; DOI 10.7717/peerj.2991",0
"Delgado ML, Gorski K, Habit E, Ruzzante DE. The effects of diadromy and its loss on genomic divergence: The case of amphidromous Galaxias maculatus populations. Mol Ecol. 2019;28:5217–5231",0
"Colihueque N, Corrales O, Yañez M (2017) Morphological analysis of Trichomycterus areolatus Valenciennes, 1846 from southern Chilean rivers using a truss-based system (Siluriformes, Trichomycteridae). ZooKeys 695: 135–152. https://doi.org/10.3897/zookeys.695.13360",1
"Gonzalez-Wevar C, Salinas P, Hüne M, Segovia N, Vargas-Chacoff L, Oda E, Poulin E (2015a) Contrasting genetic structure and diversity of Galaxias maculatus (Jenyns, 1848) along the chilean coast: stock identification for fishery management. J Hered 106:439–447",0
