"occurrenceID","bibliographicCitation","decimalLatitude","decimalLongitude","eventDate","year","scientificName","locality","stateProvince","references","associatedReferences","catalogNumber","institutionCode","recordedBy","samplingProtocol","individualCount","X","X.1","canonicalName","rank","kingdom","phylum","order","family","genus","species"
"Boisjoly.Lit.Review.0001","","-43.527676","-71.555252","2007-03-08","2007","Geotria australis Gray, 1851","Río Corcovado","","","","","","Barriga, JP","pesca electrica","5","","","Geotria australis","SPECIES","Animalia","Chordata","Petromyzontiformes","Geotriidae","Geotria","Geotria australis"
"Boisjoly.Lit.Review.0002","Campos, H., Arenas, J., Jara, C., Gonser, T., & Prins, R. (1984). Macrozoobentos y fauna íctica de las aguas limnéticas de Chiloé y Aysén continentales (Chile). Medio Ambiente, 7, 52–64.","-46.261024","-72.003057","1980","1980","Salmo trutta Linnaeus, 1758","río Claro (afluente del río Ibañez)","Aysén","","","","","","","","","","Salmo trutta","SPECIES","Animalia","Chordata","Salmoniformes","Salmonidae","Salmo","Salmo trutta"
"Boisjoly.Lit.Review.0003","Campos, H., Arenas, J., Jara, C., Gonser, T., & Prins, R. (1984). Macrozoobentos y fauna íctica de las aguas limnéticas de Chiloé y Aysén continentales (Chile). Medio Ambiente, 7, 52–64.","-45.649595","-71.91082","1980","1980","Oncorhynchus mykiss (Walbaum, 1792)","río Pollux","Aysén","","","","","","","","","","Oncorhynchus mykiss","SPECIES","Animalia","Chordata","Salmoniformes","Salmonidae","Oncorhynchus","Oncorhynchus mykiss"
"Boisjoly.Lit.Review.0004","Campos, H., Arenas, J., Jara, C., Gonser, T., & Prins, R. (1984). Macrozoobentos y fauna íctica de las aguas limnéticas de Chiloé y Aysén continentales (Chile). Medio Ambiente, 7, 52–64.","-45.0333","-72.115003","1984","1984","Salmo trutta Linnaeus, 1758","lago Pedro Aguirre Cerda","Aysén","","","","","","","","","","Salmo trutta","SPECIES","Animalia","Chordata","Salmoniformes","Salmonidae","Salmo","Salmo trutta"
"Boisjoly.Lit.Review.0005","Campos, H., Arenas, J., Jara, C., Gonser, T., & Prins, R. (1984). Macrozoobentos y fauna íctica de las aguas limnéticas de Chiloé y Aysén continentales (Chile). Medio Ambiente, 7, 52–64.","-44.235989","-72.509975","1984","1984","Oncorhynchus mykiss (Walbaum, 1792)","lago Risopatrón","Aysén","","","","","","","","","","Oncorhynchus mykiss","SPECIES","Animalia","Chordata","Salmoniformes","Salmonidae","Oncorhynchus","Oncorhynchus mykiss"
"Boisjoly.Lit.Review.0006","Campos, H., Arenas, J., Jara, C., Gonser, T., & Prins, R. (1984). Macrozoobentos y fauna íctica de las aguas limnéticas de Chiloé y Aysén continentales (Chile). Medio Ambiente, 7, 52–64.","-44.235989","-72.509975","1984","1984","Salmo trutta Linnaeus, 1758","lago Risopatrón","Aysén","","","","","","","","","","Salmo trutta","SPECIES","Animalia","Chordata","Salmoniformes","Salmonidae","Salmo","Salmo trutta"
"Boisjoly.Lit.Review.0007","Campos, H., Arenas, J., Jara, C., Gonser, T., & Prins, R. (1984). Macrozoobentos y fauna íctica de las aguas limnéticas de Chiloé y Aysén continentales (Chile). Medio Ambiente, 7, 52–64.","-43.016667","-72.483333","1984","1984","Oncorhynchus mykiss (Walbaum, 1792)","río Amarillo","Aysén","","","","","","","","","","Oncorhynchus mykiss","SPECIES","Animalia","Chordata","Salmoniformes","Salmonidae","Oncorhynchus","Oncorhynchus mykiss"
"Boisjoly.Lit.Review.0008","Campos, H., Arenas, J., Jara, C., Gonser, T., & Prins, R. (1984). Macrozoobentos y fauna íctica de las aguas limnéticas de Chiloé y Aysén continentales (Chile). Medio Ambiente, 7, 52–64.","-43.016667","-72.483333","1984","1984","Salmo trutta Linnaeus, 1758","río Amarillo","Aysén","","","","","","","","","","Salmo trutta","SPECIES","Animalia","Chordata","Salmoniformes","Salmonidae","Salmo","Salmo trutta"
"Boisjoly.Lit.Review.0009","Campos, H., Arenas, J., Jara, C., Gonser, T., & Prins, R. (1984). Macrozoobentos y fauna íctica de las aguas limnéticas de Chiloé y Aysén continentales (Chile). Medio Ambiente, 7, 52–64.","-43.833333","-72.366667","1984","1984","Oncorhynchus mykiss (Walbaum, 1792)","río Aura","Aysén","","","","","","","","","","Oncorhynchus mykiss","SPECIES","Animalia","Chordata","Salmoniformes","Salmonidae","Oncorhynchus","Oncorhynchus mykiss"
"Boisjoly.Lit.Review.0010","Campos, H., Arenas, J., Jara, C., Gonser, T., & Prins, R. (1984). Macrozoobentos y fauna íctica de las aguas limnéticas de Chiloé y Aysén continentales (Chile). Medio Ambiente, 7, 52–64.","-44.833333","-72.216667","1984","1984","Salmo trutta Linnaeus, 1758","río Brígida","Aysén","","","","","","","","","","Salmo trutta","SPECIES","Animalia","Chordata","Salmoniformes","Salmonidae","Salmo","Salmo trutta"
"Boisjoly.Lit.Review.0011","Campos, H., Arenas, J., Jara, C., Gonser, T., & Prins, R. (1984). Macrozoobentos y fauna íctica de las aguas limnéticas de Chiloé y Aysén continentales (Chile). Medio Ambiente, 7, 52–64.","-44.633333","-72.416667","1984","1984","Salmo trutta Linnaeus, 1758","río Cascadas","Aysén","","","","","","","","","","Salmo trutta","SPECIES","Animalia","Chordata","Salmoniformes","Salmonidae","Salmo","Salmo trutta"
"Boisjoly.Lit.Review.0012","Campos, H., Arenas, J., Jara, C., Gonser, T., & Prins, R. (1984). Macrozoobentos y fauna íctica de las aguas limnéticas de Chiloé y Aysén continentales (Chile). Medio Ambiente, 7, 52–64.","-44.694149","-72.520973","1984","1984","Salmo trutta Linnaeus, 1758","río Cisnes Bajo","Aysén","","","","","","","","","","Salmo trutta","SPECIES","Animalia","Chordata","Salmoniformes","Salmonidae","Salmo","Salmo trutta"
"Boisjoly.Lit.Review.0013","Campos, H., Arenas, J., Jara, C., Gonser, T., & Prins, R. (1984). Macrozoobentos y fauna íctica de las aguas limnéticas de Chiloé y Aysén continentales (Chile). Medio Ambiente, 7, 52–64.","-43.583333","-72.333333","1984","1984","Oncorhynchus mykiss (Walbaum, 1792)","río Frío","Aysén","","","","","","","","","","Oncorhynchus mykiss","SPECIES","Animalia","Chordata","Salmoniformes","Salmonidae","Oncorhynchus","Oncorhynchus mykiss"
"Boisjoly.Lit.Review.0014","Campos, H., Arenas, J., Jara, C., Gonser, T., & Prins, R. (1984). Macrozoobentos y fauna íctica de las aguas limnéticas de Chiloé y Aysén continentales (Chile). Medio Ambiente, 7, 52–64.","-43.583333","-72.333333","1984","1984","Salvelinus fontinalis (Mitchill, 1814)","río Frío","Aysén","","","","","","","","","","Salvelinus fontinalis","SPECIES","Animalia","Chordata","Salmoniformes","Salmonidae","Salvelinus","Salvelinus fontinalis"
"Boisjoly.Lit.Review.0015","Campos, H., Arenas, J., Jara, C., Gonser, T., & Prins, R. (1984). Macrozoobentos y fauna íctica de las aguas limnéticas de Chiloé y Aysén continentales (Chile). Medio Ambiente, 7, 52–64.","-44.183333","-72.5","1984","1984","Oncorhynchus mykiss (Walbaum, 1792)","río Los Césares","Aysén","","","","","","","","","","Oncorhynchus mykiss","SPECIES","Animalia","Chordata","Salmoniformes","Salmonidae","Oncorhynchus","Oncorhynchus mykiss"
"Boisjoly.Lit.Review.0016","Campos, H., Arenas, J., Jara, C., Gonser, T., & Prins, R. (1984). Macrozoobentos y fauna íctica de las aguas limnéticas de Chiloé y Aysén continentales (Chile). Medio Ambiente, 7, 52–64.","-44.183333","-72.5","1984","1984","Salmo trutta Linnaeus, 1758","río Los Césares","Aysén","","","","","","","","","","Salmo trutta","SPECIES","Animalia","Chordata","Salmoniformes","Salmonidae","Salmo","Salmo trutta"
"Boisjoly.Lit.Review.0017","Campos, H., Arenas, J., Jara, C., Gonser, T., & Prins, R. (1984). Macrozoobentos y fauna íctica de las aguas limnéticas de Chiloé y Aysén continentales (Chile). Medio Ambiente, 7, 52–64.","-44.327217","-72.56532","1984","1984","Salmo trutta Linnaeus, 1758","río Pascua","Aysén","","","","","","","","","","Salmo trutta","SPECIES","Animalia","Chordata","Salmoniformes","Salmonidae","Salmo","Salmo trutta"
"Boisjoly.Lit.Review.0018","Campos, H., Arenas, J., Jara, C., Gonser, T., & Prins, R. (1984). Macrozoobentos y fauna íctica de las aguas limnéticas de Chiloé y Aysén continentales (Chile). Medio Ambiente, 7, 52–64.","-44.563963","-72.440278","1984","1984","Oncorhynchus mykiss (Walbaum, 1792)","río Queulat","Aysén","","","","","","","","","","Oncorhynchus mykiss","SPECIES","Animalia","Chordata","Salmoniformes","Salmonidae","Oncorhynchus","Oncorhynchus mykiss"
"Boisjoly.Lit.Review.0019","Campos, H., Arenas, J., Jara, C., Gonser, T., & Prins, R. (1984). Macrozoobentos y fauna íctica de las aguas limnéticas de Chiloé y Aysén continentales (Chile). Medio Ambiente, 7, 52–64.","-42.329063","-73.513792","1984","1984","Oncorhynchus mykiss (Walbaum, 1792)","río San Juan Poniente","Chiloé","","","","","","","","","","Oncorhynchus mykiss","SPECIES","Animalia","Chordata","Salmoniformes","Salmonidae","Oncorhynchus","Oncorhynchus mykiss"
"Boisjoly.Lit.Review.0020","Campos, H., Arenas, J., Jara, C., Gonser, T., & Prins, R. (1984). Macrozoobentos y fauna íctica de las aguas limnéticas de Chiloé y Aysén continentales (Chile). Medio Ambiente, 7, 52–64.","-42.855585","-72.798546","1984","1984","Oncorhynchus mykiss (Walbaum, 1792)","río Santa Bárbara","Aysén","","","","","","","","","","Oncorhynchus mykiss","SPECIES","Animalia","Chordata","Salmoniformes","Salmonidae","Oncorhynchus","Oncorhynchus mykiss"
"Boisjoly.Lit.Review.0021","Campos, H., Arenas, J., Jara, C., Gonser, T., & Prins, R. (1984). Macrozoobentos y fauna íctica de las aguas limnéticas de Chiloé y Aysén continentales (Chile). Medio Ambiente, 7, 52–64.","-42.855585","-72.798546","1984","1984","Salmo trutta Linnaeus, 1758","río Santa Bárbara","Aysén","","","","","","","","","","Salmo trutta","SPECIES","Animalia","Chordata","Salmoniformes","Salmonidae","Salmo","Salmo trutta"
"Boisjoly.Lit.Review.0022","Campos, H., Arenas, J., Jara, C., Gonser, T., & Prins, R. (1984). Macrozoobentos y fauna íctica de las aguas limnéticas de Chiloé y Aysén continentales (Chile). Medio Ambiente, 7, 52–64.","-45.423746","-72.420515","1984","1984","Salmo trutta Linnaeus, 1758","río Simpson Bajo","Aysén","","","","","","","","","","Salmo trutta","SPECIES","Animalia","Chordata","Salmoniformes","Salmonidae","Salmo","Salmo trutta"
"Boisjoly.Lit.Review.0023","Campos, H., Arenas, J., Jara, C., Gonser, T., & Prins, R. (1984). Macrozoobentos y fauna íctica de las aguas limnéticas de Chiloé y Aysén continentales (Chile). Medio Ambiente, 7, 52–64.","-42.664399","-73.89864","1984","1984","Oncorhynchus mykiss (Walbaum, 1792)","río Trainel","Chiloé","","","","","","","","","","Oncorhynchus mykiss","SPECIES","Animalia","Chordata","Salmoniformes","Salmonidae","Oncorhynchus","Oncorhynchus mykiss"
"Boisjoly.Lit.Review.0024","Campos, H., Arenas, J., Jara, C., Gonser, T., & Prins, R. (1984). Macrozoobentos y fauna íctica de las aguas limnéticas de Chiloé y Aysén continentales (Chile). Medio Ambiente, 7, 52–64.","-42.983333","-72.333333","1984","1984","Oncorhynchus mykiss (Walbaum, 1792)","río Vuelta y Vuelta","Aysén","","","","","","","","","","Oncorhynchus mykiss","SPECIES","Animalia","Chordata","Salmoniformes","Salmonidae","Oncorhynchus","Oncorhynchus mykiss"
"Boisjoly.Lit.Review.0025","Campos, H., Arenas, J., Jara, C., Gonser, T., & Prins, R. (1984). Macrozoobentos y fauna íctica de las aguas limnéticas de Chiloé y Aysén continentales (Chile). Medio Ambiente, 7, 52–64.","-45.166667","-72.133333","1984","1984","Salmo trutta Linnaeus, 1758","río Ñirehuao","Aysén","","","","","","","","","","Salmo trutta","SPECIES","Animalia","Chordata","Salmoniformes","Salmonidae","Salmo","Salmo trutta"
"Boisjoly.Lit.Review.0026","Cussac, V. E., Ortubay, S., Iglesias, G., Milano, D., Lattuca, M. E., Barriga, J. P., Battini, M., & Gross, M. (2004). The distribution of South American galaxiid fishes: The role of biological traits and post-glacial history. Journal of Biogeography, 31, 103–121.","-51.224588","-72.730358","1901","1901","Aplochiton taeniatus Jenyns, 1842","Lago Toro","","Smitt 1901 | Campos, 1969","","","","","","","","","Aplochiton taeniatus","SPECIES","Animalia","Chordata","Osmeriformes","Galaxiidae","Aplochiton","Aplochiton taeniatus"
"Boisjoly.Lit.Review.0027","Fernández, M. V., Lallement, M., Rechencq, M., Vigliano, P. H., Sosnovsky, A., & Macchi, P. J. (2018). Top predator fish assemblages in Northern Patagonia, Argentina. What factors regulate their patterns of distribution and abundance? Austral Ecology, 43(6), 651–662. https://doi.org/10.1111/aec.12610","-41.3561","-71.7332","","1997","Salvelinus fontinalis (Mitchill, 1814)","Lago Hess","","","","","","","","","","","Salvelinus fontinalis","SPECIES","Animalia","Chordata","Salmoniformes","Salmonidae","Salvelinus","Salvelinus fontinalis"
"Boisjoly.Lit.Review.0028","Fernández, M. V., Lallement, M., Rechencq, M., Vigliano, P. H., Sosnovsky, A., & Macchi, P. J. (2018). Top predator fish assemblages in Northern Patagonia, Argentina. What factors regulate their patterns of distribution and abundance? Austral Ecology, 43(6), 651–662. https://doi.org/10.1111/aec.12610","-41.26","-71.64","1997","1997","Oncorhynchus mykiss (Walbaum, 1792)","Lago Mascardi","","","","","GEMARI","","Gill net","","","","Oncorhynchus mykiss","SPECIES","Animalia","Chordata","Salmoniformes","Salmonidae","Oncorhynchus","Oncorhynchus mykiss"
"Boisjoly.Lit.Review.0029","Fernández, M. V., Lallement, M., Rechencq, M., Vigliano, P. H., Sosnovsky, A., & Macchi, P. J. (2018). Top predator fish assemblages in Northern Patagonia, Argentina. What factors regulate their patterns of distribution and abundance? Austral Ecology, 43(6), 651–662. https://doi.org/10.1111/aec.12610","-41.3721","-71.7753","1997","1997","Oncorhynchus mykiss (Walbaum, 1792)","Lago Roca","","","","","GEMARI","","Gill net","","","","Oncorhynchus mykiss","SPECIES","Animalia","Chordata","Salmoniformes","Salmonidae","Oncorhynchus","Oncorhynchus mykiss"
"Boisjoly.Lit.Review.0030","Fernández, M. V., Lallement, M., Rechencq, M., Vigliano, P. H., Sosnovsky, A., & Macchi, P. J. (2018). Top predator fish assemblages in Northern Patagonia, Argentina. What factors regulate their patterns of distribution and abundance? Austral Ecology, 43(6), 651–662. https://doi.org/10.1111/aec.12610","-41.3721","-71.7753","1997","1997","Salmo trutta Linnaeus, 1758","Lago Roca","","","","","GEMARI","","Gill net","","","","Salmo trutta","SPECIES","Animalia","Chordata","Salmoniformes","Salmonidae","Salmo","Salmo trutta"
"Boisjoly.Lit.Review.0031","Fernández, M. V., Lallement, M., Rechencq, M., Vigliano, P. H., Sosnovsky, A., & Macchi, P. J. (2018). Top predator fish assemblages in Northern Patagonia, Argentina. What factors regulate their patterns of distribution and abundance? Austral Ecology, 43(6), 651–662. https://doi.org/10.1111/aec.12610","-41.3721","-71.7753","1997","1997","Salvelinus fontinalis (Mitchill, 1814)","Lago Roca","","","","","GEMARI","","Gill net","","","","Salvelinus fontinalis","SPECIES","Animalia","Chordata","Salmoniformes","Salmonidae","Salvelinus","Salvelinus fontinalis"
"Boisjoly.Lit.Review.0032","Fernández, M. V., Lallement, M., Rechencq, M., Vigliano, P. H., Sosnovsky, A., & Macchi, P. J. (2018). Top predator fish assemblages in Northern Patagonia, Argentina. What factors regulate their patterns of distribution and abundance? Austral Ecology, 43(6), 651–662. https://doi.org/10.1111/aec.12610","-41.36903","-71.77735","","1997","Salvelinus fontinalis (Mitchill, 1814)","Lago Roca","","","","","","","","","","","Salvelinus fontinalis","SPECIES","Animalia","Chordata","Salmoniformes","Salmonidae","Salvelinus","Salvelinus fontinalis"
"Boisjoly.Lit.Review.0033","Günther, A. (1881). Account of the Zoological Collections made during the Survey of H.M.S. ‘Alert’ in the Straits of Magellan and on the Coast of Patagonia. Proceedings of the Zoological Society of London, 49(1), 2–141. https://doi.org/10.1111/j.1096-3642.1881.tb01270.x","-50.20025","-74.80827","1879","1879","Aplochiton zebra Jenyns, 1842","Tom Bay","","","","1917.7.14.4-5","NHMUK","","","","","","Aplochiton zebra","SPECIES","Animalia","Chordata","Osmeriformes","Galaxiidae","Aplochiton","Aplochiton zebra"
"Boisjoly.Lit.Review.0034","Jenyns, L. (1842). The Zoology of the Voyage of H.M.S. Beagle, Under the Command of Captain Fitzroy, R.N., During the Years 1832 to 1836. Part IV, Fish. Smith, Elder & Co.","-55.223545","-67.104515","1833","1833","Aplochiton taeniatus Jenyns, 1842","Goree Sound","","","","1879.8.20.15-16","NHMUK","","","","","","Aplochiton taeniatus","SPECIES","Animalia","Chordata","Osmeriformes","Galaxiidae","Aplochiton","Aplochiton taeniatus"
"Boisjoly.Lit.Review.0035","Milano, D., Ruzzante, D.E., Cussac, V.E., Macchi, P.J., Ferriz, R.A., Barriga, J.P., Aigo, J.D., Lattuca, M.E., & Walde, S.J. (2006). Latitudinal and ecological correlates of morphological variation in Galaxias platei (Pisces,","-54.63609464","-67.99142712","2001-01-09","2001","Salvelinus fontinalis (Mitchill, 1814)","","","","","","","","","16","","","Salvelinus fontinalis","SPECIES","Animalia","Chordata","Salmoniformes","Salmonidae","Salvelinus","Salvelinus fontinalis"
"Boisjoly.Lit.Review.0036","Milano, D., Ruzzante, D.E., Cussac, V.E., Macchi, P.J., Ferriz, R.A., Barriga, J.P., Aigo, J.D., Lattuca, M.E., & Walde, S.J. (2006). Latitudinal and ecological correlates of morphological variation in Galaxias platei (Pisces,","-54.65782571","-67.80403883","2001-01-10","2001","Salvelinus fontinalis (Mitchill, 1814)","","","","","","","","","19","","","Salvelinus fontinalis","SPECIES","Animalia","Chordata","Salmoniformes","Salmonidae","Salvelinus","Salvelinus fontinalis"
"Boisjoly.Lit.Review.0037","Nardi, C.F., Sánchez, J., Fernández, D.A., Casalinuovo, M.Á., Rojo, J.H., and Chalde, T. 2020. Detection of lamprey in Southernmost South America by environmental DNA (eDNA) and molecular evidence for a new species. Polar Biol 43(4): 369–383. doi:10.1007/s00300-020-02640-3.","-53.861667","-68.139722","2015-04","2015","Geotria macrostoma (Burmeister, 1868)","Menendez","","","(Riva-Rossi et al. 2020)","","","","","","Geotria australis","Larval/Juvenile","Geotria macrostoma","SPECIES","Animalia","Chordata","Petromyzontiformes","Geotriidae","Geotria","Geotria australis"
"Boisjoly.Lit.Review.0038","Nardi, C.F., Sánchez, J., Fernández, D.A., Casalinuovo, M.Á., Rojo, J.H., and Chalde, T. 2020. Detection of lamprey in Southernmost South America by environmental DNA (eDNA) and molecular evidence for a new species. Polar Biol 43(4): 369–383. doi:10.1007/s00300-020-02640-3.","-51.861944","-70.566389","2018-04","2018","Geotria macrostoma (Burmeister, 1868)","Gallegos Chico","","","(Riva-Rossi et al. 2020)","","","","","","Geotria australis","Adult","Geotria macrostoma","SPECIES","Animalia","Chordata","Petromyzontiformes","Geotriidae","Geotria","Geotria australis"
"Boisjoly.Lit.Review.0039","Nardi, C.F., Sánchez, J., Fernández, D.A., Casalinuovo, M.Á., Rojo, J.H., and Chalde, T. 2020. Detection of lamprey in Southernmost South America by environmental DNA (eDNA) and molecular evidence for a new species. Polar Biol 43(4): 369–383. doi:10.1007/s00300-020-02640-3.","-51.687778","-69.655556","2018-04","2018","Geotria macrostoma (Burmeister, 1868)","Gallegos3","","","(Riva-Rossi et al. 2020)","","","","","","Geotria australis","Larval","Geotria macrostoma","SPECIES","Animalia","Chordata","Petromyzontiformes","Geotriidae","Geotria","Geotria australis"
"Boisjoly.Lit.Review.0040","Nardi, C.F., Sánchez, J., Fernández, D.A., Casalinuovo, M.Á., Rojo, J.H., and Chalde, T. 2020. Detection of lamprey in Southernmost South America by environmental DNA (eDNA) and molecular evidence for a new species. Polar Biol 43(4): 369–383. doi:10.1007/s00300-020-02640-3.","-51.869444","-71.491944","2018-04","2018","Geotria macrostoma (Burmeister, 1868)","Gallegos_1","","","(Riva-Rossi et al. 2020)","","","","","","Geotria australis","Larval","Geotria macrostoma","SPECIES","Animalia","Chordata","Petromyzontiformes","Geotriidae","Geotria","Geotria australis"
"Boisjoly.Lit.Review.0041","Nardi, C.F., Sánchez, J., Fernández, D.A., Casalinuovo, M.Á., Rojo, J.H., and Chalde, T. 2020. Detection of lamprey in Southernmost South America by environmental DNA (eDNA) and molecular evidence for a new species. Polar Biol 43(4): 369–383. doi:10.1007/s00300-020-02640-3.","-51.893611","-71.597778","2018-04","2018","Geotria macrostoma (Burmeister, 1868)","Gallegos_2","","","(Riva-Rossi et al. 2020)","","","","","","Geotria australis","Larval","Geotria macrostoma","SPECIES","Animalia","Chordata","Petromyzontiformes","Geotriidae","Geotria","Geotria australis"
"Boisjoly.Lit.Review.0042","Nardi, C.F., Sánchez, J., Fernández, D.A., Casalinuovo, M.Á., Rojo, J.H., and Chalde, T. 2020. Detection of lamprey in Southernmost South America by environmental DNA (eDNA) and molecular evidence for a new species. Polar Biol 43(4): 369–383. doi:10.1007/s00300-020-02640-3.","-53.896944","-68.442778","2018-04","2018","Geotria macrostoma (Burmeister, 1868)","Grande_1","","","(Riva-Rossi et al. 2020)","","","","","","Geotria australis","Larval","Geotria macrostoma","SPECIES","Animalia","Chordata","Petromyzontiformes","Geotriidae","Geotria","Geotria australis"
"Boisjoly.Lit.Review.0043","Nardi, C.F., Sánchez, J., Fernández, D.A., Casalinuovo, M.Á., Rojo, J.H., and Chalde, T. 2020. Detection of lamprey in Southernmost South America by environmental DNA (eDNA) and molecular evidence for a new species. Polar Biol 43(4): 369–383. doi:10.1007/s00300-020-02640-3.","-53.8209","-67.8825","2018-04","2018","Geotria macrostoma (Burmeister, 1868)","Grande_2","","","(Riva-Rossi et al. 2020)","","","","","","Geotria australis","Juvenile","Geotria macrostoma","SPECIES","Animalia","Chordata","Petromyzontiformes","Geotriidae","Geotria","Geotria australis"
"Boisjoly.Lit.Review.0044","Nardi, C.F., Sánchez, J., Fernández, D.A., Casalinuovo, M.Á., Rojo, J.H., and Chalde, T. 2020. Detection of lamprey in Southernmost South America by environmental DNA (eDNA) and molecular evidence for a new species. Polar Biol 43(4): 369–383. doi:10.1007/s00300-020-02640-3.","-53.811667","-67.898889","2018-04","2018","Geotria macrostoma (Burmeister, 1868)","Grande_3","","","(Riva-Rossi et al. 2020)","","","","","","Geotria australis","Larval/Juvenile","Geotria macrostoma","SPECIES","Animalia","Chordata","Petromyzontiformes","Geotriidae","Geotria","Geotria australis"
"Boisjoly.Lit.Review.0045","Nardi, C.F., Sánchez, J., Fernández, D.A., Casalinuovo, M.Á., Rojo, J.H., and Chalde, T. 2020. Detection of lamprey in Southernmost South America by environmental DNA (eDNA) and molecular evidence for a new species. Polar Biol 43(4): 369–383. doi:10.1007/s00300-020-02640-3.","-51.919722","-71.495278","2018-04","2018","Geotria macrostoma (Burmeister, 1868)","Penitente","","","(Riva-Rossi et al. 2020)","","","","","","Geotria australis","Juvenile","Geotria macrostoma","SPECIES","Animalia","Chordata","Petromyzontiformes","Geotriidae","Geotria","Geotria australis"
"Boisjoly.Lit.Review.0046","Nardi, C.F., Sánchez, J., Fernández, D.A., Casalinuovo, M.Á., Rojo, J.H., and Chalde, T. 2020. Detection of lamprey in Southernmost South America by environmental DNA (eDNA) and molecular evidence for a new species. Polar Biol 43(4): 369–383. doi:10.1007/s00300-020-02640-3.","-51.900278","-71.604167","2018-04","2018","Geotria macrostoma (Burmeister, 1868)","Rubens","","","(Riva-Rossi et al. 2020)","","","","","","Geotria australis","Larval","Geotria macrostoma","SPECIES","Animalia","Chordata","Petromyzontiformes","Geotriidae","Geotria","Geotria australis"
"Boisjoly.Lit.Review.0047","Nardi, C.F., Sánchez, J., Fernández, D.A., Casalinuovo, M.Á., Rojo, J.H., and Chalde, T. 2020. Detection of lamprey in Southernmost South America by environmental DNA (eDNA) and molecular evidence for a new species. Polar Biol 43(4): 369–383. doi:10.1007/s00300-020-02640-3.","-53.819722","-67.882778","2019-01","2019","Geotria macrostoma (Burmeister, 1868)","Grande","","","(Riva-Rossi et al. 2020)","","","","","","Geotria australis","Juvenile","Geotria macrostoma","SPECIES","Animalia","Chordata","Petromyzontiformes","Geotriidae","Geotria","Geotria australis"
"Boisjoly.Lit.Review.0048","Nardi, C.F., Sánchez, J., Fernández, D.A., Casalinuovo, M.Á., Rojo, J.H., and Chalde, T. 2020. Detection of lamprey in Southernmost South America by environmental DNA (eDNA) and molecular evidence for a new species. Polar Biol 43(4): 369–383. doi:10.1007/s00300-020-02640-3.","-53.821111","-67.8825","2020-01","2020","Geotria macrostoma (Burmeister, 1868)","Grande","","","(Riva-Rossi et al. 2020)","","","","","","Geotria australis","Juvenile","Geotria macrostoma","SPECIES","Animalia","Chordata","Petromyzontiformes","Geotriidae","Geotria","Geotria australis"
"Boisjoly.Lit.Review.0049","Ortiz-Sandoval, J., Górski, K., Sobenes, C., González, J., Manosalva, A., Elgueta, A., & Habit, E. (2017). Invasive trout affect trophic ecology of Galaxias platei in Patagonian lakes. Hydrobiologia, 790(1), 201–212. https://doi.org/10.1007/s10750-016-3030-1","-41.983","-71.844","2007/2011","2007","Oncorhynchus mykiss (Walbaum, 1792)","Lago Azul, cuenca del río Puelo","","","","","","","","","","","Oncorhynchus mykiss","SPECIES","Animalia","Chordata","Salmoniformes","Salmonidae","Oncorhynchus","Oncorhynchus mykiss"
"Boisjoly.Lit.Review.0050","Ortiz-Sandoval, J., Górski, K., Sobenes, C., González, J., Manosalva, A., Elgueta, A., & Habit, E. (2017). Invasive trout affect trophic ecology of Galaxias platei in Patagonian lakes. Hydrobiologia, 790(1), 201–212. https://doi.org/10.1007/s10750-016-3030-1","-41.681","-72.32","2007/2011","2007","Oncorhynchus mykiss (Walbaum, 1792)","Lago Candelaria, cuenca del río Puelo","","","","","","","","","","","Oncorhynchus mykiss","SPECIES","Animalia","Chordata","Salmoniformes","Salmonidae","Oncorhynchus","Oncorhynchus mykiss"
"Boisjoly.Lit.Review.0051","Ortiz-Sandoval, J., Górski, K., Sobenes, C., González, J., Manosalva, A., Elgueta, A., & Habit, E. (2017). Invasive trout affect trophic ecology of Galaxias platei in Patagonian lakes. Hydrobiologia, 790(1), 201–212. https://doi.org/10.1007/s10750-016-3030-1","-41.681","-72.32","2007/2011","2007","Salmo trutta Linnaeus, 1758","Lago Candelaria, cuenca del río Puelo","","","","","","","","","","","Salmo trutta","SPECIES","Animalia","Chordata","Salmoniformes","Salmonidae","Salmo","Salmo trutta"
"Boisjoly.Lit.Review.0052","Ortiz-Sandoval, J., Górski, K., Sobenes, C., González, J., Manosalva, A., Elgueta, A., & Habit, E. (2017). Invasive trout affect trophic ecology of Galaxias platei in Patagonian lakes. Hydrobiologia, 790(1), 201–212. https://doi.org/10.1007/s10750-016-3030-1","-47.3212260002","-72.5953940003","2007/2011","2007","Oncorhynchus mykiss (Walbaum, 1792)","Lago Esmeralda, cuenca del río Baker","","","","","","","","","","","Oncorhynchus mykiss","SPECIES","Animalia","Chordata","Salmoniformes","Salmonidae","Oncorhynchus","Oncorhynchus mykiss"
"Boisjoly.Lit.Review.0053","Ortiz-Sandoval, J., Górski, K., Sobenes, C., González, J., Manosalva, A., Elgueta, A., & Habit, E. (2017). Invasive trout affect trophic ecology of Galaxias platei in Patagonian lakes. Hydrobiologia, 790(1), 201–212. https://doi.org/10.1007/s10750-016-3030-1","-42.0964019999","-71.7814599997","2007/2011","2007","Oncorhynchus mykiss (Walbaum, 1792)","Lago Inferior, cuenca del río Puelo","","","","","","","","","","","Oncorhynchus mykiss","SPECIES","Animalia","Chordata","Salmoniformes","Salmonidae","Oncorhynchus","Oncorhynchus mykiss"
"Boisjoly.Lit.Review.0054","Ortiz-Sandoval, J., Górski, K., Sobenes, C., González, J., Manosalva, A., Elgueta, A., & Habit, E. (2017). Invasive trout affect trophic ecology of Galaxias platei in Patagonian lakes. Hydrobiologia, 790(1), 201–212. https://doi.org/10.1007/s10750-016-3030-1","-42.0964019999","-71.7814599997","2007/2011","2007","Salmo trutta Linnaeus, 1758","Lago Inferior, cuenca del río Puelo","","","","","","","","","","","Salmo trutta","SPECIES","Animalia","Chordata","Salmoniformes","Salmonidae","Salmo","Salmo trutta"
"Boisjoly.Lit.Review.0055","Ortiz-Sandoval, J., Górski, K., Sobenes, C., González, J., Manosalva, A., Elgueta, A., & Habit, E. (2017). Invasive trout affect trophic ecology of Galaxias platei in Patagonian lakes. Hydrobiologia, 790(1), 201–212. https://doi.org/10.1007/s10750-016-3030-1","-46.838","-72.012","2007/2011","2007","Oncorhynchus mykiss (Walbaum, 1792)","Lago Jeinimeni, cuenca del río Baker","","","","","","","","","","","Oncorhynchus mykiss","SPECIES","Animalia","Chordata","Salmoniformes","Salmonidae","Oncorhynchus","Oncorhynchus mykiss"
"Boisjoly.Lit.Review.0056","Ortiz-Sandoval, J., Górski, K., Sobenes, C., González, J., Manosalva, A., Elgueta, A., & Habit, E. (2017). Invasive trout affect trophic ecology of Galaxias platei in Patagonian lakes. Hydrobiologia, 790(1), 201–212. https://doi.org/10.1007/s10750-016-3030-1","-46.838","-72.012","2007/2011","2007","Salmo trutta Linnaeus, 1758","Lago Jeinimeni, cuenca del río Baker","","","","","","","","","","","Salmo trutta","SPECIES","Animalia","Chordata","Salmoniformes","Salmonidae","Salmo","Salmo trutta"
"Boisjoly.Lit.Review.0057","Ortiz-Sandoval, J., Górski, K., Sobenes, C., González, J., Manosalva, A., Elgueta, A., & Habit, E. (2017). Invasive trout affect trophic ecology of Galaxias platei in Patagonian lakes. Hydrobiologia, 790(1), 201–212. https://doi.org/10.1007/s10750-016-3030-1","-45.904804","-72.098064","2007/2011","2007","Oncorhynchus mykiss (Walbaum, 1792)","Lago La Paloma, cuenca del río Aysén","","","","","","","","","","","Oncorhynchus mykiss","SPECIES","Animalia","Chordata","Salmoniformes","Salmonidae","Oncorhynchus","Oncorhynchus mykiss"
"Boisjoly.Lit.Review.0058","Ortiz-Sandoval, J., Górski, K., Sobenes, C., González, J., Manosalva, A., Elgueta, A., & Habit, E. (2017). Invasive trout affect trophic ecology of Galaxias platei in Patagonian lakes. Hydrobiologia, 790(1), 201–212. https://doi.org/10.1007/s10750-016-3030-1","-45.904804","-72.098064","2007/2011","2007","Salmo trutta Linnaeus, 1758","Lago La Paloma, cuenca del río Aysén","","","","","","","","","","","Salmo trutta","SPECIES","Animalia","Chordata","Salmoniformes","Salmonidae","Salmo","Salmo trutta"
"Boisjoly.Lit.Review.0059","Ortiz-Sandoval, J., Górski, K., Sobenes, C., González, J., Manosalva, A., Elgueta, A., & Habit, E. (2017). Invasive trout affect trophic ecology of Galaxias platei in Patagonian lakes. Hydrobiologia, 790(1), 201–212. https://doi.org/10.1007/s10750-016-3030-1","-42.0357230003","-71.8315429998","2007/2011","2007","Oncorhynchus mykiss (Walbaum, 1792)","Lago Las Rocas, cuenca del río Puelo","","","","","","","","","","","Oncorhynchus mykiss","SPECIES","Animalia","Chordata","Salmoniformes","Salmonidae","Oncorhynchus","Oncorhynchus mykiss"
"Boisjoly.Lit.Review.0060","Ortiz-Sandoval, J., Górski, K., Sobenes, C., González, J., Manosalva, A., Elgueta, A., & Habit, E. (2017). Invasive trout affect trophic ecology of Galaxias platei in Patagonian lakes. Hydrobiologia, 790(1), 201–212. https://doi.org/10.1007/s10750-016-3030-1","-44.7960699998","-72.2103320002","2007/2011","2007","Salmo trutta Linnaeus, 1758","Lago Las Torres, cuenca del río Cisnes","","","","","","","","","","","Salmo trutta","SPECIES","Animalia","Chordata","Salmoniformes","Salmonidae","Salmo","Salmo trutta"
"Boisjoly.Lit.Review.0061","Ortiz-Sandoval, J., Górski, K., Sobenes, C., González, J., Manosalva, A., Elgueta, A., & Habit, E. (2017). Invasive trout affect trophic ecology of Galaxias platei in Patagonian lakes. Hydrobiologia, 790(1), 201–212. https://doi.org/10.1007/s10750-016-3030-1","-51.3144859997","-72.8250620002","2007/2011","2007","Salmo trutta Linnaeus, 1758","Lago Porteño, cuenca del río Serrano","","","","","","","","","","","Salmo trutta","SPECIES","Animalia","Chordata","Salmoniformes","Salmonidae","Salmo","Salmo trutta"
"Boisjoly.Lit.Review.0062","Ortiz-Sandoval, J., Górski, K., Sobenes, C., González, J., Manosalva, A., Elgueta, A., & Habit, E. (2017). Invasive trout affect trophic ecology of Galaxias platei in Patagonian lakes. Hydrobiologia, 790(1), 201–212. https://doi.org/10.1007/s10750-016-3030-1","-45.4873611112","-72.6932777784","2007/2011","2007","Salmo trutta Linnaeus, 1758","Lago Riesco, cuenca del río Aysén","","","","","","","","","","","Salmo trutta","SPECIES","Animalia","Chordata","Salmoniformes","Salmonidae","Salmo","Salmo trutta"
"Boisjoly.Lit.Review.0063","Ortiz-Sandoval, J., Górski, K., Sobenes, C., González, J., Manosalva, A., Elgueta, A., & Habit, E. (2017). Invasive trout affect trophic ecology of Galaxias platei in Patagonian lakes. Hydrobiologia, 790(1), 201–212. https://doi.org/10.1007/s10750-016-3030-1","-44.2531199996","-72.5115540002","2007/2011","2007","Salmo trutta Linnaeus, 1758","Lago Risopatron, cuenca del río Palena","","","","","","","","","","","Salmo trutta","SPECIES","Animalia","Chordata","Salmoniformes","Salmonidae","Salmo","Salmo trutta"
"Boisjoly.Lit.Review.0064","Ortiz-Sandoval, J., Górski, K., Sobenes, C., González, J., Manosalva, A., Elgueta, A., & Habit, E. (2017). Invasive trout affect trophic ecology of Galaxias platei in Patagonian lakes. Hydrobiologia, 790(1), 201–212. https://doi.org/10.1007/s10750-016-3030-1","-51.051493","-72.8749830001","2007/2011","2007","Salmo trutta Linnaeus, 1758","Lago Sarmiento, cuenca del río Serrano","","","","","","","","","","","Salmo trutta","SPECIES","Animalia","Chordata","Salmoniformes","Salmonidae","Salmo","Salmo trutta"
"Boisjoly.Lit.Review.0065","Ortiz-Sandoval, J., Górski, K., Sobenes, C., González, J., Manosalva, A., Elgueta, A., & Habit, E. (2017). Invasive trout affect trophic ecology of Galaxias platei in Patagonian lakes. Hydrobiologia, 790(1), 201–212. https://doi.org/10.1007/s10750-016-3030-1","-51.2378459998","-72.6795190001","2007/2011","2007","Oncorhynchus mykiss (Walbaum, 1792)","Lago Toro, cuenca del río Serrano","","","","","","","","","","","Oncorhynchus mykiss","SPECIES","Animalia","Chordata","Salmoniformes","Salmonidae","Oncorhynchus","Oncorhynchus mykiss"
"Boisjoly.Lit.Review.0066","Ortiz-Sandoval, J., Górski, K., Sobenes, C., González, J., Manosalva, A., Elgueta, A., & Habit, E. (2017). Invasive trout affect trophic ecology of Galaxias platei in Patagonian lakes. Hydrobiologia, 790(1), 201–212. https://doi.org/10.1007/s10750-016-3030-1","-51.2378459998","-72.6795190001","2007/2011","2007","Salmo trutta Linnaeus, 1758","Lago Toro, cuenca del río Serrano","","","","","","","","","","","Salmo trutta","SPECIES","Animalia","Chordata","Salmoniformes","Salmonidae","Salmo","Salmo trutta"
"Boisjoly.Lit.Review.0067","Schaefer, E. 1954. Origen de las especies salmonideas en lo ríos magallanicos. Punta Arenas, Chile.","-52.563728","-71.677292","1954","1954","Oncorhynchus mykiss (Walbaum, 1792)","Chorillo El Salto","","","","","","","","","","","Oncorhynchus mykiss","SPECIES","Animalia","Chordata","Salmoniformes","Salmonidae","Oncorhynchus","Oncorhynchus mykiss"
"Boisjoly.Lit.Review.0068","Schaefer, E. 1954. Origen de las especies salmonideas en lo ríos magallanicos. Punta Arenas, Chile.","-53.110192","-70.88462","1954","1954","Salmo trutta Linnaeus, 1758","Chorillo Tres Puentes o Estero Bitsch","","","","","","","","","","","Salmo trutta","SPECIES","Animalia","Chordata","Salmoniformes","Salmonidae","Salmo","Salmo trutta"
"Boisjoly.Lit.Review.0069","Schaefer, E. 1954. Origen de las especies salmonideas en lo ríos magallanicos. Punta Arenas, Chile.","-53.037487","-70.905702","1954","1954","Oncorhynchus mykiss (Walbaum, 1792)","Estero Chabunco","","","","","","","","","","","Oncorhynchus mykiss","SPECIES","Animalia","Chordata","Salmoniformes","Salmonidae","Oncorhynchus","Oncorhynchus mykiss"
"Boisjoly.Lit.Review.0070","Schaefer, E. 1954. Origen de las especies salmonideas en lo ríos magallanicos. Punta Arenas, Chile.","-53.037487","-70.905702","1954","1954","Salmo trutta Linnaeus, 1758","Estero Chabunco","","","","","","","","","","","Salmo trutta","SPECIES","Animalia","Chordata","Salmoniformes","Salmonidae","Salmo","Salmo trutta"
"Boisjoly.Lit.Review.0071","Schaefer, E. 1954. Origen de las especies salmonideas en lo ríos magallanicos. Punta Arenas, Chile.","-51.313413","-72.752204","1954","1954","Salmo trutta Linnaeus, 1758","Lago Maravilla","","","","","","","","","","","Salmo trutta","SPECIES","Animalia","Chordata","Salmoniformes","Salmonidae","Salmo","Salmo trutta"
"Boisjoly.Lit.Review.0072","Schaefer, E. 1954. Origen de las especies salmonideas en lo ríos magallanicos. Punta Arenas, Chile.","-51.232116","-72.746684","1954","1954","Salmo trutta Linnaeus, 1758","Lago Toro","","","","","","","","","","","Salmo trutta","SPECIES","Animalia","Chordata","Salmoniformes","Salmonidae","Salmo","Salmo trutta"
"Boisjoly.Lit.Review.0073","Schaefer, E. 1954. Origen de las especies salmonideas en lo ríos magallanicos. Punta Arenas, Chile.","-53.402689","-70.990046","1954","1954","Oncorhynchus mykiss (Walbaum, 1792)","Rio Agua Fresca","","","","","","","","","","","Oncorhynchus mykiss","SPECIES","Animalia","Chordata","Salmoniformes","Salmonidae","Oncorhynchus","Oncorhynchus mykiss"
"Boisjoly.Lit.Review.0074","Schaefer, E. 1954. Origen de las especies salmonideas en lo ríos magallanicos. Punta Arenas, Chile.","-53.402689","-70.990046","1954","1954","Salmo trutta Linnaeus, 1758","Rio Agua Fresca","","","","","","","","","","","Salmo trutta","SPECIES","Animalia","Chordata","Salmoniformes","Salmonidae","Salmo","Salmo trutta"
"Boisjoly.Lit.Review.0075","Schaefer, E. 1954. Origen de las especies salmonideas en lo ríos magallanicos. Punta Arenas, Chile.","-53.231819","-70.942042","1954","1954","Salmo trutta Linnaeus, 1758","Rio Leña Dura","","","","","","","","","","","Salmo trutta","SPECIES","Animalia","Chordata","Salmoniformes","Salmonidae","Salmo","Salmo trutta"
"Boisjoly.Lit.Review.0076","Schaefer, E. 1954. Origen de las especies salmonideas en lo ríos magallanicos. Punta Arenas, Chile.","-52.815589","-69.775974","1954","1954","Salmo trutta Linnaeus, 1758","Rio Oscar","","","","","","","","","","","Salmo trutta","SPECIES","Animalia","Chordata","Salmoniformes","Salmonidae","Salmo","Salmo trutta"
"Boisjoly.Lit.Review.0077","Schaefer, E. 1954. Origen de las especies salmonideas en lo ríos magallanicos. Punta Arenas, Chile.","-51.902601","-71.593297","1954","1954","Salmo trutta Linnaeus, 1758","Rio Penitente","","","","","","","","","","","Salmo trutta","SPECIES","Animalia","Chordata","Salmoniformes","Salmonidae","Salmo","Salmo trutta"
"Boisjoly.Lit.Review.0078","Schaefer, E. 1954. Origen de las especies salmonideas en lo ríos magallanicos. Punta Arenas, Chile.","-51.899133","-71.596957","1954","1954","Salmo trutta Linnaeus, 1758","Rio Rubens","","","","","","","","","","","Salmo trutta","SPECIES","Animalia","Chordata","Salmoniformes","Salmonidae","Salmo","Salmo trutta"
"Boisjoly.Lit.Review.0079","Schaefer, E. 1954. Origen de las especies salmonideas en lo ríos magallanicos. Punta Arenas, Chile.","-53.643374","-70.954493","1954","1954","Salmo trutta Linnaeus, 1758","Rio San Juan","","","","","","","","","","","Salmo trutta","SPECIES","Animalia","Chordata","Salmoniformes","Salmonidae","Salmo","Salmo trutta"
"Boisjoly.Lit.Review.0080","Schaefer, E. 1954. Origen de las especies salmonideas en lo ríos magallanicos. Punta Arenas, Chile.","-52.649134","-70.334449","1954","1954","Oncorhynchus mykiss (Walbaum, 1792)","Rio Susana","","","","","","","","","","","Oncorhynchus mykiss","SPECIES","Animalia","Chordata","Salmoniformes","Salmonidae","Oncorhynchus","Oncorhynchus mykiss"
"Boisjoly.Lit.Review.0081","Schaefer, E. 1954. Origen de las especies salmonideas en lo ríos magallanicos. Punta Arenas, Chile.","-52.649134","-70.334449","1954","1954","Salmo trutta Linnaeus, 1758","Rio Susana","","","","","","","","","","","Salmo trutta","SPECIES","Animalia","Chordata","Salmoniformes","Salmonidae","Salmo","Salmo trutta"
"Boisjoly.Lit.Review.0082","Schaefer, E. 1954. Origen de las especies salmonideas en lo ríos magallanicos. Punta Arenas, Chile.","-53.272676","-70.945","1954","1954","Oncorhynchus mykiss (Walbaum, 1792)","Rio Tres Brazos","","","","","","","","","","","Oncorhynchus mykiss","SPECIES","Animalia","Chordata","Salmoniformes","Salmonidae","Oncorhynchus","Oncorhynchus mykiss"
"Boisjoly.Lit.Review.0083","Schaefer, E. 1954. Origen de las especies salmonideas en lo ríos magallanicos. Punta Arenas, Chile.","-53.272676","-70.945","1954","1954","Salmo trutta Linnaeus, 1758","Rio Tres Brazos","","","","","","","","","","","Salmo trutta","SPECIES","Animalia","Chordata","Salmoniformes","Salmonidae","Salmo","Salmo trutta"
"Boisjoly.Lit.Review.0084","Schaefer, E. 1954. Origen de las especies salmonideas en lo ríos magallanicos. Punta Arenas, Chile.","-53.202709","-70.937653","1954","1954","Salmo trutta Linnaeus, 1758","Rio de los Ciervos","","","","","","","","","","","Salmo trutta","SPECIES","Animalia","Chordata","Salmoniformes","Salmonidae","Salmo","Salmo trutta"
"Boisjoly.Lit.Review.0085","Schaefer, E. 1954. Origen de las especies salmonideas en lo ríos magallanicos. Punta Arenas, Chile.","-52.608351","-71.508937","1954","1954","Oncorhynchus mykiss (Walbaum, 1792)","Seno Skyring, ríos y chorillos que desembocan en el Seno Skyring","","","","","","","","","","","Oncorhynchus mykiss","SPECIES","Animalia","Chordata","Salmoniformes","Salmonidae","Oncorhynchus","Oncorhynchus mykiss"
"Boisjoly.Lit.Review.0086","Sieldfeld K., W. 1976. Presencia de Exomegas macrostomus (Burmeister) (Myxini: Petromyzonidae) en aguas magallánicas. Anales del Instituto de la Patagonia Vol. 7(1–2): 211–213. ","-53.641913","-70.957739","1976-12-08","1976","Geotria macrostoma (Burmeister, 1868)","Río San Juan","","","(Riva-Rossi et al. 2020)","","","","","","Exomegas macrostomus","","Geotria macrostoma","SPECIES","Animalia","Chordata","Petromyzontiformes","Geotriidae","Geotria","Geotria australis"
"Boisjoly.Lit.Review.0087","Unmack, P. J., Barriga, J. P., Battini, M. A., Habit, E. M., & Johnson, J. B. (2012). Phylogeography of the catfish Hatcheria macraei reveals a negligible role of drainage divides in structuring populations. Molecular Ecology, 21(4), 942–959. https://doi.org/10.1111/j.1365-294X.2011.05408.x","-43.50055556","-71.34694444","2007","2007","Hatcheria macraei (Girard, 1855)","Arroyo Cabeza de Vaca","","","","","","Barriga JP & Battini MA","Pesca electrica","","","","Hatcheria macraei","SPECIES","Animalia","Chordata","Siluriformes","Trichomycteridae","Hatcheria","Hatcheria macraei"
"Boisjoly.Lit.Review.0088","Unmack, P. J., Barriga, J. P., Battini, M. A., Habit, E. M., & Johnson, J. B. (2012). Phylogeography of the catfish Hatcheria macraei reveals a negligible role of drainage divides in structuring populations. Molecular Ecology, 21(4), 942–959. https://doi.org/10.1111/j.1365-294X.2011.05408.x","-43.1300556","-71.44025","2007","2007","Hatcheria macraei (Girard, 1855)","Arroyo Corintos","","","","","","Barriga JP & Battini MA","Pesca electrica","","","","Hatcheria macraei","SPECIES","Animalia","Chordata","Siluriformes","Trichomycteridae","Hatcheria","Hatcheria macraei"
"Boisjoly.Lit.Review.0089","Unmack, P. J., Barriga, J. P., Battini, M. A., Habit, E. M., & Johnson, J. B. (2012). Phylogeography of the catfish Hatcheria macraei reveals a negligible role of drainage divides in structuring populations. Molecular Ecology, 21(4), 942–959. https://doi.org/10.1111/j.1365-294X.2011.05408.x","-43.3096111","-71.44275","2007","2007","Hatcheria macraei (Girard, 1855)","Arroyo Frio","","","","","","Barriga JP & Battini MA","Pesca electrica","","","","Hatcheria macraei","SPECIES","Animalia","Chordata","Siluriformes","Trichomycteridae","Hatcheria","Hatcheria macraei"
"Boisjoly.Lit.Review.0090","Unmack, P. J., Barriga, J. P., Battini, M. A., Habit, E. M., & Johnson, J. B. (2012). Phylogeography of the catfish Hatcheria macraei reveals a negligible role of drainage divides in structuring populations. Molecular Ecology, 21(4), 942–959. https://doi.org/10.1111/j.1365-294X.2011.05408.x","-42.46276","-71.60776","2007","2007","Hatcheria macraei (Girard, 1855)","Lago Cholila","","","","","","Barriga JP & Battini MA","Pesca electrica","","","","Hatcheria macraei","SPECIES","Animalia","Chordata","Siluriformes","Trichomycteridae","Hatcheria","Hatcheria macraei"
"Boisjoly.Lit.Review.0091","Unmack, P. J., Barriga, J. P., Battini, M. A., Habit, E. M., & Johnson, J. B. (2012). Phylogeography of the catfish Hatcheria macraei reveals a negligible role of drainage divides in structuring populations. Molecular Ecology, 21(4), 942–959. https://doi.org/10.1111/j.1365-294X.2011.05408.x","-43.22277778","-71.42138889","2007","2007","Hatcheria macraei (Girard, 1855)","Rio Nant y Fall","","","","","","Barriga JP & Battini MA","Pesca electrica","","","","Hatcheria macraei","SPECIES","Animalia","Chordata","Siluriformes","Trichomycteridae","Hatcheria","Hatcheria macraei"
"Boisjoly.Lit.Review.0092","Unmack, P. J., Barriga, J. P., Battini, M. A., Habit, E. M., & Johnson, J. B. (2012). Phylogeography of the catfish Hatcheria macraei reveals a negligible role of drainage divides in structuring populations. Molecular Ecology, 21(4), 942–959. https://doi.org/10.1111/j.1365-294X.2011.05408.x","-47.5769426","-71.3808446","2007","2007","Hatcheria macraei (Girard, 1855)","Río Blanco","","","","","","Barriga JP & Battini MA","Pesca electrica","","","","Hatcheria macraei","SPECIES","Animalia","Chordata","Siluriformes","Trichomycteridae","Hatcheria","Hatcheria macraei"
"Boisjoly.Lit.Review.0093","Unmack, P. J., Barriga, J. P., Battini, M. A., Habit, E. M., & Johnson, J. B. (2012). Phylogeography of the catfish Hatcheria macraei reveals a negligible role of drainage divides in structuring populations. Molecular Ecology, 21(4), 942–959. https://doi.org/10.1111/j.1365-294X.2011.05408.x","-42.0751389","-71.51769444","2007","2007","Hatcheria macraei (Girard, 1855)","Río Epuyén","","","","","","Barriga JP & Battini MA","Pesca electrica","","","","Hatcheria macraei","SPECIES","Animalia","Chordata","Siluriformes","Trichomycteridae","Hatcheria","Hatcheria macraei"
"Boisjoly.Lit.Review.0094","Unmack, P. J., Barriga, J. P., Battini, M. A., Habit, E. M., & Johnson, J. B. (2012). Phylogeography of the catfish Hatcheria macraei reveals a negligible role of drainage divides in structuring populations. Molecular Ecology, 21(4), 942–959. https://doi.org/10.1111/j.1365-294X.2011.05408.x","-41.5953889","-71.58094444","2007","2007","Hatcheria macraei (Girard, 1855)","Río Manso inferior","","","","","","Barriga JP & Battini MA","Pesca electrica","","","","Hatcheria macraei","SPECIES","Animalia","Chordata","Siluriformes","Trichomycteridae","Hatcheria","Hatcheria macraei"
"Boisjoly.Lit.Review.0095","Veyñ, M., Higueras, L., Nardi, C., Habit, E., and Chalde, T. 2025. New insights into Aplochiton species at its southernmost distribution. Rev Fish Biol Fisheries 36(1): 18. doi:10.1007/s11160-025-10025-0.","-54.604806","-67.985471","2014/2025","2014","Aplochiton zebra Jenyns, 1842","Rio Bombilla","","","","","","","Pesca electrica","5","","","Aplochiton zebra","SPECIES","Animalia","Chordata","Osmeriformes","Galaxiidae","Aplochiton","Aplochiton zebra"
"Boisjoly.Lit.Review.0096","Veyñ, M., Higueras, L., Nardi, C., Habit, E., and Chalde, T. 2025. New insights into Aplochiton species at its southernmost distribution. Rev Fish Biol Fisheries 36(1): 18. doi:10.1007/s11160-025-10025-0.","-54.603813","-67.380727","2014/2025","2014","Aplochiton zebra Jenyns, 1842","Rio Cafe","","","","","","","Pesca electrica","1","","","Aplochiton zebra","SPECIES","Animalia","Chordata","Osmeriformes","Galaxiidae","Aplochiton","Aplochiton zebra"
"Boisjoly.Lit.Review.0097","Veyñ, M., Higueras, L., Nardi, C., Habit, E., and Chalde, T. 2025. New insights into Aplochiton species at its southernmost distribution. Rev Fish Biol Fisheries 36(1): 18. doi:10.1007/s11160-025-10025-0.","-54.58803","-67.35465","2014/2025","2014","Aplochiton zebra Jenyns, 1842","Rio Guanaco","","","","","","","Pesca electrica","7","","","Aplochiton zebra","SPECIES","Animalia","Chordata","Osmeriformes","Galaxiidae","Aplochiton","Aplochiton zebra"
"Boisjoly.Lit.Review.0098","Veyñ, M., Higueras, L., Nardi, C., Habit, E., and Chalde, T. 2025. New insights into Aplochiton species at its southernmost distribution. Rev Fish Biol Fisheries 36(1): 18. doi:10.1007/s11160-025-10025-0.","-54.799153","-68.226658","2014/2025","2014","Aplochiton taeniatus Jenyns, 1842","Rio Olivia","","","","","","","Pesca electrica","1","","","Aplochiton taeniatus","SPECIES","Animalia","Chordata","Osmeriformes","Galaxiidae","Aplochiton","Aplochiton taeniatus"
"Boisjoly.Lit.Review.0099","Veyñ, M., Higueras, L., Nardi, C., Habit, E., and Chalde, T. 2025. New insights into Aplochiton species at its southernmost distribution. Rev Fish Biol Fisheries 36(1): 18. doi:10.1007/s11160-025-10025-0.","-54.600103","-68.023924","2014/2025","2014","Aplochiton zebra Jenyns, 1842","Rio Palacios","","","","","","","Pesca electrica","1","","","Aplochiton zebra","SPECIES","Animalia","Chordata","Osmeriformes","Galaxiidae","Aplochiton","Aplochiton zebra"
"Boisjoly.Lit.Review.0100","Veyñ, M., Higueras, L., Nardi, C., Habit, E., and Chalde, T. 2025. New insights into Aplochiton species at its southernmost distribution. Rev Fish Biol Fisheries 36(1): 18. doi:10.1007/s11160-025-10025-0.","-54.60107","-67.882734","2014/2025","2014","Aplochiton zebra Jenyns, 1842","Rio Subiabre","","","","","","","Pesca electrica","7","","","Aplochiton zebra","SPECIES","Animalia","Chordata","Osmeriformes","Galaxiidae","Aplochiton","Aplochiton zebra"
"Boisjoly.Lit.Review.0101","Veyñ, M., Higueras, L., Nardi, C., Habit, E., and Chalde, T. 2025. New insights into Aplochiton species at its southernmost distribution. Rev Fish Biol Fisheries 36(1): 18. doi:10.1007/s11160-025-10025-0.","-54.602898","-67.459227","2014/2025","2014","Aplochiton zebra Jenyns, 1842","Rio Tuerto","","","","","","","Pesca electrica","2","","","Aplochiton zebra","SPECIES","Animalia","Chordata","Osmeriformes","Galaxiidae","Aplochiton","Aplochiton zebra"
"Boisjoly.Lit.Review.0102","Veyñ, M., Higueras, L., Nardi, C., Habit, E., and Chalde, T. 2025. New insights into Aplochiton species at its southernmost distribution. Rev Fish Biol Fisheries 36(1): 18. doi:10.1007/s11160-025-10025-0.","-54.543236","-67.2032","2014/2025","2014","Aplochiton zebra Jenyns, 1842","Rio Turbio","","","","","","","Pesca electrica","4","","","Aplochiton zebra","SPECIES","Animalia","Chordata","Osmeriformes","Galaxiidae","Aplochiton","Aplochiton zebra"
"Boisjoly.Lit.Review.0103","Veyñ, M., Higueras, L., Nardi, C., Habit, E., and Chalde, T. 2025. New insights into Aplochiton species at its southernmost distribution. Rev Fish Biol Fisheries 36(1): 18. doi:10.1007/s11160-025-10025-0.","-54.585002","-67.33146","2014/2025","2014","Aplochiton zebra Jenyns, 1842","Rio Valdez","","","","","","","Pesca electrica","10","","","Aplochiton zebra","SPECIES","Animalia","Chordata","Osmeriformes","Galaxiidae","Aplochiton","Aplochiton zebra"
"Boisjoly.Lit.Review.0104","Zama, A., & Cárdenas, E. (1984). Introduction into Aysén Chile of the pacific salmon. N°9 Descriptive catalogue of marine and freshwater fishes from the Aysén region, southern Chile, with zoogeographical notes on fish fauna. Servicio Nacional de Pesca - Japanese International Cooperation Agency.","-45.45417","-72.80285","","","Galaxias maculatus (Jenyns, 1842)","Ensenada Baja","","Rueda 1982","","","","","","","","","Galaxias maculatus","SPECIES","Animalia","Chordata","Osmeriformes","Galaxiidae","Galaxias","Galaxias maculatus"
"Boisjoly.Lit.Review.0105","Zama, A., & Cárdenas, E. (1984). Introduction into Aysén Chile of the pacific salmon. N°9 Descriptive catalogue of marine and freshwater fishes from the Aysén region, southern Chile, with zoogeographical notes on fish fauna. Servicio Nacional de Pesca - Japanese International Cooperation Agency.","-45.433417","-72.958959","","","Eleginops maclovinus (Cuvier, 1830)","Fiordo Aysén","","","","","","","","","","","Eleginops maclovinus","SPECIES","Animalia","Chordata","Perciformes","Eleginopsidae","Eleginops","Eleginops maclovinus"
"Boisjoly.Lit.Review.0106","Zama, A., & Cárdenas, E. (1984). Introduction into Aysén Chile of the pacific salmon. N°9 Descriptive catalogue of marine and freshwater fishes from the Aysén region, southern Chile, with zoogeographical notes on fish fauna. Servicio Nacional de Pesca - Japanese International Cooperation Agency.","-45.433417","-72.958959","","","Oncorhynchus mykiss (Walbaum, 1792)","Fiordo Aysén","","","","","","","","","","","Oncorhynchus mykiss","SPECIES","Animalia","Chordata","Salmoniformes","Salmonidae","Oncorhynchus","Oncorhynchus mykiss"
"Boisjoly.Lit.Review.0107","Zama, A., & Cárdenas, E. (1984). Introduction into Aysén Chile of the pacific salmon. N°9 Descriptive catalogue of marine and freshwater fishes from the Aysén region, southern Chile, with zoogeographical notes on fish fauna. Servicio Nacional de Pesca - Japanese International Cooperation Agency.","-45.433417","-72.958959","","","Salmo trutta Linnaeus, 1758","Fiordo Aysén","","","","","","","","","","","Salmo trutta","SPECIES","Animalia","Chordata","Salmoniformes","Salmonidae","Salmo","Salmo trutta"
"Boisjoly.Lit.Review.0108","Zama, A., & Cárdenas, E. (1984). Introduction into Aysén Chile of the pacific salmon. N°9 Descriptive catalogue of marine and freshwater fishes from the Aysén region, southern Chile, with zoogeographical notes on fish fauna. Servicio Nacional de Pesca - Japanese International Cooperation Agency.","-45.9666666667","-73.75","","","Eleginops maclovinus (Cuvier, 1830)","Isla Huemules","","Navarro y Pequeño 1979","","","","","","","","","Eleginops maclovinus","SPECIES","Animalia","Chordata","Perciformes","Eleginopsidae","Eleginops","Eleginops maclovinus"
"Boisjoly.Lit.Review.0109","Zama, A., & Cárdenas, E. (1984). Introduction into Aysén Chile of the pacific salmon. N°9 Descriptive catalogue of marine and freshwater fishes from the Aysén region, southern Chile, with zoogeographical notes on fish fauna. Servicio Nacional de Pesca - Japanese International Cooperation Agency.","-45.9666666667","-73.75","","","Galaxias maculatus (Jenyns, 1842)","Isla Huemules","","Navarro y Pequeño 1979","","","","","","","","","Galaxias maculatus","SPECIES","Animalia","Chordata","Osmeriformes","Galaxiidae","Galaxias","Galaxias maculatus"
"Boisjoly.Lit.Review.0110","Zama, A., & Cárdenas, E. (1984). Introduction into Aysén Chile of the pacific salmon. N°9 Descriptive catalogue of marine and freshwater fishes from the Aysén region, southern Chile, with zoogeographical notes on fish fauna. Servicio Nacional de Pesca - Japanese International Cooperation Agency.","-49.5333333329","-74.5000000003","","","Aplochiton marinus Eigenmann, 1928","Isla Wellington","","Hokkaido University, Japan and Instituto de la Patagonia, Punta Arenas","","","","","","","","","Aplochiton marinus","SPECIES","Animalia","Chordata","Osmeriformes","Galaxiidae","Aplochiton","Aplochiton marinus"
"Boisjoly.Lit.Review.0111","Zama, A., & Cárdenas, E. (1984). Introduction into Aysén Chile of the pacific salmon. N°9 Descriptive catalogue of marine and freshwater fishes from the Aysén region, southern Chile, with zoogeographical notes on fish fauna. Servicio Nacional de Pesca - Japanese International Cooperation Agency.","-45.66398","-71.94613","","","Oncorhynchus mykiss (Walbaum, 1792)","Lago Frío","","","","","","","","","","","Oncorhynchus mykiss","SPECIES","Animalia","Chordata","Salmoniformes","Salmonidae","Oncorhynchus","Oncorhynchus mykiss"
"Boisjoly.Lit.Review.0112","Zama, A., & Cárdenas, E. (1984). Introduction into Aysén Chile of the pacific salmon. N°9 Descriptive catalogue of marine and freshwater fishes from the Aysén region, southern Chile, with zoogeographical notes on fish fauna. Servicio Nacional de Pesca - Japanese International Cooperation Agency.","-46.65","-73.883333","","","Eleginops maclovinus (Cuvier, 1830)","Laguna San Rafael","","","","","","","","","","","Eleginops maclovinus","SPECIES","Animalia","Chordata","Perciformes","Eleginopsidae","Eleginops","Eleginops maclovinus"
"Boisjoly.Lit.Review.0113","Zama, A., & Cárdenas, E. (1984). Introduction into Aysén Chile of the pacific salmon. N°9 Descriptive catalogue of marine and freshwater fishes from the Aysén region, southern Chile, with zoogeographical notes on fish fauna. Servicio Nacional de Pesca - Japanese International Cooperation Agency.","-44.5","-73.4999999996","","","Eleginops maclovinus (Cuvier, 1830)","Moraleda Channel","","Rueda 1982","","","","","","","","","Eleginops maclovinus","SPECIES","Animalia","Chordata","Perciformes","Eleginopsidae","Eleginops","Eleginops maclovinus"
"Boisjoly.Lit.Review.0114","Zama, A., & Cárdenas, E. (1984). Introduction into Aysén Chile of the pacific salmon. N°9 Descriptive catalogue of marine and freshwater fishes from the Aysén region, southern Chile, with zoogeographical notes on fish fauna. Servicio Nacional de Pesca - Japanese International Cooperation Agency.","-45.416667","-72.7","","","Geotria australis Gray, 1851","Puerto Aysén","","","","","","","","","","","Geotria australis","SPECIES","Animalia","Chordata","Petromyzontiformes","Geotriidae","Geotria","Geotria australis"
"Boisjoly.Lit.Review.0115","Zama, A., & Cárdenas, E. (1984). Introduction into Aysén Chile of the pacific salmon. N°9 Descriptive catalogue of marine and freshwater fishes from the Aysén region, southern Chile, with zoogeographical notes on fish fauna. Servicio Nacional de Pesca - Japanese International Cooperation Agency.","-45.24658","-73.24177","","","Oncorhynchus mykiss (Walbaum, 1792)","Puerto Pérez","","","","","","","","","","","Oncorhynchus mykiss","SPECIES","Animalia","Chordata","Salmoniformes","Salmonidae","Oncorhynchus","Oncorhynchus mykiss"
"Boisjoly.Lit.Review.0116","Zama, A., & Cárdenas, E. (1984). Introduction into Aysén Chile of the pacific salmon. N°9 Descriptive catalogue of marine and freshwater fishes from the Aysén region, southern Chile, with zoogeographical notes on fish fauna. Servicio Nacional de Pesca - Japanese International Cooperation Agency.","-45.54818","-72.06869","","","Oncorhynchus mykiss (Walbaum, 1792)","Simpson River","","","","","","","","","","","Oncorhynchus mykiss","SPECIES","Animalia","Chordata","Salmoniformes","Salmonidae","Oncorhynchus","Oncorhynchus mykiss"
"Boisjoly.Lit.Review.0117","Zama, A., & Cárdenas, E. (1984). Introduction into Aysén Chile of the pacific salmon. N°9 Descriptive catalogue of marine and freshwater fishes from the Aysén region, southern Chile, with zoogeographical notes on fish fauna. Servicio Nacional de Pesca - Japanese International Cooperation Agency.","-46.8333333329","-75.2999999996","1888","1888","Aplochiton zebra Jenyns, 1842","Port Otway","","Thompson 1916","","USNM 77287","USNM","","","","","","Aplochiton zebra","SPECIES","Animalia","Chordata","Osmeriformes","Galaxiidae","Aplochiton","Aplochiton zebra"
"Boisjoly.Lit.Review.0118","Zama, A., & Cárdenas, E. (1984). Introduction into Aysén Chile of the pacific salmon. N°9 Descriptive catalogue of marine and freshwater fishes from the Aysén region, southern Chile, with zoogeographical notes on fish fauna. Servicio Nacional de Pesca - Japanese International Cooperation Agency.","-46.8333333329","-75.2999999996","1888","1888","Galaxias maculatus (Jenyns, 1842)","Port Otway","","Thompson 1916","","USNM 77367","USNM","","","","","","Galaxias maculatus","SPECIES","Animalia","Chordata","Osmeriformes","Galaxiidae","Galaxias","Galaxias maculatus"
"Boisjoly.Lit.Review.0119","Zama, A., & Cárdenas, E. (1984). Introduction into Aysén Chile of the pacific salmon. N°9 Descriptive catalogue of marine and freshwater fishes from the Aysén region, southern Chile, with zoogeographical notes on fish fauna. Servicio Nacional de Pesca - Japanese International Cooperation Agency.","-48.050901","-74.588702","1888","1888","Aplochiton taeniatus Jenyns, 1842","Puerto Island (Island Harbour)","","Thompson 1916","","USNM 77288","USNM","","","","","","Aplochiton taeniatus","SPECIES","Animalia","Chordata","Osmeriformes","Galaxiidae","Aplochiton","Aplochiton taeniatus"
"Boisjoly.Lit.Review.0120","Zama, A., & Cárdenas, E. (1984). Introduction into Aysén Chile of the pacific salmon. N°9 Descriptive catalogue of marine and freshwater fishes from the Aysén region, southern Chile, with zoogeographical notes on fish fauna. Servicio Nacional de Pesca - Japanese International Cooperation Agency.","-48.45833","-74.39167","1931-05-08","1931","Eleginops maclovinus (Cuvier, 1830)","","","Norman 1937","","1936.8.26.915","NHMUK","","","","","","Eleginops maclovinus","SPECIES","Animalia","Chordata","Perciformes","Eleginopsidae","Eleginops","Eleginops maclovinus"
"Boisjoly.Lit.Review.0121","Zama, A., & Cárdenas, E. (1984). Introduction into Aysén Chile of the pacific salmon. N°9 Descriptive catalogue of marine and freshwater fishes from the Aysén region, southern Chile, with zoogeographical notes on fish fauna. Servicio Nacional de Pesca - Japanese International Cooperation Agency.","-45.66646","-71.85398","1975-01","1975","Galaxias platei Steindachner, 1898","Lago Pollux","","","","","","","","","","","Galaxias platei","SPECIES","Animalia","Chordata","Osmeriformes","Galaxiidae","Galaxias","Galaxias platei"
"Boisjoly.Lit.Review.0122","Zama, A., & Cárdenas, E. (1984). Introduction into Aysén Chile of the pacific salmon. N°9 Descriptive catalogue of marine and freshwater fishes from the Aysén region, southern Chile, with zoogeographical notes on fish fauna. Servicio Nacional de Pesca - Japanese International Cooperation Agency.","-45.57624","-72.08838","1978","1978","Aplochiton zebra Jenyns, 1842","Río Claro","","","","","","","","","","","Aplochiton zebra","SPECIES","Animalia","Chordata","Osmeriformes","Galaxiidae","Aplochiton","Aplochiton zebra"
"Boisjoly.Lit.Review.0123","Zama, A., & Cárdenas, E. (1984). Introduction into Aysén Chile of the pacific salmon. N°9 Descriptive catalogue of marine and freshwater fishes from the Aysén region, southern Chile, with zoogeographical notes on fish fauna. Servicio Nacional de Pesca - Japanese International Cooperation Agency.","-43.716667","-72.833333","1979","1979","Eleginops maclovinus (Cuvier, 1830)","Estero Pillán","","Navarro y Pequeño 1979","","","","","","","","","Eleginops maclovinus","SPECIES","Animalia","Chordata","Perciformes","Eleginopsidae","Eleginops","Eleginops maclovinus"
"Boisjoly.Lit.Review.0124","Zama, A., & Cárdenas, E. (1984). Introduction into Aysén Chile of the pacific salmon. N°9 Descriptive catalogue of marine and freshwater fishes from the Aysén region, southern Chile, with zoogeographical notes on fish fauna. Servicio Nacional de Pesca - Japanese International Cooperation Agency.","-45.45417","-72.80285","1980-10-08","1980","Eleginops maclovinus (Cuvier, 1830)","Ensenada Baja","","","","","","","","","","","Eleginops maclovinus","SPECIES","Animalia","Chordata","Perciformes","Eleginopsidae","Eleginops","Eleginops maclovinus"
"Boisjoly.Lit.Review.0125","Zama, A., & Cárdenas, E. (1984). Introduction into Aysén Chile of the pacific salmon. N°9 Descriptive catalogue of marine and freshwater fishes from the Aysén region, southern Chile, with zoogeographical notes on fish fauna. Servicio Nacional de Pesca - Japanese International Cooperation Agency.","-45.45417","-72.80285","1980-06-15","1980","Galaxias maculatus (Jenyns, 1842)","Ensenada Baja","","","","","","","","","","","Galaxias maculatus","SPECIES","Animalia","Chordata","Osmeriformes","Galaxiidae","Galaxias","Galaxias maculatus"
"Boisjoly.Lit.Review.0126","Zama, A., & Cárdenas, E. (1984). Introduction into Aysén Chile of the pacific salmon. N°9 Descriptive catalogue of marine and freshwater fishes from the Aysén region, southern Chile, with zoogeographical notes on fish fauna. Servicio Nacional de Pesca - Japanese International Cooperation Agency.","-45.46757","-72.72904","1980-09-19","1980","Galaxias platei Steindachner, 1898","Lago Riesco","","","","","","","","","","","Galaxias platei","SPECIES","Animalia","Chordata","Osmeriformes","Galaxiidae","Galaxias","Galaxias platei"
"Boisjoly.Lit.Review.0127","Zama, A., & Cárdenas, E. (1984). Introduction into Aysén Chile of the pacific salmon. N°9 Descriptive catalogue of marine and freshwater fishes from the Aysén region, southern Chile, with zoogeographical notes on fish fauna. Servicio Nacional de Pesca - Japanese International Cooperation Agency.","-45.16155","-73.52067","1980-12-03","1980","Galaxias maculatus (Jenyns, 1842)","Puerto Aguirre","","","","","","","","","","","Galaxias maculatus","SPECIES","Animalia","Chordata","Osmeriformes","Galaxiidae","Galaxias","Galaxias maculatus"
"Boisjoly.Lit.Review.0128","Zama, A., & Cárdenas, E. (1984). Introduction into Aysén Chile of the pacific salmon. N°9 Descriptive catalogue of marine and freshwater fishes from the Aysén region, southern Chile, with zoogeographical notes on fish fauna. Servicio Nacional de Pesca - Japanese International Cooperation Agency.","-45.24658","-73.24177","1980-11-08","1980","Salmo trutta Linnaeus, 1758","Puerto Pérez","","","","","","","","","","","Salmo trutta","SPECIES","Animalia","Chordata","Salmoniformes","Salmonidae","Salmo","Salmo trutta"
"Boisjoly.Lit.Review.0129","Zama, A., & Cárdenas, E. (1984). Introduction into Aysén Chile of the pacific salmon. N°9 Descriptive catalogue of marine and freshwater fishes from the Aysén region, southern Chile, with zoogeographical notes on fish fauna. Servicio Nacional de Pesca - Japanese International Cooperation Agency.","-45.416667","-72.7","1980-10-28","1980","Aplochiton taeniatus Jenyns, 1842","Río Aysén","","","","","","","","","","","Aplochiton taeniatus","SPECIES","Animalia","Chordata","Osmeriformes","Galaxiidae","Aplochiton","Aplochiton taeniatus"
"Boisjoly.Lit.Review.0130","Zama, A., & Cárdenas, E. (1984). Introduction into Aysén Chile of the pacific salmon. N°9 Descriptive catalogue of marine and freshwater fishes from the Aysén region, southern Chile, with zoogeographical notes on fish fauna. Servicio Nacional de Pesca - Japanese International Cooperation Agency.","-45.54818","-72.06869","1980-10-23","1980","Salmo trutta Linnaeus, 1758","Simpson River","","","","","","","","","","","Salmo trutta","SPECIES","Animalia","Chordata","Salmoniformes","Salmonidae","Salmo","Salmo trutta"
"Boisjoly.Lit.Review.0131","Zama, A., & Cárdenas, E. (1984). Introduction into Aysén Chile of the pacific salmon. N°9 Descriptive catalogue of marine and freshwater fishes from the Aysén region, southern Chile, with zoogeographical notes on fish fauna. Servicio Nacional de Pesca - Japanese International Cooperation Agency.","-45.54818","-72.06869","1980-08","1980","Hatcheria macraei (Girard, 1855)","Simpson River (Coyhaique)","","","","","","","","","","","Hatcheria macraei","SPECIES","Animalia","Chordata","Siluriformes","Trichomycteridae","Hatcheria","Hatcheria macraei"
"Boisjoly.Lit.Review.0132","Zama, A., & Cárdenas, E. (1984). Introduction into Aysén Chile of the pacific salmon. N°9 Descriptive catalogue of marine and freshwater fishes from the Aysén region, southern Chile, with zoogeographical notes on fish fauna. Servicio Nacional de Pesca - Japanese International Cooperation Agency.","-45.45759","-72.80007","1981-03-10","1981","Salmo trutta Linnaeus, 1758","Arrollo Pajarones (Ensenada Baja)","","","","","","","","","","","Salmo trutta","SPECIES","Animalia","Chordata","Salmoniformes","Salmonidae","Salmo","Salmo trutta"
"Boisjoly.Lit.Review.0133","Zama, A., & Cárdenas, E. (1984). Introduction into Aysén Chile of the pacific salmon. N°9 Descriptive catalogue of marine and freshwater fishes from the Aysén region, southern Chile, with zoogeographical notes on fish fauna. Servicio Nacional de Pesca - Japanese International Cooperation Agency.","-47.963955","-74.322036","1981","1981","Oncorhynchus mykiss (Walbaum, 1792)","Canal Baker","","","","","","","","","","","Oncorhynchus mykiss","SPECIES","Animalia","Chordata","Salmoniformes","Salmonidae","Oncorhynchus","Oncorhynchus mykiss"
"Boisjoly.Lit.Review.0134","Zama, A., & Cárdenas, E. (1984). Introduction into Aysén Chile of the pacific salmon. N°9 Descriptive catalogue of marine and freshwater fishes from the Aysén region, southern Chile, with zoogeographical notes on fish fauna. Servicio Nacional de Pesca - Japanese International Cooperation Agency.","-45.45417","-72.80285","1981-06-19","1981","Geotria australis Gray, 1851","Ensenada Baja","","","","","","","","","","","Geotria australis","SPECIES","Animalia","Chordata","Petromyzontiformes","Geotriidae","Geotria","Geotria australis"
"Boisjoly.Lit.Review.0135","Zama, A., & Cárdenas, E. (1984). Introduction into Aysén Chile of the pacific salmon. N°9 Descriptive catalogue of marine and freshwater fishes from the Aysén region, southern Chile, with zoogeographical notes on fish fauna. Servicio Nacional de Pesca - Japanese International Cooperation Agency.","-45.4999999998","-72.1333333327","1981-11-17","1981","Hatcheria macraei (Girard, 1855)","Huichalao (Río Simpson)","","","","","","","","","","","Hatcheria macraei","SPECIES","Animalia","Chordata","Siluriformes","Trichomycteridae","Hatcheria","Hatcheria macraei"
"Boisjoly.Lit.Review.0136","Zama, A., & Cárdenas, E. (1984). Introduction into Aysén Chile of the pacific salmon. N°9 Descriptive catalogue of marine and freshwater fishes from the Aysén region, southern Chile, with zoogeographical notes on fish fauna. Servicio Nacional de Pesca - Japanese International Cooperation Agency.","-45.416667","-72.7","1981-02-07","1981","Aplochiton taeniatus Jenyns, 1842","Puerto Aysén","","","","","","","","","","","Aplochiton taeniatus","SPECIES","Animalia","Chordata","Osmeriformes","Galaxiidae","Aplochiton","Aplochiton taeniatus"
"Boisjoly.Lit.Review.0137","Zama, A., & Cárdenas, E. (1984). Introduction into Aysén Chile of the pacific salmon. N°9 Descriptive catalogue of marine and freshwater fishes from the Aysén region, southern Chile, with zoogeographical notes on fish fauna. Servicio Nacional de Pesca - Japanese International Cooperation Agency.","-45.57624","-72.08838","1981-04-27","1981","Oncorhynchus mykiss (Walbaum, 1792)","Río Claro","","","","","","","","","","","Oncorhynchus mykiss","SPECIES","Animalia","Chordata","Salmoniformes","Salmonidae","Oncorhynchus","Oncorhynchus mykiss"
"Boisjoly.Lit.Review.0138","Zama, A., & Cárdenas, E. (1984). Introduction into Aysén Chile of the pacific salmon. N°9 Descriptive catalogue of marine and freshwater fishes from the Aysén region, southern Chile, with zoogeographical notes on fish fauna. Servicio Nacional de Pesca - Japanese International Cooperation Agency.","-45.45759","-72.80007","1982-06-29","1982","Oncorhynchus keta (Walbaum, 1792)","Arrollo Pajarones (Ensenada Baja)","","","","","","","","","","","Oncorhynchus keta","SPECIES","Animalia","Chordata","Salmoniformes","Salmonidae","Oncorhynchus","Oncorhynchus keta"
"Boisjoly.Lit.Review.0139","Zama, A., & Cárdenas, E. (1984). Introduction into Aysén Chile of the pacific salmon. N°9 Descriptive catalogue of marine and freshwater fishes from the Aysén region, southern Chile, with zoogeographical notes on fish fauna. Servicio Nacional de Pesca - Japanese International Cooperation Agency.","-45.45417","-72.80285","1982","1982","Eleginops maclovinus (Cuvier, 1830)","Ensenada Baja","","","","","","","","","","","Eleginops maclovinus","SPECIES","Animalia","Chordata","Perciformes","Eleginopsidae","Eleginops","Eleginops maclovinus"
"Boisjoly.Lit.Review.0140","Zama, A., & Cárdenas, E. (1984). Introduction into Aysén Chile of the pacific salmon. N°9 Descriptive catalogue of marine and freshwater fishes from the Aysén region, southern Chile, with zoogeographical notes on fish fauna. Servicio Nacional de Pesca - Japanese International Cooperation Agency.","-45.45417","-72.80285","1982-06-04","1982","Eleginops maclovinus (Cuvier, 1830)","Ensenada Baja","","","","","","","","","","","Eleginops maclovinus","SPECIES","Animalia","Chordata","Perciformes","Eleginopsidae","Eleginops","Eleginops maclovinus"
"Boisjoly.Lit.Review.0141","Zama, A., & Cárdenas, E. (1984). Introduction into Aysén Chile of the pacific salmon. N°9 Descriptive catalogue of marine and freshwater fishes from the Aysén region, southern Chile, with zoogeographical notes on fish fauna. Servicio Nacional de Pesca - Japanese International Cooperation Agency.","-45.45417","-72.80285","1982-08-20","1982","Geotria australis Gray, 1851","Ensenada Baja","","","","","","","","","","","Geotria australis","SPECIES","Animalia","Chordata","Petromyzontiformes","Geotriidae","Geotria","Geotria australis"
"Boisjoly.Lit.Review.0142","Zama, A., & Cárdenas, E. (1984). Introduction into Aysén Chile of the pacific salmon. N°9 Descriptive catalogue of marine and freshwater fishes from the Aysén region, southern Chile, with zoogeographical notes on fish fauna. Servicio Nacional de Pesca - Japanese International Cooperation Agency.","-45.45417","-72.80285","1982","1982","Oncorhynchus keta (Walbaum, 1792)","Ensenada Baja","","","","","","","","","","","Oncorhynchus keta","SPECIES","Animalia","Chordata","Salmoniformes","Salmonidae","Oncorhynchus","Oncorhynchus keta"
"Boisjoly.Lit.Review.0143","Zama, A., & Cárdenas, E. (1984). Introduction into Aysén Chile of the pacific salmon. N°9 Descriptive catalogue of marine and freshwater fishes from the Aysén region, southern Chile, with zoogeographical notes on fish fauna. Servicio Nacional de Pesca - Japanese International Cooperation Agency.","-45.45417","-72.80285","1982-04-30","1982","Oncorhynchus keta (Walbaum, 1792)","Ensenada Baja","","","","","","","","","","","Oncorhynchus keta","SPECIES","Animalia","Chordata","Salmoniformes","Salmonidae","Oncorhynchus","Oncorhynchus keta"
"Boisjoly.Lit.Review.0144","Zama, A., & Cárdenas, E. (1984). Introduction into Aysén Chile of the pacific salmon. N°9 Descriptive catalogue of marine and freshwater fishes from the Aysén region, southern Chile, with zoogeographical notes on fish fauna. Servicio Nacional de Pesca - Japanese International Cooperation Agency.","-45.45417","-72.80285","1982","1982","Oncorhynchus kisutch (Walbaum, 1792)","Ensenada Baja","","","","","","","","","","","Oncorhynchus kisutch","SPECIES","Animalia","Chordata","Salmoniformes","Salmonidae","Oncorhynchus","Oncorhynchus kisutch"
"Boisjoly.Lit.Review.0145","Zama, A., & Cárdenas, E. (1984). Introduction into Aysén Chile of the pacific salmon. N°9 Descriptive catalogue of marine and freshwater fishes from the Aysén region, southern Chile, with zoogeographical notes on fish fauna. Servicio Nacional de Pesca - Japanese International Cooperation Agency.","-45.45417","-72.80285","1982-11-02","1982","Oncorhynchus mykiss (Walbaum, 1792)","Ensenada Baja","","","","","","","","","","","Oncorhynchus mykiss","SPECIES","Animalia","Chordata","Salmoniformes","Salmonidae","Oncorhynchus","Oncorhynchus mykiss"
"Boisjoly.Lit.Review.0146","Zama, A., & Cárdenas, E. (1984). Introduction into Aysén Chile of the pacific salmon. N°9 Descriptive catalogue of marine and freshwater fishes from the Aysén region, southern Chile, with zoogeographical notes on fish fauna. Servicio Nacional de Pesca - Japanese International Cooperation Agency.","-45.45417","-72.80285","1982","1982","Salmo trutta Linnaeus, 1758","Ensenada Baja","","","","","","","","","","","Salmo trutta","SPECIES","Animalia","Chordata","Salmoniformes","Salmonidae","Salmo","Salmo trutta"
"Boisjoly.Lit.Review.0147","Zama, A., & Cárdenas, E. (1984). Introduction into Aysén Chile of the pacific salmon. N°9 Descriptive catalogue of marine and freshwater fishes from the Aysén region, southern Chile, with zoogeographical notes on fish fauna. Servicio Nacional de Pesca - Japanese International Cooperation Agency.","-45.4999999998","-72.1333333327","1982-10-29","1982","Hatcheria macraei (Girard, 1855)","Huichalao","","","","","","","","","","","Hatcheria macraei","SPECIES","Animalia","Chordata","Siluriformes","Trichomycteridae","Hatcheria","Hatcheria macraei"
"Boisjoly.Lit.Review.0148","Zama, A., & Cárdenas, E. (1984). Introduction into Aysén Chile of the pacific salmon. N°9 Descriptive catalogue of marine and freshwater fishes from the Aysén region, southern Chile, with zoogeographical notes on fish fauna. Servicio Nacional de Pesca - Japanese International Cooperation Agency.","-45.4999999998","-72.1333333327","1982-12-28","1982","Hatcheria macraei (Girard, 1855)","Huichalao","","","","","","","","","","","Hatcheria macraei","SPECIES","Animalia","Chordata","Siluriformes","Trichomycteridae","Hatcheria","Hatcheria macraei"
"Boisjoly.Lit.Review.0149","Zama, A., & Cárdenas, E. (1984). Introduction into Aysén Chile of the pacific salmon. N°9 Descriptive catalogue of marine and freshwater fishes from the Aysén region, southern Chile, with zoogeographical notes on fish fauna. Servicio Nacional de Pesca - Japanese International Cooperation Agency.","-45.408333","-73.55","1982-07-17","1982","Eleginops maclovinus (Cuvier, 1830)","Isla Casma","","","","","","","","","","","Eleginops maclovinus","SPECIES","Animalia","Chordata","Perciformes","Eleginopsidae","Eleginops","Eleginops maclovinus"
"Boisjoly.Lit.Review.0150","Zama, A., & Cárdenas, E. (1984). Introduction into Aysén Chile of the pacific salmon. N°9 Descriptive catalogue of marine and freshwater fishes from the Aysén region, southern Chile, with zoogeographical notes on fish fauna. Servicio Nacional de Pesca - Japanese International Cooperation Agency.","-46.30439","-71.92711","1982-01-10","1982","Percichthys trucha (Valenciennes, 1833)","Lago General Carrera (Pto. Ibañez)","","","","","","","","","","","Percichthys trucha","SPECIES","Animalia","Chordata","Perciformes","Percichthyidae","Percichthys","Percichthys trucha"
"Boisjoly.Lit.Review.0151","Zama, A., & Cárdenas, E. (1984). Introduction into Aysén Chile of the pacific salmon. N°9 Descriptive catalogue of marine and freshwater fishes from the Aysén region, southern Chile, with zoogeographical notes on fish fauna. Servicio Nacional de Pesca - Japanese International Cooperation Agency.","-48.14281","-73.1204","1982-01-12","1982","Aplochiton zebra Jenyns, 1842","Laguna Quetro","","","","","","","","","","","Aplochiton zebra","SPECIES","Animalia","Chordata","Osmeriformes","Galaxiidae","Aplochiton","Aplochiton zebra"
"Boisjoly.Lit.Review.0152","Zama, A., & Cárdenas, E. (1984). Introduction into Aysén Chile of the pacific salmon. N°9 Descriptive catalogue of marine and freshwater fishes from the Aysén region, southern Chile, with zoogeographical notes on fish fauna. Servicio Nacional de Pesca - Japanese International Cooperation Agency.","-48.25","-73.591667","1982-01-01","1982","Aplochiton marinus Eigenmann, 1928","Laguna Ventisquero","","","","","","","","","","","Aplochiton marinus","SPECIES","Animalia","Chordata","Osmeriformes","Galaxiidae","Aplochiton","Aplochiton marinus"
"Boisjoly.Lit.Review.0153","Zama, A., & Cárdenas, E. (1984). Introduction into Aysén Chile of the pacific salmon. N°9 Descriptive catalogue of marine and freshwater fishes from the Aysén region, southern Chile, with zoogeographical notes on fish fauna. Servicio Nacional de Pesca - Japanese International Cooperation Agency.","-44.5","-73.4999999996","1982","1982","Oncorhynchus mykiss (Walbaum, 1792)","Moraleda Channel","","Rueda 1982","","","","","","","","","Oncorhynchus mykiss","SPECIES","Animalia","Chordata","Salmoniformes","Salmonidae","Oncorhynchus","Oncorhynchus mykiss"
"Boisjoly.Lit.Review.0154","Zama, A., & Cárdenas, E. (1984). Introduction into Aysén Chile of the pacific salmon. N°9 Descriptive catalogue of marine and freshwater fishes from the Aysén region, southern Chile, with zoogeographical notes on fish fauna. Servicio Nacional de Pesca - Japanese International Cooperation Agency.","-45.24658","-73.24177","1982-10-30","1982","Galaxias maculatus (Jenyns, 1842)","Puerto Pérez","","","","","","","","","","","Galaxias maculatus","SPECIES","Animalia","Chordata","Osmeriformes","Galaxiidae","Galaxias","Galaxias maculatus"
"Boisjoly.Lit.Review.0155","Zama, A., & Cárdenas, E. (1984). Introduction into Aysén Chile of the pacific salmon. N°9 Descriptive catalogue of marine and freshwater fishes from the Aysén region, southern Chile, with zoogeographical notes on fish fauna. Servicio Nacional de Pesca - Japanese International Cooperation Agency.","-45.57624","-72.08838","1982-09-24","1982","Oncorhynchus mykiss (Walbaum, 1792)","Río Claro","","","","","","","","","","","Oncorhynchus mykiss","SPECIES","Animalia","Chordata","Salmoniformes","Salmonidae","Oncorhynchus","Oncorhynchus mykiss"
"Boisjoly.Lit.Review.0156","Zama, A., & Cárdenas, E. (1984). Introduction into Aysén Chile of the pacific salmon. N°9 Descriptive catalogue of marine and freshwater fishes from the Aysén region, southern Chile, with zoogeographical notes on fish fauna. Servicio Nacional de Pesca - Japanese International Cooperation Agency.","-45.45129","-72.79406","1982-04-30","1982","Oncorhynchus kisutch (Walbaum, 1792)","Salto River","","","","","","","","","","","Oncorhynchus kisutch","SPECIES","Animalia","Chordata","Salmoniformes","Salmonidae","Oncorhynchus","Oncorhynchus kisutch"
"Boisjoly.Lit.Review.0157","Zama, A., & Cárdenas, E. (1984). Introduction into Aysén Chile of the pacific salmon. N°9 Descriptive catalogue of marine and freshwater fishes from the Aysén region, southern Chile, with zoogeographical notes on fish fauna. Servicio Nacional de Pesca - Japanese International Cooperation Agency.","-45.45129","-72.79406","1982-06-30","1982","Salmo trutta Linnaeus, 1758","Salto River","","","","","","","","","","","Salmo trutta","SPECIES","Animalia","Chordata","Salmoniformes","Salmonidae","Salmo","Salmo trutta"
"Boisjoly.Lit.Review.0158","Zama, A., & Cárdenas, E. (1984). Introduction into Aysén Chile of the pacific salmon. N°9 Descriptive catalogue of marine and freshwater fishes from the Aysén region, southern Chile, with zoogeographical notes on fish fauna. Servicio Nacional de Pesca - Japanese International Cooperation Agency.","-47.31257","-72.58243","1983-01-08","1983","Odontesthes bonariensis (Valenciennes, 1835)","Lago Esmeralda","","","","","","","","","","","Odontesthes bonariensis","SPECIES","Animalia","Chordata","Atheriniformes","Atherinopsidae","Odontesthes","Odontesthes bonariensis"
"Boisjoly.Lit.Review.0159","Zama, A., & Cárdenas, E. (1984). Introduction into Aysén Chile of the pacific salmon. N°9 Descriptive catalogue of marine and freshwater fishes from the Aysén region, southern Chile, with zoogeographical notes on fish fauna. Servicio Nacional de Pesca - Japanese International Cooperation Agency.","-47.28029","-72.45022","1983-01-07","1983","Percichthys trucha (Valenciennes, 1833)","Lago Maldonado","","","","","","","","","","","Percichthys trucha","SPECIES","Animalia","Chordata","Perciformes","Percichthyidae","Percichthys","Percichthys trucha"
"Boisjoly.Lit.Review.0160","Zama, A., & Cárdenas, E. (1984). Introduction into Aysén Chile of the pacific salmon. N°9 Descriptive catalogue of marine and freshwater fishes from the Aysén region, southern Chile, with zoogeographical notes on fish fauna. Servicio Nacional de Pesca - Japanese International Cooperation Agency.","-45.407044","-72.727886","1983","1983","Geotria australis Gray, 1851","Puerto Piedra (Río Aysén)","","","","","","","","","","","Geotria australis","SPECIES","Animalia","Chordata","Petromyzontiformes","Geotriidae","Geotria","Geotria australis"
"Boisjoly.Lit.Review.0161","Zama, A., & Cárdenas, E. (1984). Introduction into Aysén Chile of the pacific salmon. N°9 Descriptive catalogue of marine and freshwater fishes from the Aysén region, southern Chile, with zoogeographical notes on fish fauna. Servicio Nacional de Pesca - Japanese International Cooperation Agency.","-45.416667","-72.7","1983","1983","Aplochiton taeniatus Jenyns, 1842","Río Aysén","","","","","","","","","","","Aplochiton taeniatus","SPECIES","Animalia","Chordata","Osmeriformes","Galaxiidae","Aplochiton","Aplochiton taeniatus"
"Boisjoly.Lit.Review.0162","Zama, A., & Cárdenas, E. (1984). Introduction into Aysén Chile of the pacific salmon. N°9 Descriptive catalogue of marine and freshwater fishes from the Aysén region, southern Chile, with zoogeographical notes on fish fauna. Servicio Nacional de Pesca - Japanese International Cooperation Agency.","-45.416667","-72.7","1983","1983","Salmo trutta Linnaeus, 1758","Río Aysén","","","","","","","","","","","Salmo trutta","SPECIES","Animalia","Chordata","Salmoniformes","Salmonidae","Salmo","Salmo trutta"
"Boisjoly.Lit.Review.0163","Zama, A., & Cárdenas, E. (1984). Introduction into Aysén Chile of the pacific salmon. N°9 Descriptive catalogue of marine and freshwater fishes from the Aysén region, southern Chile, with zoogeographical notes on fish fauna. Servicio Nacional de Pesca - Japanese International Cooperation Agency.","-45.444627","-72.79422","1983","1983","Eleginops maclovinus (Cuvier, 1830)","Río Aysén (Río Salto)","","","","","","","","","","","Eleginops maclovinus","SPECIES","Animalia","Chordata","Perciformes","Eleginopsidae","Eleginops","Eleginops maclovinus"
"Boisjoly.Lit.Review.0164","Zama, A., & Cárdenas, E. (1984). Introduction into Aysén Chile of the pacific salmon. N°9 Descriptive catalogue of marine and freshwater fishes from the Aysén region, southern Chile, with zoogeographical notes on fish fauna. Servicio Nacional de Pesca - Japanese International Cooperation Agency.","-45.45129","-72.79406","1983","1983","Galaxias maculatus (Jenyns, 1842)","Salto River","","","","","","","","","","","Galaxias maculatus","SPECIES","Animalia","Chordata","Osmeriformes","Galaxiidae","Galaxias","Galaxias maculatus"
"Boisjoly.Lit.Review.0165","Zama, A., & Cárdenas, E. (1984). Introduction into Aysén Chile of the pacific salmon. N°9 Descriptive catalogue of marine and freshwater fishes from the Aysén region, southern Chile, with zoogeographical notes on fish fauna. Servicio Nacional de Pesca - Japanese International Cooperation Agency.","-45.45129","-72.79406","1983","1983","Salmo trutta Linnaeus, 1758","Salto River","","","","","","","","","","","Salmo trutta","SPECIES","Animalia","Chordata","Salmoniformes","Salmonidae","Salmo","Salmo trutta"
"Boisjoly.Lit.Review.0166","Zama, A., & Cárdenas, E. (1984). Introduction into Aysén Chile of the pacific salmon. N°9 Descriptive catalogue of marine and freshwater fishes from the Aysén region, southern Chile, with zoogeographical notes on fish fauna. Servicio Nacional de Pesca - Japanese International Cooperation Agency.","-46.24045","-71.96482","1984-01-06","1984","Galaxias platei Steindachner, 1898","Lago Don Poli","","","","","","","","","","","Galaxias platei","SPECIES","Animalia","Chordata","Osmeriformes","Galaxiidae","Galaxias","Galaxias platei"
"Boisjoly.Lit.Review.0167","Zama, A., & Cárdenas, E. (1984). Introduction into Aysén Chile of the pacific salmon. N°9 Descriptive catalogue of marine and freshwater fishes from the Aysén region, southern Chile, with zoogeographical notes on fish fauna. Servicio Nacional de Pesca - Japanese International Cooperation Agency.","-45.416667","-72.7","1984-01-26","1984","Galaxias maculatus (Jenyns, 1842)","Puerto Aysén","","","","","","","","","","","Galaxias maculatus","SPECIES","Animalia","Chordata","Osmeriformes","Galaxiidae","Galaxias","Galaxias maculatus"
"Boisjoly.Lit.Review.0168",NA,"-43.140534","-71.449885","2007","2007","Hatcheria macraei (Girard, 1855)","Río Miguens","","","","","","Barriga JP & Battini MA","Pesca electrica","","","","Hatcheria macraei","SPECIES","Animalia","Chordata","Siluriformes","Trichomycteridae","Hatcheria","Hatcheria macraei"
