bibliographicCitation,decimalLatitude,decimalLongitude,eventDate,year,canonicalName,scientificName,locality,stateProvince,references,associatedReferences,catalogNumber,institutionCode,recordedBy,samplingProtocol,individualCount
"Campos, H., Arenas, J., Jara, C., Gonser, T., & Prins, R. (1984). Macrozoobentos y fauna íctica de las aguas limnéticas de Chiloé y Aysén continentales (Chile). Medio Ambiente, 7, 52–64.",-45.0333,-72.115003,1984,1984,Salmo trutta,"Salmo trutta Linnaeus, 1758",lago Pedro Aguirre Cerda,Aysén,,,,,,,
"Campos, H., Arenas, J., Jara, C., Gonser, T., & Prins, R. (1984). Macrozoobentos y fauna íctica de las aguas limnéticas de Chiloé y Aysén continentales (Chile). Medio Ambiente, 7, 52–64.",-44.235989,-72.509975,1984,1984,Oncorhynchus mykiss,"Oncorhynchus mykiss (Walbaum, 1792)",lago Risopatrón,Aysén,,,,,,,
"Campos, H., Arenas, J., Jara, C., Gonser, T., & Prins, R. (1984). Macrozoobentos y fauna íctica de las aguas limnéticas de Chiloé y Aysén continentales (Chile). Medio Ambiente, 7, 52–64.",-44.235989,-72.509975,1984,1984,Salmo trutta,"Salmo trutta Linnaeus, 1758",lago Risopatrón,Aysén,,,,,,,
"Campos, H., Arenas, J., Jara, C., Gonser, T., & Prins, R. (1984). Macrozoobentos y fauna íctica de las aguas limnéticas de Chiloé y Aysén continentales (Chile). Medio Ambiente, 7, 52–64.",-43.016667,-72.483333,1984,1984,Oncorhynchus mykiss,"Oncorhynchus mykiss (Walbaum, 1792)",río Amarillo,Aysén,,,,,,,
"Campos, H., Arenas, J., Jara, C., Gonser, T., & Prins, R. (1984). Macrozoobentos y fauna íctica de las aguas limnéticas de Chiloé y Aysén continentales (Chile). Medio Ambiente, 7, 52–64.",-43.016667,-72.483333,1984,1984,Salmo trutta,"Salmo trutta Linnaeus, 1758",río Amarillo,Aysén,,,,,,,
"Campos, H., Arenas, J., Jara, C., Gonser, T., & Prins, R. (1984). Macrozoobentos y fauna íctica de las aguas limnéticas de Chiloé y Aysén continentales (Chile). Medio Ambiente, 7, 52–64.",-43.833333,-72.366667,1984,1984,Oncorhynchus mykiss,"Oncorhynchus mykiss (Walbaum, 1792)",río Aura,Aysén,,,,,,,
"Campos, H., Arenas, J., Jara, C., Gonser, T., & Prins, R. (1984). Macrozoobentos y fauna íctica de las aguas limnéticas de Chiloé y Aysén continentales (Chile). Medio Ambiente, 7, 52–64.",-44.833333,-72.216667,1984,1984,Salmo trutta,"Salmo trutta Linnaeus, 1758",río Brígida,Aysén,,,,,,,
"Campos, H., Arenas, J., Jara, C., Gonser, T., & Prins, R. (1984). Macrozoobentos y fauna íctica de las aguas limnéticas de Chiloé y Aysén continentales (Chile). Medio Ambiente, 7, 52–64.",-44.633333,-72.416667,1984,1984,Salmo trutta,"Salmo trutta Linnaeus, 1758",río Cascadas,Aysén,,,,,,,
"Campos, H., Arenas, J., Jara, C., Gonser, T., & Prins, R. (1984). Macrozoobentos y fauna íctica de las aguas limnéticas de Chiloé y Aysén continentales (Chile). Medio Ambiente, 7, 52–64.",-44.694149,-72.520973,1984,1984,Salmo trutta,"Salmo trutta Linnaeus, 1758",río Cisnes Bajo,Aysén,,,,,,,
"Campos, H., Arenas, J., Jara, C., Gonser, T., & Prins, R. (1984). Macrozoobentos y fauna íctica de las aguas limnéticas de Chiloé y Aysén continentales (Chile). Medio Ambiente, 7, 52–64.",-46.261024,-72.003057,1980,1980,Salmo trutta,"Salmo trutta Linnaeus, 1758",río Claro (afluente del río Ibañez),Aysén,,,,,,,
"Campos, H., Arenas, J., Jara, C., Gonser, T., & Prins, R. (1984). Macrozoobentos y fauna íctica de las aguas limnéticas de Chiloé y Aysén continentales (Chile). Medio Ambiente, 7, 52–64.",-43.583333,-72.333333,1984,1984,Oncorhynchus mykiss,"Oncorhynchus mykiss (Walbaum, 1792)",río Frío,Aysén,,,,,,,
"Campos, H., Arenas, J., Jara, C., Gonser, T., & Prins, R. (1984). Macrozoobentos y fauna íctica de las aguas limnéticas de Chiloé y Aysén continentales (Chile). Medio Ambiente, 7, 52–64.",-43.583333,-72.333333,1984,1984,Salvelinus fontinalis,"Salvelinus fontinalis (Mitchill, 1814)",río Frío,Aysén,,,,,,,
"Campos, H., Arenas, J., Jara, C., Gonser, T., & Prins, R. (1984). Macrozoobentos y fauna íctica de las aguas limnéticas de Chiloé y Aysén continentales (Chile). Medio Ambiente, 7, 52–64.",-44.183333,-72.5,1984,1984,Oncorhynchus mykiss,"Oncorhynchus mykiss (Walbaum, 1792)",río Los Césares,Aysén,,,,,,,
"Campos, H., Arenas, J., Jara, C., Gonser, T., & Prins, R. (1984). Macrozoobentos y fauna íctica de las aguas limnéticas de Chiloé y Aysén continentales (Chile). Medio Ambiente, 7, 52–64.",-44.183333,-72.5,1984,1984,Salmo trutta,"Salmo trutta Linnaeus, 1758",río Los Césares,Aysén,,,,,,,
"Campos, H., Arenas, J., Jara, C., Gonser, T., & Prins, R. (1984). Macrozoobentos y fauna íctica de las aguas limnéticas de Chiloé y Aysén continentales (Chile). Medio Ambiente, 7, 52–64.",-45.166667,-72.133333,1984,1984,Salmo trutta,"Salmo trutta Linnaeus, 1758",río Ñirehuao,Aysén,,,,,,,
"Campos, H., Arenas, J., Jara, C., Gonser, T., & Prins, R. (1984). Macrozoobentos y fauna íctica de las aguas limnéticas de Chiloé y Aysén continentales (Chile). Medio Ambiente, 7, 52–64.",-44.327217,-72.56532,1984,1984,Salmo trutta,"Salmo trutta Linnaeus, 1758",río Pascua,Aysén,,,,,,,
"Campos, H., Arenas, J., Jara, C., Gonser, T., & Prins, R. (1984). Macrozoobentos y fauna íctica de las aguas limnéticas de Chiloé y Aysén continentales (Chile). Medio Ambiente, 7, 52–64.",-45.649595,-71.91082,1980,1980,Oncorhynchus mykiss,"Oncorhynchus mykiss (Walbaum, 1792)",río Pollux,Aysén,,,,,,,
"Campos, H., Arenas, J., Jara, C., Gonser, T., & Prins, R. (1984). Macrozoobentos y fauna íctica de las aguas limnéticas de Chiloé y Aysén continentales (Chile). Medio Ambiente, 7, 52–64.",-44.563963,-72.440278,1984,1984,Oncorhynchus mykiss,"Oncorhynchus mykiss (Walbaum, 1792)",río Queulat,Aysén,,,,,,,
"Campos, H., Arenas, J., Jara, C., Gonser, T., & Prins, R. (1984). Macrozoobentos y fauna íctica de las aguas limnéticas de Chiloé y Aysén continentales (Chile). Medio Ambiente, 7, 52–64.",-42.329063,-73.513792,1984,1984,Oncorhynchus mykiss,"Oncorhynchus mykiss (Walbaum, 1792)",río San Juan Poniente,Chiloé,,,,,,,
"Campos, H., Arenas, J., Jara, C., Gonser, T., & Prins, R. (1984). Macrozoobentos y fauna íctica de las aguas limnéticas de Chiloé y Aysén continentales (Chile). Medio Ambiente, 7, 52–64.",-42.855585,-72.798546,1984,1984,Oncorhynchus mykiss,"Oncorhynchus mykiss (Walbaum, 1792)",río Santa Bárbara,Aysén,,,,,,,
"Campos, H., Arenas, J., Jara, C., Gonser, T., & Prins, R. (1984). Macrozoobentos y fauna íctica de las aguas limnéticas de Chiloé y Aysén continentales (Chile). Medio Ambiente, 7, 52–64.",-42.855585,-72.798546,1984,1984,Salmo trutta,"Salmo trutta Linnaeus, 1758",río Santa Bárbara,Aysén,,,,,,,
"Campos, H., Arenas, J., Jara, C., Gonser, T., & Prins, R. (1984). Macrozoobentos y fauna íctica de las aguas limnéticas de Chiloé y Aysén continentales (Chile). Medio Ambiente, 7, 52–64.",-45.423746,-72.420515,1984,1984,Salmo trutta,"Salmo trutta Linnaeus, 1758",río Simpson Bajo,Aysén,,,,,,,
"Campos, H., Arenas, J., Jara, C., Gonser, T., & Prins, R. (1984). Macrozoobentos y fauna íctica de las aguas limnéticas de Chiloé y Aysén continentales (Chile). Medio Ambiente, 7, 52–64.",-42.664399,-73.89864,1984,1984,Oncorhynchus mykiss,"Oncorhynchus mykiss (Walbaum, 1792)",río Trainel,Chiloé,,,,,,,
"Campos, H., Arenas, J., Jara, C., Gonser, T., & Prins, R. (1984). Macrozoobentos y fauna íctica de las aguas limnéticas de Chiloé y Aysén continentales (Chile). Medio Ambiente, 7, 52–64.",-42.983333,-72.333333,1984,1984,Oncorhynchus mykiss,"Oncorhynchus mykiss (Walbaum, 1792)",río Vuelta y Vuelta,Aysén,,,,,,,
"Cussac, V. E., Ortubay, S., Iglesias, G., Milano, D., Lattuca, M. E., Barriga, J. P., Battini, M., & Gross, M. (2004). The distribution of South American galaxiid fishes: The role of biological traits and post-glacial history. Journal of Biogeography, 31, 103–121.",-51.224588,-72.730358,1901,1901,Aplochiton taeniatus,"Aplochiton taeniatus Jenyns, 1842",Lago Toro,,"Smitt 1901 | Campos, 1969",,,,,,
"Fernández, M. V., Lallement, M., Rechencq, M., Vigliano, P. H., Sosnovsky, A., & Macchi, P. J. (2018). Top predator fish assemblages in Northern Patagonia, Argentina. What factors regulate their patterns of distribution and abundance? Austral Ecology, 43(6), 651–662. https://doi.org/10.1111/aec.12610",-41.26,-71.64,1997,1997,Oncorhynchus mykiss,"Oncorhynchus mykiss (Walbaum, 1792)",Lago Mascardi,,,,,GEMARI,,Gill net,
"Fernández, M. V., Lallement, M., Rechencq, M., Vigliano, P. H., Sosnovsky, A., & Macchi, P. J. (2018). Top predator fish assemblages in Northern Patagonia, Argentina. What factors regulate their patterns of distribution and abundance? Austral Ecology, 43(6), 651–662. https://doi.org/10.1111/aec.12610",-41.3721,-71.7753,1997,1997,Oncorhynchus mykiss,"Oncorhynchus mykiss (Walbaum, 1792)",Lago Roca,,,,,GEMARI,,Gill net,
"Fernández, M. V., Lallement, M., Rechencq, M., Vigliano, P. H., Sosnovsky, A., & Macchi, P. J. (2018). Top predator fish assemblages in Northern Patagonia, Argentina. What factors regulate their patterns of distribution and abundance? Austral Ecology, 43(6), 651–662. https://doi.org/10.1111/aec.12610",-41.3721,-71.7753,1997,1997,Salmo trutta,"Salmo trutta Linnaeus, 1758",Lago Roca,,,,,GEMARI,,Gill net,
"Fernández, M. V., Lallement, M., Rechencq, M., Vigliano, P. H., Sosnovsky, A., & Macchi, P. J. (2018). Top predator fish assemblages in Northern Patagonia, Argentina. What factors regulate their patterns of distribution and abundance? Austral Ecology, 43(6), 651–662. https://doi.org/10.1111/aec.12610",-41.3721,-71.7753,1997,1997,Salvelinus fontinalis,"Salvelinus fontinalis (Mitchill, 1814)",Lago Roca,,,,,GEMARI,,Gill net,
"Günther, A. (1881). Account of the Zoological Collections made during the Survey of H.M.S. ‘Alert’ in the Straits of Magellan and on the Coast of Patagonia. Proceedings of the Zoological Society of London, 49(1), 2–141. https://doi.org/10.1111/j.1096-3642.1881.tb01270.x",-50.20025,-74.80827,1879,1879,Aplochiton zebra,"Aplochiton zebra Jenyns, 1842",Tom Bay,,,,1917.7.14.4-5,NHMUK,,,
"Jenyns, L. (1842). The Zoology of the Voyage of H.M.S. Beagle, Under the Command of Captain Fitzroy, R.N., During the Years 1832 to 1836. Part IV, Fish. Smith, Elder & Co.",-55.223545,-67.104515,1833,1833,Aplochiton taeniatus,"Aplochiton taeniatus Jenyns, 1842",Goree Sound,,,,1879.8.20.15-16,NHMUK,,,
NA,-43.140534,-71.449885,2007,2007,Hatcheria macraei,"Hatcheria macraei (Girard, 1855)",Río Miguens,,,,,,Barriga JP & Battini MA,Pesca electrica,
"Ortiz-Sandoval, J., Górski, K., Sobenes, C., González, J., Manosalva, A., Elgueta, A., & Habit, E. (2017). Invasive trout affect trophic ecology of Galaxias platei in Patagonian lakes. Hydrobiologia, 790(1), 201–212. https://doi.org/10.1007/s10750-016-3030-1",-41.983,-71.844,2007/2011,2007,Oncorhynchus mykiss,"Oncorhynchus mykiss (Walbaum, 1792)","Lago Azul, cuenca del río Puelo",,,,,,,,
"Ortiz-Sandoval, J., Górski, K., Sobenes, C., González, J., Manosalva, A., Elgueta, A., & Habit, E. (2017). Invasive trout affect trophic ecology of Galaxias platei in Patagonian lakes. Hydrobiologia, 790(1), 201–212. https://doi.org/10.1007/s10750-016-3030-1",-41.681,-72.32,2007/2011,2007,Salmo trutta,"Salmo trutta Linnaeus, 1758","Lago Candelaria, cuenca del río Puelo",,,,,,,,
"Ortiz-Sandoval, J., Górski, K., Sobenes, C., González, J., Manosalva, A., Elgueta, A., & Habit, E. (2017). Invasive trout affect trophic ecology of Galaxias platei in Patagonian lakes. Hydrobiologia, 790(1), 201–212. https://doi.org/10.1007/s10750-016-3030-1",-41.681,-72.32,2007/2011,2007,Oncorhynchus mykiss,"Oncorhynchus mykiss (Walbaum, 1792)","Lago Candelaria, cuenca del río Puelo",,,,,,,,
"Ortiz-Sandoval, J., Górski, K., Sobenes, C., González, J., Manosalva, A., Elgueta, A., & Habit, E. (2017). Invasive trout affect trophic ecology of Galaxias platei in Patagonian lakes. Hydrobiologia, 790(1), 201–212. https://doi.org/10.1007/s10750-016-3030-1",-47.3212260002,-72.5953940003,2007/2011,2007,Oncorhynchus mykiss,"Oncorhynchus mykiss (Walbaum, 1792)","Lago Esmeralda, cuenca del río Baker",,,,,,,,
"Ortiz-Sandoval, J., Górski, K., Sobenes, C., González, J., Manosalva, A., Elgueta, A., & Habit, E. (2017). Invasive trout affect trophic ecology of Galaxias platei in Patagonian lakes. Hydrobiologia, 790(1), 201–212. https://doi.org/10.1007/s10750-016-3030-1",-42.0964019999,-71.7814599997,2007/2011,2007,Salmo trutta,"Salmo trutta Linnaeus, 1758","Lago Inferior, cuenca del río Puelo",,,,,,,,
"Ortiz-Sandoval, J., Górski, K., Sobenes, C., González, J., Manosalva, A., Elgueta, A., & Habit, E. (2017). Invasive trout affect trophic ecology of Galaxias platei in Patagonian lakes. Hydrobiologia, 790(1), 201–212. https://doi.org/10.1007/s10750-016-3030-1",-42.0964019999,-71.7814599997,2007/2011,2007,Oncorhynchus mykiss,"Oncorhynchus mykiss (Walbaum, 1792)","Lago Inferior, cuenca del río Puelo",,,,,,,,
"Ortiz-Sandoval, J., Górski, K., Sobenes, C., González, J., Manosalva, A., Elgueta, A., & Habit, E. (2017). Invasive trout affect trophic ecology of Galaxias platei in Patagonian lakes. Hydrobiologia, 790(1), 201–212. https://doi.org/10.1007/s10750-016-3030-1",-46.838,-72.012,2007/2011,2007,Salmo trutta,"Salmo trutta Linnaeus, 1758","Lago Jeinimeni, cuenca del río Baker",,,,,,,,
"Ortiz-Sandoval, J., Górski, K., Sobenes, C., González, J., Manosalva, A., Elgueta, A., & Habit, E. (2017). Invasive trout affect trophic ecology of Galaxias platei in Patagonian lakes. Hydrobiologia, 790(1), 201–212. https://doi.org/10.1007/s10750-016-3030-1",-46.838,-72.012,2007/2011,2007,Oncorhynchus mykiss,"Oncorhynchus mykiss (Walbaum, 1792)","Lago Jeinimeni, cuenca del río Baker",,,,,,,,
"Ortiz-Sandoval, J., Górski, K., Sobenes, C., González, J., Manosalva, A., Elgueta, A., & Habit, E. (2017). Invasive trout affect trophic ecology of Galaxias platei in Patagonian lakes. Hydrobiologia, 790(1), 201–212. https://doi.org/10.1007/s10750-016-3030-1",-45.904804,-72.098064,2007/2011,2007,Salmo trutta,"Salmo trutta Linnaeus, 1758","Lago La Paloma, cuenca del río Aysén",,,,,,,,
"Ortiz-Sandoval, J., Górski, K., Sobenes, C., González, J., Manosalva, A., Elgueta, A., & Habit, E. (2017). Invasive trout affect trophic ecology of Galaxias platei in Patagonian lakes. Hydrobiologia, 790(1), 201–212. https://doi.org/10.1007/s10750-016-3030-1",-45.904804,-72.098064,2007/2011,2007,Oncorhynchus mykiss,"Oncorhynchus mykiss (Walbaum, 1792)","Lago La Paloma, cuenca del río Aysén",,,,,,,,
"Ortiz-Sandoval, J., Górski, K., Sobenes, C., González, J., Manosalva, A., Elgueta, A., & Habit, E. (2017). Invasive trout affect trophic ecology of Galaxias platei in Patagonian lakes. Hydrobiologia, 790(1), 201–212. https://doi.org/10.1007/s10750-016-3030-1",-42.0357230003,-71.8315429998,2007/2011,2007,Oncorhynchus mykiss,"Oncorhynchus mykiss (Walbaum, 1792)","Lago Las Rocas, cuenca del río Puelo",,,,,,,,
"Ortiz-Sandoval, J., Górski, K., Sobenes, C., González, J., Manosalva, A., Elgueta, A., & Habit, E. (2017). Invasive trout affect trophic ecology of Galaxias platei in Patagonian lakes. Hydrobiologia, 790(1), 201–212. https://doi.org/10.1007/s10750-016-3030-1",-44.7960699998,-72.2103320002,2007/2011,2007,Salmo trutta,"Salmo trutta Linnaeus, 1758","Lago Las Torres, cuenca del río Cisnes",,,,,,,,
"Ortiz-Sandoval, J., Górski, K., Sobenes, C., González, J., Manosalva, A., Elgueta, A., & Habit, E. (2017). Invasive trout affect trophic ecology of Galaxias platei in Patagonian lakes. Hydrobiologia, 790(1), 201–212. https://doi.org/10.1007/s10750-016-3030-1",-51.3144859997,-72.8250620002,2007/2011,2007,Salmo trutta,"Salmo trutta Linnaeus, 1758","Lago Porteño, cuenca del río Serrano",,,,,,,,
"Ortiz-Sandoval, J., Górski, K., Sobenes, C., González, J., Manosalva, A., Elgueta, A., & Habit, E. (2017). Invasive trout affect trophic ecology of Galaxias platei in Patagonian lakes. Hydrobiologia, 790(1), 201–212. https://doi.org/10.1007/s10750-016-3030-1",-45.4873611112,-72.6932777784,2007/2011,2007,Salmo trutta,"Salmo trutta Linnaeus, 1758","Lago Riesco, cuenca del río Aysén",,,,,,,,
"Ortiz-Sandoval, J., Górski, K., Sobenes, C., González, J., Manosalva, A., Elgueta, A., & Habit, E. (2017). Invasive trout affect trophic ecology of Galaxias platei in Patagonian lakes. Hydrobiologia, 790(1), 201–212. https://doi.org/10.1007/s10750-016-3030-1",-44.2531199996,-72.5115540002,2007/2011,2007,Salmo trutta,"Salmo trutta Linnaeus, 1758","Lago Risopatron, cuenca del río Palena",,,,,,,,
"Ortiz-Sandoval, J., Górski, K., Sobenes, C., González, J., Manosalva, A., Elgueta, A., & Habit, E. (2017). Invasive trout affect trophic ecology of Galaxias platei in Patagonian lakes. Hydrobiologia, 790(1), 201–212. https://doi.org/10.1007/s10750-016-3030-1",-51.051493,-72.8749830001,2007/2011,2007,Salmo trutta,"Salmo trutta Linnaeus, 1758","Lago Sarmiento, cuenca del río Serrano",,,,,,,,
"Ortiz-Sandoval, J., Górski, K., Sobenes, C., González, J., Manosalva, A., Elgueta, A., & Habit, E. (2017). Invasive trout affect trophic ecology of Galaxias platei in Patagonian lakes. Hydrobiologia, 790(1), 201–212. https://doi.org/10.1007/s10750-016-3030-1",-51.2378459998,-72.6795190001,2007/2011,2007,Salmo trutta,"Salmo trutta Linnaeus, 1758","Lago Toro, cuenca del río Serrano",,,,,,,,
"Ortiz-Sandoval, J., Górski, K., Sobenes, C., González, J., Manosalva, A., Elgueta, A., & Habit, E. (2017). Invasive trout affect trophic ecology of Galaxias platei in Patagonian lakes. Hydrobiologia, 790(1), 201–212. https://doi.org/10.1007/s10750-016-3030-1",-51.2378459998,-72.6795190001,2007/2011,2007,Oncorhynchus mykiss,"Oncorhynchus mykiss (Walbaum, 1792)","Lago Toro, cuenca del río Serrano",,,,,,,,
"Schaefer, E. 1954. Origen de las especies salmonideas en lo ríos magallanicos. Punta Arenas, Chile.",-52.563728,-71.677292,1954,1954,Oncorhynchus mykiss,"Oncorhynchus mykiss (Walbaum, 1792)",Chorillo El Salto,,,,,,,,
"Schaefer, E. 1954. Origen de las especies salmonideas en lo ríos magallanicos. Punta Arenas, Chile.",-53.110192,-70.88462,1954,1954,Salmo trutta,"Salmo trutta Linnaeus, 1758",Chorillo Tres Puentes o Estero Bitsch,,,,,,,,
"Schaefer, E. 1954. Origen de las especies salmonideas en lo ríos magallanicos. Punta Arenas, Chile.",-53.037487,-70.905702,1954,1954,Salmo trutta,"Salmo trutta Linnaeus, 1758",Estero Chabunco,,,,,,,,
"Schaefer, E. 1954. Origen de las especies salmonideas en lo ríos magallanicos. Punta Arenas, Chile.",-53.037487,-70.905702,1954,1954,Oncorhynchus mykiss,"Oncorhynchus mykiss (Walbaum, 1792)",Estero Chabunco,,,,,,,,
"Schaefer, E. 1954. Origen de las especies salmonideas en lo ríos magallanicos. Punta Arenas, Chile.",-51.313413,-72.752204,1954,1954,Salmo trutta,"Salmo trutta Linnaeus, 1758",Lago Maravilla,,,,,,,,
"Schaefer, E. 1954. Origen de las especies salmonideas en lo ríos magallanicos. Punta Arenas, Chile.",-51.232116,-72.746684,1954,1954,Salmo trutta,"Salmo trutta Linnaeus, 1758",Lago Toro,,,,,,,,
"Schaefer, E. 1954. Origen de las especies salmonideas en lo ríos magallanicos. Punta Arenas, Chile.",-53.402689,-70.990046,1954,1954,Salmo trutta,"Salmo trutta Linnaeus, 1758",Rio Agua Fresca,,,,,,,,
"Schaefer, E. 1954. Origen de las especies salmonideas en lo ríos magallanicos. Punta Arenas, Chile.",-53.402689,-70.990046,1954,1954,Oncorhynchus mykiss,"Oncorhynchus mykiss (Walbaum, 1792)",Rio Agua Fresca,,,,,,,,
"Schaefer, E. 1954. Origen de las especies salmonideas en lo ríos magallanicos. Punta Arenas, Chile.",-53.202709,-70.937653,1954,1954,Salmo trutta,"Salmo trutta Linnaeus, 1758",Rio de los Ciervos,,,,,,,,
"Schaefer, E. 1954. Origen de las especies salmonideas en lo ríos magallanicos. Punta Arenas, Chile.",-53.231819,-70.942042,1954,1954,Salmo trutta,"Salmo trutta Linnaeus, 1758",Rio Leña Dura,,,,,,,,
"Schaefer, E. 1954. Origen de las especies salmonideas en lo ríos magallanicos. Punta Arenas, Chile.",-52.815589,-69.775974,1954,1954,Salmo trutta,"Salmo trutta Linnaeus, 1758",Rio Oscar,,,,,,,,
"Schaefer, E. 1954. Origen de las especies salmonideas en lo ríos magallanicos. Punta Arenas, Chile.",-51.902601,-71.593297,1954,1954,Salmo trutta,"Salmo trutta Linnaeus, 1758",Rio Penitente,,,,,,,,
"Schaefer, E. 1954. Origen de las especies salmonideas en lo ríos magallanicos. Punta Arenas, Chile.",-51.899133,-71.596957,1954,1954,Salmo trutta,"Salmo trutta Linnaeus, 1758",Rio Rubens,,,,,,,,
"Schaefer, E. 1954. Origen de las especies salmonideas en lo ríos magallanicos. Punta Arenas, Chile.",-53.643374,-70.954493,1954,1954,Salmo trutta,"Salmo trutta Linnaeus, 1758",Rio San Juan,,,,,,,,
"Schaefer, E. 1954. Origen de las especies salmonideas en lo ríos magallanicos. Punta Arenas, Chile.",-52.649134,-70.334449,1954,1954,Salmo trutta,"Salmo trutta Linnaeus, 1758",Rio Susana,,,,,,,,
"Schaefer, E. 1954. Origen de las especies salmonideas en lo ríos magallanicos. Punta Arenas, Chile.",-52.649134,-70.334449,1954,1954,Oncorhynchus mykiss,"Oncorhynchus mykiss (Walbaum, 1792)",Rio Susana,,,,,,,,
"Schaefer, E. 1954. Origen de las especies salmonideas en lo ríos magallanicos. Punta Arenas, Chile.",-53.272676,-70.945,1954,1954,Salmo trutta,"Salmo trutta Linnaeus, 1758",Rio Tres Brazos,,,,,,,,
"Schaefer, E. 1954. Origen de las especies salmonideas en lo ríos magallanicos. Punta Arenas, Chile.",-53.272676,-70.945,1954,1954,Oncorhynchus mykiss,"Oncorhynchus mykiss (Walbaum, 1792)",Rio Tres Brazos,,,,,,,,
"Schaefer, E. 1954. Origen de las especies salmonideas en lo ríos magallanicos. Punta Arenas, Chile.",-52.608351,-71.508937,1954,1954,Oncorhynchus mykiss,"Oncorhynchus mykiss (Walbaum, 1792)","Seno Skyring, ríos y chorillos que desembocan en el Seno Skyring",,,,,,,,
"Unmack, P. J., Barriga, J. P., Battini, M. A., Habit, E. M., & Johnson, J. B. (2012). Phylogeography of the catfish Hatcheria macraei reveals a negligible role of drainage divides in structuring populations. Molecular Ecology, 21(4), 942–959. https://doi.org/10.1111/j.1365-294X.2011.05408.x",-43.50055556,-71.34694444,2007,2007,Hatcheria macraei,"Hatcheria macraei (Girard, 1855)",Arroyo Cabeza de Vaca,,,,,,Barriga JP & Battini MA,Pesca electrica,
"Unmack, P. J., Barriga, J. P., Battini, M. A., Habit, E. M., & Johnson, J. B. (2012). Phylogeography of the catfish Hatcheria macraei reveals a negligible role of drainage divides in structuring populations. Molecular Ecology, 21(4), 942–959. https://doi.org/10.1111/j.1365-294X.2011.05408.x",-43.1300556,-71.44025,2007,2007,Hatcheria macraei,"Hatcheria macraei (Girard, 1855)",Arroyo Corintos,,,,,,Barriga JP & Battini MA,Pesca electrica,
"Unmack, P. J., Barriga, J. P., Battini, M. A., Habit, E. M., & Johnson, J. B. (2012). Phylogeography of the catfish Hatcheria macraei reveals a negligible role of drainage divides in structuring populations. Molecular Ecology, 21(4), 942–959. https://doi.org/10.1111/j.1365-294X.2011.05408.x",-43.3096111,-71.44275,2007,2007,Hatcheria macraei,"Hatcheria macraei (Girard, 1855)",Arroyo Frio,,,,,,Barriga JP & Battini MA,Pesca electrica,
"Unmack, P. J., Barriga, J. P., Battini, M. A., Habit, E. M., & Johnson, J. B. (2012). Phylogeography of the catfish Hatcheria macraei reveals a negligible role of drainage divides in structuring populations. Molecular Ecology, 21(4), 942–959. https://doi.org/10.1111/j.1365-294X.2011.05408.x",-42.46276,-71.60776,2007,2007,Hatcheria macraei,"Hatcheria macraei (Girard, 1855)",Lago Cholila,,,,,,Barriga JP & Battini MA,Pesca electrica,
"Unmack, P. J., Barriga, J. P., Battini, M. A., Habit, E. M., & Johnson, J. B. (2012). Phylogeography of the catfish Hatcheria macraei reveals a negligible role of drainage divides in structuring populations. Molecular Ecology, 21(4), 942–959. https://doi.org/10.1111/j.1365-294X.2011.05408.x",-47.5769426,-71.3808446,2007,2007,Hatcheria macraei,"Hatcheria macraei (Girard, 1855)",Río Blanco,,,,,,Barriga JP & Battini MA,Pesca electrica,
"Unmack, P. J., Barriga, J. P., Battini, M. A., Habit, E. M., & Johnson, J. B. (2012). Phylogeography of the catfish Hatcheria macraei reveals a negligible role of drainage divides in structuring populations. Molecular Ecology, 21(4), 942–959. https://doi.org/10.1111/j.1365-294X.2011.05408.x",-42.0751389,-71.51769444,2007,2007,Hatcheria macraei,"Hatcheria macraei (Girard, 1855)",Río Epuyén,,,,,,Barriga JP & Battini MA,Pesca electrica,
"Unmack, P. J., Barriga, J. P., Battini, M. A., Habit, E. M., & Johnson, J. B. (2012). Phylogeography of the catfish Hatcheria macraei reveals a negligible role of drainage divides in structuring populations. Molecular Ecology, 21(4), 942–959. https://doi.org/10.1111/j.1365-294X.2011.05408.x",-41.5953889,-71.58094444,2007,2007,Hatcheria macraei,"Hatcheria macraei (Girard, 1855)",Río Manso inferior,,,,,,Barriga JP & Battini MA,Pesca electrica,
"Unmack, P. J., Barriga, J. P., Battini, M. A., Habit, E. M., & Johnson, J. B. (2012). Phylogeography of the catfish Hatcheria macraei reveals a negligible role of drainage divides in structuring populations. Molecular Ecology, 21(4), 942–959. https://doi.org/10.1111/j.1365-294X.2011.05408.x",-43.22277778,-71.42138889,2007,2007,Hatcheria macraei,"Hatcheria macraei (Girard, 1855)",Rio Nant y Fall,,,,,,Barriga JP & Battini MA,Pesca electrica,
"Veyñ, M., Higueras, L., Nardi, C., Habit, E., and Chalde, T. 2025. New insights into Aplochiton species at its southernmost distribution. Rev Fish Biol Fisheries 36(1): 18. doi:10.1007/s11160-025-10025-0.",-54.604806,-67.985471,2014/2025,2014,Aplochiton zebra,"Aplochiton zebra Jenyns, 1843",Rio Bombilla,,,,,,,Pesca electrica,5
"Veyñ, M., Higueras, L., Nardi, C., Habit, E., and Chalde, T. 2025. New insights into Aplochiton species at its southernmost distribution. Rev Fish Biol Fisheries 36(1): 18. doi:10.1007/s11160-025-10025-0.",-54.603813,-67.380727,2014/2025,2014,Aplochiton zebra,"Aplochiton zebra Jenyns, 1846",Rio Cafe,,,,,,,Pesca electrica,1
"Veyñ, M., Higueras, L., Nardi, C., Habit, E., and Chalde, T. 2025. New insights into Aplochiton species at its southernmost distribution. Rev Fish Biol Fisheries 36(1): 18. doi:10.1007/s11160-025-10025-0.",-54.58803,-67.35465,2014/2025,2014,Aplochiton zebra,"Aplochiton zebra Jenyns, 1847",Rio Guanaco,,,,,,,Pesca electrica,7
"Veyñ, M., Higueras, L., Nardi, C., Habit, E., and Chalde, T. 2025. New insights into Aplochiton species at its southernmost distribution. Rev Fish Biol Fisheries 36(1): 18. doi:10.1007/s11160-025-10025-0.",-54.799153,-68.226658,2014/2025,2014,Aplochiton taeniatus,"Aplochiton taeniatus Jenyns, 1842",Rio Olivia,,,,,,,Pesca electrica,1
"Veyñ, M., Higueras, L., Nardi, C., Habit, E., and Chalde, T. 2025. New insights into Aplochiton species at its southernmost distribution. Rev Fish Biol Fisheries 36(1): 18. doi:10.1007/s11160-025-10025-0.",-54.600103,-68.023924,2014/2025,2014,Aplochiton zebra,"Aplochiton zebra Jenyns, 1842",Rio Palacios,,,,,,,Pesca electrica,1
"Veyñ, M., Higueras, L., Nardi, C., Habit, E., and Chalde, T. 2025. New insights into Aplochiton species at its southernmost distribution. Rev Fish Biol Fisheries 36(1): 18. doi:10.1007/s11160-025-10025-0.",-54.60107,-67.882734,2014/2025,2014,Aplochiton zebra,"Aplochiton zebra Jenyns, 1844",Rio Subiabre,,,,,,,Pesca electrica,7
"Veyñ, M., Higueras, L., Nardi, C., Habit, E., and Chalde, T. 2025. New insights into Aplochiton species at its southernmost distribution. Rev Fish Biol Fisheries 36(1): 18. doi:10.1007/s11160-025-10025-0.",-54.602898,-67.459227,2014/2025,2014,Aplochiton zebra,"Aplochiton zebra Jenyns, 1845",Rio Tuerto,,,,,,,Pesca electrica,2
"Veyñ, M., Higueras, L., Nardi, C., Habit, E., and Chalde, T. 2025. New insights into Aplochiton species at its southernmost distribution. Rev Fish Biol Fisheries 36(1): 18. doi:10.1007/s11160-025-10025-0.",-54.543236,-67.2032,2014/2025,2014,Aplochiton zebra,"Aplochiton zebra Jenyns, 1849",Rio Turbio,,,,,,,Pesca electrica,4
"Veyñ, M., Higueras, L., Nardi, C., Habit, E., and Chalde, T. 2025. New insights into Aplochiton species at its southernmost distribution. Rev Fish Biol Fisheries 36(1): 18. doi:10.1007/s11160-025-10025-0.",-54.585002,-67.33146,2014/2025,2014,Aplochiton zebra,"Aplochiton zebra Jenyns, 1848",Rio Valdez,,,,,,,Pesca electrica,10
"Zama, A., & Cárdenas, E. (1984). Introduction into Aysén Chile of the pacific salmon. N°9 Descriptive catalogue of marine and freshwater fishes from the Aysén region, southern Chile, with zoogeographical notes on fish fauna. Servicio Nacional de Pesca - Japanese International Cooperation Agency.",-45.45759,-72.80007,1982-06-29,1982,Oncorhynchus keta,"Oncorhynchus keta (Walbaum, 1792)",Arrollo Pajarones (Ensenada Baja),,,,,,,,
"Zama, A., & Cárdenas, E. (1984). Introduction into Aysén Chile of the pacific salmon. N°9 Descriptive catalogue of marine and freshwater fishes from the Aysén region, southern Chile, with zoogeographical notes on fish fauna. Servicio Nacional de Pesca - Japanese International Cooperation Agency.",-45.45759,-72.80007,1981-03-10,1981,Salmo trutta,"Salmo trutta Linnaeus, 1758",Arrollo Pajarones (Ensenada Baja),,,,,,,,
"Zama, A., & Cárdenas, E. (1984). Introduction into Aysén Chile of the pacific salmon. N°9 Descriptive catalogue of marine and freshwater fishes from the Aysén region, southern Chile, with zoogeographical notes on fish fauna. Servicio Nacional de Pesca - Japanese International Cooperation Agency.",-47.963955,-74.322036,1981,1981,Oncorhynchus mykiss,"Oncorhynchus mykiss (Walbaum, 1792)",Canal Baker,,,,,,,,
"Zama, A., & Cárdenas, E. (1984). Introduction into Aysén Chile of the pacific salmon. N°9 Descriptive catalogue of marine and freshwater fishes from the Aysén region, southern Chile, with zoogeographical notes on fish fauna. Servicio Nacional de Pesca - Japanese International Cooperation Agency.",-45.45417,-72.80285,1981-06-19,1981,Geotria australis,"Geotria australis Gray, 1851",Ensenada Baja,,,,,,,,
"Zama, A., & Cárdenas, E. (1984). Introduction into Aysén Chile of the pacific salmon. N°9 Descriptive catalogue of marine and freshwater fishes from the Aysén region, southern Chile, with zoogeographical notes on fish fauna. Servicio Nacional de Pesca - Japanese International Cooperation Agency.",-45.45417,-72.80285,1982-08-20,1982,Geotria australis,"Geotria australis Gray, 1851",Ensenada Baja,,,,,,,,
"Zama, A., & Cárdenas, E. (1984). Introduction into Aysén Chile of the pacific salmon. N°9 Descriptive catalogue of marine and freshwater fishes from the Aysén region, southern Chile, with zoogeographical notes on fish fauna. Servicio Nacional de Pesca - Japanese International Cooperation Agency.",-45.45417,-72.80285,1982,1982,Oncorhynchus keta,"Oncorhynchus keta (Walbaum, 1792)",Ensenada Baja,,,,,,,,
"Zama, A., & Cárdenas, E. (1984). Introduction into Aysén Chile of the pacific salmon. N°9 Descriptive catalogue of marine and freshwater fishes from the Aysén region, southern Chile, with zoogeographical notes on fish fauna. Servicio Nacional de Pesca - Japanese International Cooperation Agency.",-45.45417,-72.80285,1982-04-30,1982,Oncorhynchus keta,"Oncorhynchus keta (Walbaum, 1792)",Ensenada Baja,,,,,,,,
"Zama, A., & Cárdenas, E. (1984). Introduction into Aysén Chile of the pacific salmon. N°9 Descriptive catalogue of marine and freshwater fishes from the Aysén region, southern Chile, with zoogeographical notes on fish fauna. Servicio Nacional de Pesca - Japanese International Cooperation Agency.",-45.45417,-72.80285,1982,1982,Oncorhynchus kisutch,"Oncorhynchus kisutch (Walbaum, 1792)",Ensenada Baja,,,,,,,,
"Zama, A., & Cárdenas, E. (1984). Introduction into Aysén Chile of the pacific salmon. N°9 Descriptive catalogue of marine and freshwater fishes from the Aysén region, southern Chile, with zoogeographical notes on fish fauna. Servicio Nacional de Pesca - Japanese International Cooperation Agency.",-45.45417,-72.80285,1982-11-02,1982,Oncorhynchus mykiss,"Oncorhynchus mykiss (Walbaum, 1792)",Ensenada Baja,,,,,,,,
"Zama, A., & Cárdenas, E. (1984). Introduction into Aysén Chile of the pacific salmon. N°9 Descriptive catalogue of marine and freshwater fishes from the Aysén region, southern Chile, with zoogeographical notes on fish fauna. Servicio Nacional de Pesca - Japanese International Cooperation Agency.",-45.45417,-72.80285,1982,1982,Salmo trutta,"Salmo trutta Linnaeus, 1758",Ensenada Baja,,,,,,,,
"Zama, A., & Cárdenas, E. (1984). Introduction into Aysén Chile of the pacific salmon. N°9 Descriptive catalogue of marine and freshwater fishes from the Aysén region, southern Chile, with zoogeographical notes on fish fauna. Servicio Nacional de Pesca - Japanese International Cooperation Agency.",-45.45417,-72.80285,,,Galaxias maculatus,"Galaxias maculatus (Jenyns, 1842)",Ensenada Baja,,Rueda 1982,,,,,,
"Zama, A., & Cárdenas, E. (1984). Introduction into Aysén Chile of the pacific salmon. N°9 Descriptive catalogue of marine and freshwater fishes from the Aysén region, southern Chile, with zoogeographical notes on fish fauna. Servicio Nacional de Pesca - Japanese International Cooperation Agency.",-45.45417,-72.80285,1980-06-15,1980,Galaxias maculatus,"Galaxias maculatus (Jenyns, 1842)",Ensenada Baja,,,,,,,,
"Zama, A., & Cárdenas, E. (1984). Introduction into Aysén Chile of the pacific salmon. N°9 Descriptive catalogue of marine and freshwater fishes from the Aysén region, southern Chile, with zoogeographical notes on fish fauna. Servicio Nacional de Pesca - Japanese International Cooperation Agency.",-45.45417,-72.80285,1982,1982,Eleginops maclovinus,"Eleginops maclovinus (Cuvier, 1830)",Ensenada Baja,,,,,,,,
"Zama, A., & Cárdenas, E. (1984). Introduction into Aysén Chile of the pacific salmon. N°9 Descriptive catalogue of marine and freshwater fishes from the Aysén region, southern Chile, with zoogeographical notes on fish fauna. Servicio Nacional de Pesca - Japanese International Cooperation Agency.",-45.45417,-72.80285,1980-10-08,1980,Eleginops maclovinus,"Eleginops maclovinus (Cuvier, 1830)",Ensenada Baja,,,,,,,,
"Zama, A., & Cárdenas, E. (1984). Introduction into Aysén Chile of the pacific salmon. N°9 Descriptive catalogue of marine and freshwater fishes from the Aysén region, southern Chile, with zoogeographical notes on fish fauna. Servicio Nacional de Pesca - Japanese International Cooperation Agency.",-45.45417,-72.80285,1982-06-04,1982,Eleginops maclovinus,"Eleginops maclovinus (Cuvier, 1830)",Ensenada Baja,,,,,,,,
"Zama, A., & Cárdenas, E. (1984). Introduction into Aysén Chile of the pacific salmon. N°9 Descriptive catalogue of marine and freshwater fishes from the Aysén region, southern Chile, with zoogeographical notes on fish fauna. Servicio Nacional de Pesca - Japanese International Cooperation Agency.",-43.716667,-72.833333,1979,1979,Eleginops maclovinus,"Eleginops maclovinus (Cuvier, 1830)",Estero Pillán,,Navarro y Pequeño 1979,,,,,,
"Zama, A., & Cárdenas, E. (1984). Introduction into Aysén Chile of the pacific salmon. N°9 Descriptive catalogue of marine and freshwater fishes from the Aysén region, southern Chile, with zoogeographical notes on fish fauna. Servicio Nacional de Pesca - Japanese International Cooperation Agency.",-45.433417,-72.958959,,,Oncorhynchus mykiss,"Oncorhynchus mykiss (Walbaum, 1792)",Fiordo Aysén,,,,,,,,
"Zama, A., & Cárdenas, E. (1984). Introduction into Aysén Chile of the pacific salmon. N°9 Descriptive catalogue of marine and freshwater fishes from the Aysén region, southern Chile, with zoogeographical notes on fish fauna. Servicio Nacional de Pesca - Japanese International Cooperation Agency.",-45.433417,-72.958959,,,Salmo trutta,"Salmo trutta Linnaeus, 1758",Fiordo Aysén,,,,,,,,
"Zama, A., & Cárdenas, E. (1984). Introduction into Aysén Chile of the pacific salmon. N°9 Descriptive catalogue of marine and freshwater fishes from the Aysén region, southern Chile, with zoogeographical notes on fish fauna. Servicio Nacional de Pesca - Japanese International Cooperation Agency.",-45.433417,-72.958959,,,Eleginops maclovinus,"Eleginops maclovinus (Cuvier, 1830)",Fiordo Aysén,,,,,,,,
"Zama, A., & Cárdenas, E. (1984). Introduction into Aysén Chile of the pacific salmon. N°9 Descriptive catalogue of marine and freshwater fishes from the Aysén region, southern Chile, with zoogeographical notes on fish fauna. Servicio Nacional de Pesca - Japanese International Cooperation Agency.",-45.4999999998,-72.1333333327,1982-10-29,1982,Hatcheria macraei,"Hatcheria macraei (Girard, 1855)",Huichalao,,,,,,,,
"Zama, A., & Cárdenas, E. (1984). Introduction into Aysén Chile of the pacific salmon. N°9 Descriptive catalogue of marine and freshwater fishes from the Aysén region, southern Chile, with zoogeographical notes on fish fauna. Servicio Nacional de Pesca - Japanese International Cooperation Agency.",-45.4999999998,-72.1333333327,1982-12-28,1982,Hatcheria macraei,"Hatcheria macraei (Girard, 1855)",Huichalao,,,,,,,,
"Zama, A., & Cárdenas, E. (1984). Introduction into Aysén Chile of the pacific salmon. N°9 Descriptive catalogue of marine and freshwater fishes from the Aysén region, southern Chile, with zoogeographical notes on fish fauna. Servicio Nacional de Pesca - Japanese International Cooperation Agency.",-45.4999999998,-72.1333333327,1981-11-17,1981,Hatcheria macraei,"Hatcheria macraei (Girard, 1855)",Huichalao (Río Simpson),,,,,,,,
"Zama, A., & Cárdenas, E. (1984). Introduction into Aysén Chile of the pacific salmon. N°9 Descriptive catalogue of marine and freshwater fishes from the Aysén region, southern Chile, with zoogeographical notes on fish fauna. Servicio Nacional de Pesca - Japanese International Cooperation Agency.",-45.408333,-73.55,1982-07-17,1982,Eleginops maclovinus,"Eleginops maclovinus (Cuvier, 1830)",Isla Casma,,,,,,,,
"Zama, A., & Cárdenas, E. (1984). Introduction into Aysén Chile of the pacific salmon. N°9 Descriptive catalogue of marine and freshwater fishes from the Aysén region, southern Chile, with zoogeographical notes on fish fauna. Servicio Nacional de Pesca - Japanese International Cooperation Agency.",-45.9666666667,-73.75,,,Galaxias maculatus,"Galaxias maculatus (Jenyns, 1842)",Isla Huemules,,Navarro y Pequeño 1979,,,,,,
"Zama, A., & Cárdenas, E. (1984). Introduction into Aysén Chile of the pacific salmon. N°9 Descriptive catalogue of marine and freshwater fishes from the Aysén region, southern Chile, with zoogeographical notes on fish fauna. Servicio Nacional de Pesca - Japanese International Cooperation Agency.",-45.9666666667,-73.75,,,Eleginops maclovinus,"Eleginops maclovinus (Cuvier, 1830)",Isla Huemules,,Navarro y Pequeño 1979,,,,,,
"Zama, A., & Cárdenas, E. (1984). Introduction into Aysén Chile of the pacific salmon. N°9 Descriptive catalogue of marine and freshwater fishes from the Aysén region, southern Chile, with zoogeographical notes on fish fauna. Servicio Nacional de Pesca - Japanese International Cooperation Agency.",-49.5333333329,-74.5000000003,,,Aplochiton marinus,"Aplochiton marinus Eigenmann, 1928",Isla Wellington,,"Hokkaido University, Japan and Instituto de la Patagonia, Punta Arenas",,,,,,
"Zama, A., & Cárdenas, E. (1984). Introduction into Aysén Chile of the pacific salmon. N°9 Descriptive catalogue of marine and freshwater fishes from the Aysén region, southern Chile, with zoogeographical notes on fish fauna. Servicio Nacional de Pesca - Japanese International Cooperation Agency.",-46.24045,-71.96482,1984-01-06,1984,Galaxias platei,"Galaxias platei Steindachner, 1898",Lago Don Poli,,,,,,,,
"Zama, A., & Cárdenas, E. (1984). Introduction into Aysén Chile of the pacific salmon. N°9 Descriptive catalogue of marine and freshwater fishes from the Aysén region, southern Chile, with zoogeographical notes on fish fauna. Servicio Nacional de Pesca - Japanese International Cooperation Agency.",-47.31257,-72.58243,1983-01-08,1983,Odontesthes bonariensis,"Odontesthes bonariensis (Valenciennes, 1835)",Lago Esmeralda,,,,,,,,
"Zama, A., & Cárdenas, E. (1984). Introduction into Aysén Chile of the pacific salmon. N°9 Descriptive catalogue of marine and freshwater fishes from the Aysén region, southern Chile, with zoogeographical notes on fish fauna. Servicio Nacional de Pesca - Japanese International Cooperation Agency.",-45.66398,-71.94613,,,Oncorhynchus mykiss,"Oncorhynchus mykiss (Walbaum, 1792)",Lago Frío,,,,,,,,
"Zama, A., & Cárdenas, E. (1984). Introduction into Aysén Chile of the pacific salmon. N°9 Descriptive catalogue of marine and freshwater fishes from the Aysén region, southern Chile, with zoogeographical notes on fish fauna. Servicio Nacional de Pesca - Japanese International Cooperation Agency.",-46.30439,-71.92711,1982-01-10,1982,Percichthys trucha,"Percichthys trucha (Valenciennes, 1833)",Lago General Carrera (Pto. Ibañez),,,,,,,,
"Zama, A., & Cárdenas, E. (1984). Introduction into Aysén Chile of the pacific salmon. N°9 Descriptive catalogue of marine and freshwater fishes from the Aysén region, southern Chile, with zoogeographical notes on fish fauna. Servicio Nacional de Pesca - Japanese International Cooperation Agency.",-47.28029,-72.45022,1983-01-07,1983,Percichthys trucha,"Percichthys trucha (Valenciennes, 1833)",Lago Maldonado,,,,,,,,
"Zama, A., & Cárdenas, E. (1984). Introduction into Aysén Chile of the pacific salmon. N°9 Descriptive catalogue of marine and freshwater fishes from the Aysén region, southern Chile, with zoogeographical notes on fish fauna. Servicio Nacional de Pesca - Japanese International Cooperation Agency.",-45.66646,-71.85398,1975-01,1975,Galaxias platei,"Galaxias platei Steindachner, 1898",Lago Pollux,,,,,,,,
"Zama, A., & Cárdenas, E. (1984). Introduction into Aysén Chile of the pacific salmon. N°9 Descriptive catalogue of marine and freshwater fishes from the Aysén region, southern Chile, with zoogeographical notes on fish fauna. Servicio Nacional de Pesca - Japanese International Cooperation Agency.",-45.46757,-72.72904,1980-09-19,1980,Galaxias platei,"Galaxias platei Steindachner, 1898",Lago Riesco,,,,,,,,
"Zama, A., & Cárdenas, E. (1984). Introduction into Aysén Chile of the pacific salmon. N°9 Descriptive catalogue of marine and freshwater fishes from the Aysén region, southern Chile, with zoogeographical notes on fish fauna. Servicio Nacional de Pesca - Japanese International Cooperation Agency.",-48.14281,-73.1204,1982-01-12,1982,Aplochiton zebra,"Aplochiton zebra Jenyns, 1842",Laguna Quetro,,,,,,,,
"Zama, A., & Cárdenas, E. (1984). Introduction into Aysén Chile of the pacific salmon. N°9 Descriptive catalogue of marine and freshwater fishes from the Aysén region, southern Chile, with zoogeographical notes on fish fauna. Servicio Nacional de Pesca - Japanese International Cooperation Agency.",-46.65,-73.883333,,,Eleginops maclovinus,"Eleginops maclovinus (Cuvier, 1830)",Laguna San Rafael,,,,,,,,
"Zama, A., & Cárdenas, E. (1984). Introduction into Aysén Chile of the pacific salmon. N°9 Descriptive catalogue of marine and freshwater fishes from the Aysén region, southern Chile, with zoogeographical notes on fish fauna. Servicio Nacional de Pesca - Japanese International Cooperation Agency.",-48.25,-73.591667,1982-01-01,1982,Aplochiton marinus,"Aplochiton marinus Eigenmann, 1928",Laguna Ventisquero,,,,,,,,
"Zama, A., & Cárdenas, E. (1984). Introduction into Aysén Chile of the pacific salmon. N°9 Descriptive catalogue of marine and freshwater fishes from the Aysén region, southern Chile, with zoogeographical notes on fish fauna. Servicio Nacional de Pesca - Japanese International Cooperation Agency.",-44.5,-73.4999999996,1982,1982,Oncorhynchus mykiss,"Oncorhynchus mykiss (Walbaum, 1792)",Moraleda Channel,,Rueda 1982,,,,,,
"Zama, A., & Cárdenas, E. (1984). Introduction into Aysén Chile of the pacific salmon. N°9 Descriptive catalogue of marine and freshwater fishes from the Aysén region, southern Chile, with zoogeographical notes on fish fauna. Servicio Nacional de Pesca - Japanese International Cooperation Agency.",-44.5,-73.4999999996,,,Eleginops maclovinus,"Eleginops maclovinus (Cuvier, 1830)",Moraleda Channel,,Rueda 1982,,,,,,
"Zama, A., & Cárdenas, E. (1984). Introduction into Aysén Chile of the pacific salmon. N°9 Descriptive catalogue of marine and freshwater fishes from the Aysén region, southern Chile, with zoogeographical notes on fish fauna. Servicio Nacional de Pesca - Japanese International Cooperation Agency.",-46.8333333329,-75.2999999996,1888,1888,Aplochiton zebra,"Aplochiton zebra Jenyns, 1842",Port Otway,,Thompson 1916,,USNM 77287,USNM,,,
"Zama, A., & Cárdenas, E. (1984). Introduction into Aysén Chile of the pacific salmon. N°9 Descriptive catalogue of marine and freshwater fishes from the Aysén region, southern Chile, with zoogeographical notes on fish fauna. Servicio Nacional de Pesca - Japanese International Cooperation Agency.",-46.8333333329,-75.2999999996,1888,1888,Galaxias maculatus,"Galaxias maculatus (Jenyns, 1842)",Port Otway,,Thompson 1916,,USNM 77367,USNM,,,
"Zama, A., & Cárdenas, E. (1984). Introduction into Aysén Chile of the pacific salmon. N°9 Descriptive catalogue of marine and freshwater fishes from the Aysén region, southern Chile, with zoogeographical notes on fish fauna. Servicio Nacional de Pesca - Japanese International Cooperation Agency.",-45.16155,-73.52067,1980-12-03,1980,Galaxias maculatus,"Galaxias maculatus (Jenyns, 1842)",Puerto Aguirre,,,,,,,,
"Zama, A., & Cárdenas, E. (1984). Introduction into Aysén Chile of the pacific salmon. N°9 Descriptive catalogue of marine and freshwater fishes from the Aysén region, southern Chile, with zoogeographical notes on fish fauna. Servicio Nacional de Pesca - Japanese International Cooperation Agency.",-45.416667,-72.7,,,Geotria australis,"Geotria australis Gray, 1851",Puerto Aysén,,,,,,,,
"Zama, A., & Cárdenas, E. (1984). Introduction into Aysén Chile of the pacific salmon. N°9 Descriptive catalogue of marine and freshwater fishes from the Aysén region, southern Chile, with zoogeographical notes on fish fauna. Servicio Nacional de Pesca - Japanese International Cooperation Agency.",-45.416667,-72.7,1981-02-07,1981,Aplochiton taeniatus,"Aplochiton taeniatus Jenyns, 1842",Puerto Aysén,,,,,,,,
"Zama, A., & Cárdenas, E. (1984). Introduction into Aysén Chile of the pacific salmon. N°9 Descriptive catalogue of marine and freshwater fishes from the Aysén region, southern Chile, with zoogeographical notes on fish fauna. Servicio Nacional de Pesca - Japanese International Cooperation Agency.",-45.416667,-72.7,1984-01-26,1984,Galaxias maculatus,"Galaxias maculatus (Jenyns, 1842)",Puerto Aysén,,,,,,,,
"Zama, A., & Cárdenas, E. (1984). Introduction into Aysén Chile of the pacific salmon. N°9 Descriptive catalogue of marine and freshwater fishes from the Aysén region, southern Chile, with zoogeographical notes on fish fauna. Servicio Nacional de Pesca - Japanese International Cooperation Agency.",-48.050901,-74.588702,1888,1888,Aplochiton taeniatus,"Aplochiton taeniatus Jenyns, 1842",Puerto Island (Island Harbour),,Thompson 1916,,USNM 77288,USNM,,,
"Zama, A., & Cárdenas, E. (1984). Introduction into Aysén Chile of the pacific salmon. N°9 Descriptive catalogue of marine and freshwater fishes from the Aysén region, southern Chile, with zoogeographical notes on fish fauna. Servicio Nacional de Pesca - Japanese International Cooperation Agency.",-45.24658,-73.24177,,,Oncorhynchus mykiss,"Oncorhynchus mykiss (Walbaum, 1792)",Puerto Pérez,,,,,,,,
"Zama, A., & Cárdenas, E. (1984). Introduction into Aysén Chile of the pacific salmon. N°9 Descriptive catalogue of marine and freshwater fishes from the Aysén region, southern Chile, with zoogeographical notes on fish fauna. Servicio Nacional de Pesca - Japanese International Cooperation Agency.",-45.24658,-73.24177,1980-11-08,1980,Salmo trutta,"Salmo trutta Linnaeus, 1758",Puerto Pérez,,,,,,,,
"Zama, A., & Cárdenas, E. (1984). Introduction into Aysén Chile of the pacific salmon. N°9 Descriptive catalogue of marine and freshwater fishes from the Aysén region, southern Chile, with zoogeographical notes on fish fauna. Servicio Nacional de Pesca - Japanese International Cooperation Agency.",-45.24658,-73.24177,1982-10-30,1982,Galaxias maculatus,"Galaxias maculatus (Jenyns, 1842)",Puerto Pérez,,,,,,,,
"Zama, A., & Cárdenas, E. (1984). Introduction into Aysén Chile of the pacific salmon. N°9 Descriptive catalogue of marine and freshwater fishes from the Aysén region, southern Chile, with zoogeographical notes on fish fauna. Servicio Nacional de Pesca - Japanese International Cooperation Agency.",-45.407044,-72.727886,1983,1983,Geotria australis,"Geotria australis Gray, 1851",Puerto Piedra (Río Aysén),,,,,,,,
"Zama, A., & Cárdenas, E. (1984). Introduction into Aysén Chile of the pacific salmon. N°9 Descriptive catalogue of marine and freshwater fishes from the Aysén region, southern Chile, with zoogeographical notes on fish fauna. Servicio Nacional de Pesca - Japanese International Cooperation Agency.",-45.416667,-72.7,1983,1983,Salmo trutta,"Salmo trutta Linnaeus, 1758",Río Aysén,,,,,,,,
"Zama, A., & Cárdenas, E. (1984). Introduction into Aysén Chile of the pacific salmon. N°9 Descriptive catalogue of marine and freshwater fishes from the Aysén region, southern Chile, with zoogeographical notes on fish fauna. Servicio Nacional de Pesca - Japanese International Cooperation Agency.",-45.416667,-72.7,1983,1983,Aplochiton taeniatus,"Aplochiton taeniatus Jenyns, 1842",Río Aysén,,,,,,,,
"Zama, A., & Cárdenas, E. (1984). Introduction into Aysén Chile of the pacific salmon. N°9 Descriptive catalogue of marine and freshwater fishes from the Aysén region, southern Chile, with zoogeographical notes on fish fauna. Servicio Nacional de Pesca - Japanese International Cooperation Agency.",-45.416667,-72.7,1980-10-28,1980,Aplochiton taeniatus,"Aplochiton taeniatus Jenyns, 1842",Río Aysén,,,,,,,,
"Zama, A., & Cárdenas, E. (1984). Introduction into Aysén Chile of the pacific salmon. N°9 Descriptive catalogue of marine and freshwater fishes from the Aysén region, southern Chile, with zoogeographical notes on fish fauna. Servicio Nacional de Pesca - Japanese International Cooperation Agency.",-45.444627,-72.79422,1983,1983,Eleginops maclovinus,"Eleginops maclovinus (Cuvier, 1830)",Río Aysén (Río Salto),,,,,,,,
"Zama, A., & Cárdenas, E. (1984). Introduction into Aysén Chile of the pacific salmon. N°9 Descriptive catalogue of marine and freshwater fishes from the Aysén region, southern Chile, with zoogeographical notes on fish fauna. Servicio Nacional de Pesca - Japanese International Cooperation Agency.",-45.57624,-72.08838,1981-04-27,1981,Oncorhynchus mykiss,"Oncorhynchus mykiss (Walbaum, 1792)",Río Claro,,,,,,,,
"Zama, A., & Cárdenas, E. (1984). Introduction into Aysén Chile of the pacific salmon. N°9 Descriptive catalogue of marine and freshwater fishes from the Aysén region, southern Chile, with zoogeographical notes on fish fauna. Servicio Nacional de Pesca - Japanese International Cooperation Agency.",-45.57624,-72.08838,1982-09-24,1982,Oncorhynchus mykiss,"Oncorhynchus mykiss (Walbaum, 1792)",Río Claro,,,,,,,,
"Zama, A., & Cárdenas, E. (1984). Introduction into Aysén Chile of the pacific salmon. N°9 Descriptive catalogue of marine and freshwater fishes from the Aysén region, southern Chile, with zoogeographical notes on fish fauna. Servicio Nacional de Pesca - Japanese International Cooperation Agency.",-45.57624,-72.08838,1978,1978,Aplochiton zebra,"Aplochiton zebra Jenyns, 1842",Río Claro,,,,,,,,
"Zama, A., & Cárdenas, E. (1984). Introduction into Aysén Chile of the pacific salmon. N°9 Descriptive catalogue of marine and freshwater fishes from the Aysén region, southern Chile, with zoogeographical notes on fish fauna. Servicio Nacional de Pesca - Japanese International Cooperation Agency.",-45.45129,-72.79406,1982-04-30,1982,Oncorhynchus kisutch,"Oncorhynchus kisutch (Walbaum, 1792)",Salto River,,,,,,,,
"Zama, A., & Cárdenas, E. (1984). Introduction into Aysén Chile of the pacific salmon. N°9 Descriptive catalogue of marine and freshwater fishes from the Aysén region, southern Chile, with zoogeographical notes on fish fauna. Servicio Nacional de Pesca - Japanese International Cooperation Agency.",-45.45129,-72.79406,1983,1983,Salmo trutta,"Salmo trutta Linnaeus, 1758",Salto River,,,,,,,,
"Zama, A., & Cárdenas, E. (1984). Introduction into Aysén Chile of the pacific salmon. N°9 Descriptive catalogue of marine and freshwater fishes from the Aysén region, southern Chile, with zoogeographical notes on fish fauna. Servicio Nacional de Pesca - Japanese International Cooperation Agency.",-45.45129,-72.79406,1982-06-30,1982,Salmo trutta,"Salmo trutta Linnaeus, 1758",Salto River,,,,,,,,
"Zama, A., & Cárdenas, E. (1984). Introduction into Aysén Chile of the pacific salmon. N°9 Descriptive catalogue of marine and freshwater fishes from the Aysén region, southern Chile, with zoogeographical notes on fish fauna. Servicio Nacional de Pesca - Japanese International Cooperation Agency.",-45.45129,-72.79406,1983,1983,Galaxias maculatus,"Galaxias maculatus (Jenyns, 1842)",Salto River,,,,,,,,
"Zama, A., & Cárdenas, E. (1984). Introduction into Aysén Chile of the pacific salmon. N°9 Descriptive catalogue of marine and freshwater fishes from the Aysén region, southern Chile, with zoogeographical notes on fish fauna. Servicio Nacional de Pesca - Japanese International Cooperation Agency.",-45.54818,-72.06869,,,Oncorhynchus mykiss,"Oncorhynchus mykiss (Walbaum, 1792)",Simpson River,,,,,,,,
"Zama, A., & Cárdenas, E. (1984). Introduction into Aysén Chile of the pacific salmon. N°9 Descriptive catalogue of marine and freshwater fishes from the Aysén region, southern Chile, with zoogeographical notes on fish fauna. Servicio Nacional de Pesca - Japanese International Cooperation Agency.",-45.54818,-72.06869,1980-10-23,1980,Salmo trutta,"Salmo trutta Linnaeus, 1758",Simpson River,,,,,,,,
"Zama, A., & Cárdenas, E. (1984). Introduction into Aysén Chile of the pacific salmon. N°9 Descriptive catalogue of marine and freshwater fishes from the Aysén region, southern Chile, with zoogeographical notes on fish fauna. Servicio Nacional de Pesca - Japanese International Cooperation Agency.",-45.54818,-72.06869,1980-08,1980,Hatcheria macraei,"Hatcheria macraei (Girard, 1855)",Simpson River (Coyhaique),,,,,,,,
"Zama, A., & Cárdenas, E. (1984). Introduction into Aysén Chile of the pacific salmon. N°9 Descriptive catalogue of marine and freshwater fishes from the Aysén region, southern Chile, with zoogeographical notes on fish fauna. Servicio Nacional de Pesca - Japanese International Cooperation Agency.",-48.45833,-74.39167,1931-05-08,1931,Eleginops maclovinus,"Eleginops maclovinus (Cuvier, 1830)",,,Norman 1937,,1936.8.26.915,NHMUK,,,
,-43.527676,-71.555252,2007-03-08,2007,Geotria australis,"Geotria australis Gray, 1851",Río Corcovado,,,,,,"Barriga, JP",pesca electrica,5
"Fernández, M. V., Lallement, M., Rechencq, M., Vigliano, P. H., Sosnovsky, A., & Macchi, P. J. (2018). Top predator fish assemblages in Northern Patagonia, Argentina. What factors regulate their patterns of distribution and abundance? Austral Ecology, 43(6), 651–662. https://doi.org/10.1111/aec.12610",-41.3561,-71.7332,,1997,Salvelinus fontinalis,"Salvelinus fontinalis (Mitchill, 1814)",Lago Hess,,,,,,,,
"Fernández, M. V., Lallement, M., Rechencq, M., Vigliano, P. H., Sosnovsky, A., & Macchi, P. J. (2018). Top predator fish assemblages in Northern Patagonia, Argentina. What factors regulate their patterns of distribution and abundance? Austral Ecology, 43(6), 651–662. https://doi.org/10.1111/aec.12610",-41.36903,-71.77735,,1997,Salvelinus fontinalis,"Salvelinus fontinalis (Mitchill, 1814)",Lago Roca,,,,,,,,
"Milano, D., Ruzzante, D.E., Cussac, V.E., Macchi, P.J., Ferriz, R.A., Barriga, J.P., Aigo, J.D., Lattuca, M.E., & Walde, S.J. (2006). Latitudinal and ecological correlates of morphological variation in Galaxias platei (Pisces,",-54.63609464,-67.99142712,2001-01-09,2001,Salvelinus fontinalis,"Salvelinus fontinalis (Mitchill, 1814)",,,,,,,,,16
"Milano, D., Ruzzante, D.E., Cussac, V.E., Macchi, P.J., Ferriz, R.A., Barriga, J.P., Aigo, J.D., Lattuca, M.E., & Walde, S.J. (2006). Latitudinal and ecological correlates of morphological variation in Galaxias platei (Pisces,",-54.65782571,-67.80403883,2001-01-10,2001,Salvelinus fontinalis,"Salvelinus fontinalis (Mitchill, 1814)",,,,,,,,,19
