"id_CC","decimalLatitude","decimalLongitude","canonicalName","year","eventDate","locality","samplingProtocol","individualCount","catalogNumber","datasetName","bibliographicCitation","institutionCode","occurrenceID","Comment","match_id","match_keys_used","n_keys_used","n_candidates_final","match_status","n_core_keys_used","match_quality"
"12577",-42.61,-71.66666667,"hatcheria macraei",NA,NA,"lago rivadavia",NA,NA,"486","agui","Cussac, V.E., Habit,",NA,NA,"recordedBy: Barriga JP & Battini MA","13308","datasetName;canonicalName;decimalLatitude",3,1,"matched",3,"acceptable_3_core"
"12681",-41.26,-71.64,"galaxias maculatus",2008,NA,"lago mascardi","seine net and baited traps","30","623","agui","Fernández, M. V., Ga",NA,NA,"para mascardi unificar coordenadas en 41.26666667/71.6333333","13412","datasetName;canonicalName;decimalLatitude",3,1,"matched",3,"acceptable_3_core"
"11020",-47.7667,-72.2167,"galaxias platei",NA,NA,NA,NA,NA,NA,"data",NA,"fo","4556297","Pto en la tierra, Parece que corresponde al Lago Volcán(coord 47.77/72.24)","11661","datasetName;canonicalName;decimalLatitude",3,1,"matched",3,"acceptable_3_core"
"11273",-47.8167,-72.15,"galaxias platei",NA,NA,NA,NA,NA,NA,"data",NA,"fo","4556299","pto en la tierra, no sabemos a que laguna corresponde","11936","datasetName;canonicalName;decimalLatitude",3,1,"matched",3,"acceptable_3_core"
"11790",-47.35,-71.95,"galaxias platei",NA,NA,NA,NA,NA,NA,"data",NA,"fo","4556259","coord correcta: 47.2936/71.97; Locality: Lago Buenos Aires","12476","datasetName;canonicalName;decimalLatitude",3,1,"matched",3,"acceptable_3_core"
"11949",-42.6,-71.9167,"galaxias platei",NA,NA,NA,NA,NA,NA,"data",NA,"fo","4556277","Locality: Lago Cisne","12639","datasetName;canonicalName;decimalLatitude",3,1,"matched",3,"acceptable_3_core"
"12298",-41.3833,-71.7833,"galaxias maculatus",NA,NA,NA,NA,NA,NA,"data",NA,"fo","4556131","locality: lago Roca coor cae en la tierra?","13020","datasetName;canonicalName;decimalLatitude",3,1,"matched",3,"acceptable_3_core"
"12300",-41.3167,-71.7833,"galaxias maculatus",NA,NA,NA,NA,NA,NA,"data",NA,"fo","4556187","Locality:Lago Fonk","13022","datasetName;canonicalName;decimalLatitude",3,1,"matched",3,"acceptable_3_core"
"12304",-41.3167,-71.7833,"oncorhynchus mykiss",NA,NA,NA,NA,NA,NA,"data",NA,"fo","4559871","Locality: Lago Fonck","13026","datasetName;canonicalName;decimalLatitude",3,1,"matched",3,"acceptable_3_core"
"12344",-42.4167,-71.7667,"galaxias platei",NA,NA,NA,NA,NA,NA,"data",NA,"fo","4556276","no podemos constatar, suponemos que la locality: Lago Cholila","13066","datasetName;canonicalName;decimalLatitude",3,1,"matched",3,"acceptable_3_core"
"12346",-42.2333,-71.7667,"galaxias platei",NA,NA,NA,NA,NA,NA,"data",NA,"fo","4556217","punto en tierra entre Lago Puelo y Lago Esperanza","13068","datasetName;canonicalName;decimalLatitude",3,1,"matched",3,"acceptable_3_core"
"12386",-42.8833,-71.75,"galaxias platei",NA,NA,NA,NA,NA,NA,"data",NA,"fo","4556226","locality: Lago Krugger","13108","datasetName;canonicalName;decimalLatitude",3,1,"matched",3,"acceptable_3_core"
"12394",-41.3672,-71.7397,"galaxias maculatus",NA,NA,NA,NA,NA,NA,"data",NA,"fo","4556177","locality:Lago Hess","13116","datasetName;canonicalName;decimalLatitude",3,1,"matched",3,"acceptable_3_core"
"12403",-42.7167,-71.7333,"galaxias platei",NA,NA,NA,NA,NA,NA,"data",NA,"fo","4556224","locality: Lago Verde","13125","datasetName;canonicalName;decimalLatitude",3,1,"matched",3,"acceptable_3_core"
"12486",-41.4981,-71.6919,"galaxias maculatus",NA,NA,NA,NA,NA,NA,"data",NA,"fo","4556189","locality: Lago Martín","13214","datasetName;canonicalName;decimalLatitude",3,1,"matched",3,"acceptable_3_core"
"12488",-41.4981,-71.6919,"galaxias platei",NA,NA,NA,NA,NA,NA,"data",NA,"fo","4556312","locality: Lago Martin","13216","datasetName;canonicalName;decimalLatitude",3,1,"matched",3,"acceptable_3_core"
"12490",-41.4981,-71.6919,"oncorhynchus mykiss",NA,NA,NA,NA,NA,NA,"data",NA,"fo","4559873","Locality: Lago Martin","13218","datasetName;canonicalName;decimalLatitude",3,1,"matched",3,"acceptable_3_core"
"12496",-41.3083,-71.6917,"galaxias platei",NA,NA,NA,NA,NA,NA,"data",NA,"fo","4556216","no podemos constatar, suponemos que la locality: Laguna Los Cesares","13224","datasetName;canonicalName;decimalLatitude",3,1,"matched",3,"acceptable_3_core"
"12524",-43.0833,-71.6833,"galaxias platei",NA,NA,NA,NA,NA,NA,"data",NA,"fo","4556227","Locality: Lago Amutui Quimei","13252","datasetName;canonicalName;decimalLatitude",3,1,"matched",3,"acceptable_3_core"
"12528",-41.7,-71.6833,"galaxias maculatus",NA,NA,NA,NA,NA,NA,"data",NA,"fo","4556133","posible Lago Escondido, coord correcta: 41.69179/71.682045","13256","datasetName;canonicalName;decimalLatitude",3,1,"matched",3,"acceptable_3_core"
"12563",-42.45,-71.6667,"aplochiton zebra",NA,NA,NA,NA,NA,NA,"data",NA,"fo","4552619","L. Cholila 42.46416/71.60573","13294","datasetName;canonicalName;decimalLatitude",3,1,"matched",3,"acceptable_3_core"
"12567",-42.3333,-71.6667,"galaxias platei",NA,NA,NA,NA,NA,NA,"data",NA,"fo","4556275","no podemos constatar, mala la coord suponemos que la locality: Lago Cholila","13298","datasetName;canonicalName;decimalLatitude",3,1,"matched",3,"acceptable_3_core"
"12571",-41.5,-71.6667,"hatcheria macraei",NA,NA,NA,NA,NA,NA,"data",NA,"fo","4556660","Locality: Lago Martin; coord correcta: 41.5106/71.659","13302","datasetName;canonicalName;decimalLatitude",3,1,"matched",3,"acceptable_3_core"
"12573",-41.25,-71.6667,"galaxias maculatus",NA,NA,NA,NA,NA,NA,"data",NA,"fo","4556171","parece que tambien es Mallin Ingenieros","13304","datasetName;canonicalName;decimalLatitude",3,1,"matched",3,"acceptable_3_core"
"12638",-43.4167,-71.65,"galaxias platei",NA,NA,NA,NA,NA,NA,"data",NA,"fo","4556284","No podemos constatar el sitio esta cerca del rio Hielo (coord correcta: 424765/71.649373)","13369","datasetName;canonicalName;decimalLatitude",3,1,"matched",3,"acceptable_3_core"
"12640",-43.1833,-71.65,"galaxias platei",NA,NA,NA,NA,NA,NA,"data",NA,"fo","4556250","Suponemos que Locality : Río Futaleufú, si es este ambiente la coord correcta seria 43,18084/71.65678","13371","datasetName;canonicalName;decimalLatitude",3,1,"matched",3,"acceptable_3_core"
"12709",-42.8333,-71.6333,"aplochiton zebra",NA,NA,NA,NA,NA,NA,"data",NA,"fo","4552614","Locality: L. Futalaufquen","13440","datasetName;canonicalName;decimalLatitude",3,1,"matched",3,"acceptable_3_core"
"12711",-42.8333,-71.6333,"galaxias platei",NA,NA,NA,NA,NA,NA,"data",NA,"fo","4556223","locality: Lago Futalaufquen","13442","datasetName;canonicalName;decimalLatitude",3,1,"matched",3,"acceptable_3_core"
"12717",-42.1167,-71.6333,"aplochiton taeniatus",NA,NA,NA,NA,NA,NA,"data",NA,"fo","4552591","locality: L. Puelo","13448","datasetName;canonicalName;decimalLatitude",3,1,"matched",3,"acceptable_3_core"
"12719",-42.1167,-71.6333,"galaxias platei",NA,NA,NA,NA,NA,NA,"data",NA,"fo","4556220","Cood correcta 42.1536/71.6389","13450","datasetName;canonicalName;decimalLatitude",3,1,"matched",3,"acceptable_3_core"
"12770",-46.5333,-71.6167,"galaxias platei",NA,NA,NA,NA,NA,NA,"data",NA,"fo","4556258","Locality : Lago Buenos Aires","13501","datasetName;canonicalName;decimalLatitude",3,1,"matched",3,"acceptable_3_core"
"12772",-46.5333,-71.6167,"hatcheria macraei",NA,NA,NA,NA,NA,NA,"data",NA,"fo","4556647","Loclity: Lago Buenos Aires","13503","datasetName;canonicalName;decimalLatitude",3,1,"matched",3,"acceptable_3_core"
"12776",-42.1,-71.6167,"aplochiton zebra",NA,NA,NA,NA,NA,NA,"data",NA,"fo","4552618","En Locality lago Puelo","13507","datasetName;canonicalName;decimalLatitude",3,1,"matched",3,"acceptable_3_core"
"12778",-41.5167,-71.6167,"galaxias platei",NA,NA,NA,NA,NA,NA,"data",NA,"fo","4556273","locality: Lago Steffen; cood correcta 41.51624/71.58072","13509","datasetName;canonicalName;decimalLatitude",3,1,"matched",3,"acceptable_3_core"
"12821",-43.1333,-71.6,"aplochiton zebra",NA,NA,NA,NA,NA,NA,"data",NA,"fo","4552622","Locality: Rio Futaleufú","13552","datasetName;canonicalName;decimalLatitude",3,1,"matched",3,"acceptable_3_core"
"12823",-43.1333,-71.6,"galaxias platei",NA,NA,NA,NA,NA,NA,"data",NA,"fo","4556315","Suponemos que Locality : Río Futaleufú, si es este ambiente la coord correcta seria 43,139/71.6","13554","datasetName;canonicalName;decimalLatitude",3,1,"matched",3,"acceptable_3_core"
"12827",-43.1333,-71.6,"oncorhynchus mykiss",NA,NA,NA,NA,NA,NA,"data",NA,"fo","4559876","locality: Río Futaleufú; coord correctas: 43.13621/71.60534","13558","datasetName;canonicalName;decimalLatitude",3,1,"matched",3,"acceptable_3_core"
"12829",-43.1333,-71.6,"percichthys trucha",NA,NA,NA,NA,NA,NA,"data",NA,"fo","4560344","esta cerca del rio futalaufquen pero no podemos constatar","13560","datasetName;canonicalName;decimalLatitude",3,1,"matched",3,"acceptable_3_core"
"12837",-41.3333,-71.6,"galaxias maculatus",NA,NA,NA,NA,NA,NA,"data",NA,"fo","4556188","en el mapa esta sobre la tierra cerca del L. Mascardi","13568","datasetName;canonicalName;decimalLatitude",3,1,"matched",3,"acceptable_3_core"
"12839",-41.3333,-71.6,"galaxias platei",NA,NA,NA,NA,NA,NA,"data",NA,"fo","4556311","Locality: Lago Puelo; coord correcta: 41.34514/71.618776","13570","datasetName;canonicalName;decimalLatitude",3,1,"matched",3,"acceptable_3_core"
"12841",-41.3333,-71.6,"oncorhynchus mykiss",NA,NA,NA,NA,NA,NA,"data",NA,"fo","4559872","no pordemos constatar cae en la tierra","13572","datasetName;canonicalName;decimalLatitude",3,1,"matched",3,"acceptable_3_core"
"12875",-47.5,-71.5833,"hatcheria macraei",NA,NA,NA,NA,NA,NA,"data",NA,"fo","4556630","no podemos constatar pto en la tierra","13606","datasetName;canonicalName;decimalLatitude",3,1,"matched",3,"acceptable_3_core"
"12888",-43.2,-71.5667,"galaxias platei",NA,NA,NA,NA,NA,NA,"data",NA,"fo","4556254","Suponemos que Locality : Río Baggilt, si es este ambiente la coord correcta sería 43.19909/71.581781","13619","datasetName;canonicalName;decimalLatitude",3,1,"matched",3,"acceptable_3_core"
"12905",-41.3667,-71.55,"aplochiton zebra",NA,NA,NA,NA,NA,NA,"data",NA,"fo","4552610","dato dudoso parece L Mascardi","13636","datasetName;canonicalName;decimalLatitude",3,1,"matched",3,"acceptable_3_core"
"12909",-41.3667,-71.55,"percichthys trucha",NA,NA,NA,NA,NA,NA,"data",NA,"fo","4560310","nunca se pesco perca en toda la cuenca del Rio Manso dato erroneo","13640","datasetName;canonicalName;decimalLatitude",3,1,"matched",3,"acceptable_3_core"
"12911",-41.35,-71.55,"galaxias maculatus",NA,NA,NA,NA,NA,NA,"data",NA,"fo","4556190","locality:Lago Mascardi","13642","datasetName;canonicalName;decimalLatitude",3,1,"matched",3,"acceptable_3_core"
"12915",-41.35,-71.55,"oncorhynchus mykiss",NA,NA,NA,NA,NA,NA,"data",NA,"fo","4559874","locality: lago Mascardi","13646","datasetName;canonicalName;decimalLatitude",3,1,"matched",3,"acceptable_3_core"
"12964",-43.9333,-71.5333,"galaxias platei",NA,NA,NA,NA,NA,NA,"data",NA,"fo","4556230","Locality: lago Vintter","13695","datasetName;canonicalName;decimalLatitude",3,1,"matched",3,"acceptable_3_core"
"12968",-41.9667,-71.5333,"hatcheria macraei",NA,NA,NA,NA,NA,NA,"data",NA,"fo","4556662","no podemos constatar cae en el medio de la ciudad de Bolsón","13699","datasetName;canonicalName;decimalLatitude",3,1,"matched",3,"acceptable_3_core"
"12998",-42.9833,-71.5167,"oncorhynchus mykiss",NA,NA,NA,NA,NA,NA,"data",NA,"fo","4559847","locality: Laguna Terraplén","13729","datasetName;canonicalName;decimalLatitude",3,1,"matched",3,"acceptable_3_core"
"13000",-42.9833,-71.5167,"percichthys trucha",NA,NA,NA,NA,NA,NA,"data",NA,"fo","4560320","locality: Laguna Terraplen","13731","datasetName;canonicalName;decimalLatitude",3,1,"matched",3,"acceptable_3_core"
"13022",-43.8167,-71.5,"galaxias platei",NA,NA,NA,NA,NA,NA,"data",NA,"fo","4556289","punto en la tierra al lado del Lago Guacho (coord correcta: 43.8188/7146098)","13753","datasetName;canonicalName;decimalLatitude",3,1,"matched",3,"acceptable_3_core"
"13030",-42.2,-71.5,"aplochiton taeniatus",NA,NA,NA,NA,NA,NA,"data",NA,"fo","4552599","locality: L. Epuyen","13761","datasetName;canonicalName;decimalLatitude",3,1,"matched",3,"acceptable_3_core"
"13032",-42.2,-71.5,"aplochiton zebra",NA,NA,NA,NA,NA,NA,"data",NA,"fo","4552613","locality: L. Epuyen","13763","datasetName;canonicalName;decimalLatitude",3,1,"matched",3,"acceptable_3_core"
"13066",-42.45,-71.4833,"oncorhynchus mykiss",NA,NA,NA,NA,NA,NA,"data",NA,"fo","4559846","locality: Lago Lezama","13797","datasetName;canonicalName;decimalLatitude",3,1,"matched",3,"acceptable_3_core"
"13068",-42.45,-71.4833,"percichthys trucha",NA,NA,NA,NA,NA,NA,"data",NA,"fo","4560317","Locality Lago Lezama","13799","datasetName;canonicalName;decimalLatitude",3,1,"matched",3,"acceptable_3_core"
"13074",-41.5667,-71.4833,"oncorhynchus mykiss",NA,NA,NA,NA,NA,NA,"data",NA,"fo","4559875","no pordemos constatar cae en la tierra, podría ser el rio Villegas","13805","datasetName;canonicalName;decimalLatitude",3,1,"matched",3,"acceptable_3_core"
"13091",-43,-71.4667,"galaxias platei",NA,NA,NA,NA,NA,NA,"data",NA,"fo","4556251","Coord en la tierra, no lo podemos constatar a que ambiente corresponde","13822","datasetName;canonicalName;decimalLatitude",3,1,"matched",3,"acceptable_3_core"
"13107",-42.6833,-71.45,"galaxias platei",NA,NA,NA,NA,NA,NA,"data",NA,"fo","4556278","No lo podemos constatar cae en la tierra (cerca hay un lago Villarino en 42.67707/71.49032)","13838","datasetName;canonicalName;decimalLatitude",3,1,"matched",3,"acceptable_3_core"
"13130",-44.3167,-71.4167,"galaxias platei",NA,NA,NA,NA,NA,NA,"data",NA,"fo","4556293","No lo podemos constatar cae en la tierra","13861","datasetName;canonicalName;decimalLatitude",3,1,"matched",3,"acceptable_3_core"
"13155",-42.2167,-71.3833,"hatcheria macraei",NA,NA,NA,NA,NA,NA,"data",NA,"fo","4556663","Locality: Arroyo Minas, coor correcta: 42.21512/71.37492","13886","datasetName;canonicalName;decimalLatitude",3,1,"matched",3,"acceptable_3_core"
"13159",-44.1167,-71.3667,"galaxias platei",NA,NA,NA,NA,NA,NA,"data",NA,"fo","4556228","punto en la tierra , no podemos asociarlo a ningún ambiente.","13890","datasetName;canonicalName;decimalLatitude",3,1,"matched",3,"acceptable_3_core"
"13197",-43.2667,-71.3333,"hatcheria macraei",NA,NA,NA,NA,NA,NA,"data",NA,"fo","4556664","locality: Lago Rosario","13928","datasetName;canonicalName;decimalLatitude",3,1,"matched",3,"acceptable_3_core"
"13217",-43.5,-71.25,"percichthys trucha",NA,NA,NA,NA,NA,NA,"data",NA,"fo","4560279","no podemos constatar","13948","datasetName;canonicalName;decimalLatitude",3,1,"matched",3,"acceptable_3_core"
"13219",-43.3333,-71.2167,"galaxias platei",NA,NA,NA,NA,NA,NA,"data",NA,"fo","4556247","No podemos constatar el sitio, esta cerca del rio Corintios (43.32495/71.19977)","13950","datasetName;canonicalName;decimalLatitude",3,1,"matched",3,"acceptable_3_core"
"13227",-43.3167,-71.1667,"galaxias platei",NA,NA,NA,NA,NA,NA,"data",NA,"fo","4556286","No podemos constatar el sitio, esta cerca del rio Corintios (43.32495/71.19977)","13958","datasetName;canonicalName;decimalLatitude",3,1,"matched",3,"acceptable_3_core"
"13238",-43.2333,-71.1,"galaxias platei",NA,NA,NA,NA,NA,NA,"data",NA,"fo","4556245","Punto en la tierra, no sabemos si es el Lago Cronometro o el rio Corintos","13969","datasetName;canonicalName;decimalLatitude",3,1,"matched",3,"acceptable_3_core"
"13525",-54.55,-68.3333,"aplochiton taeniatus",NA,NA,NA,NA,NA,NA,"data",NA,"fo","4552605","locality: L. Fagnano","14262","datasetName;canonicalName;decimalLatitude",3,1,"matched",3,"acceptable_3_core"
"13596",-54.55,-67.8833,"galaxias platei",NA,NA,NA,NA,NA,NA,"data",NA,"fo","4556303","el punto cae en Lago Fagnano, pero no podemos constatar","14335","datasetName;canonicalName;decimalLatitude",3,1,"matched",3,"acceptable_3_core"
"13627",-54.4167,-67.75,"galaxias platei",NA,NA,NA,NA,NA,NA,"data",NA,"fo","4556265","no podemos constatar que lago es","14366","datasetName;canonicalName;decimalLatitude",3,1,"matched",3,"acceptable_3_core"
"10882",-47.86043,-72.27492,"galaxias platei",2010,"2010-03-06","<p>lago azara</p>",NA,NA,"apn-pm-849","gbif",NA,"apn-ar",NA,"Locality: Lago Azara","11516","datasetName;canonicalName;decimalLatitude",3,1,"matched",3,"acceptable_3_core"
"11713",-47.5,-72,"hatcheria macraei",NA,NA,"rio blanco at base of andes, patagonia, argentina, 47°30's, 72°w.",NA,NA,"fb 2737081","gbif",NA,"fishbase","fishbase:occurrence:fb 2737081","coord correcta: 47.576798/71.3810877","12400","datasetName;canonicalName;decimalLatitude",3,1,"matched",3,"acceptable_3_core"
"12342",-41.231766,-71.771268,"oncorhynchus mykiss",2024,"2024-05-21",NA,NA,NA,"221918038","gbif",NA,"inaturalist","https://www.inaturalist.org/observations/221918038","Locality: Río Manso superior","13064","datasetName;canonicalName;decimalLatitude",3,1,"matched",3,"acceptable_3_core"
"12391",-42.725423,-71.742235,"oncorhynchus mykiss",2024,"2024-01-27",NA,NA,NA,"198318000","gbif",NA,"inaturalist","https://www.inaturalist.org/observations/198318000","locality: Río Arrayanes","13113","datasetName;canonicalName;decimalLatitude",3,1,"matched",3,"acceptable_3_core"
"12728",-42.09483,-71.6302,"galaxias maculatus",NA,NA,"parque nacional lago puelo, en charcos a la orilla del lago",NA,NA,"cnpict2013/5","gbif",NA,"cenpat-conicet","cenpat-conicet:cnpict:cnpict2013/5","registro dudoso, nosotros no pescamos GM en Puelo, puede ser Gplatei","13459","datasetName;canonicalName;decimalLatitude",3,1,"matched",3,"acceptable_3_core"
"12733",-46.531147,-71.627891,"oncorhynchus mykiss",2019,"2019-11-26",NA,NA,NA,"103445989","gbif",NA,"inaturalist","https://www.inaturalist.org/observations/103445989","Locality: Lago Buenos Aires; coord correcta: 46.52911/71.62715","13464","datasetName;canonicalName;decimalLatitude",3,1,"matched",3,"acceptable_3_core"
"12737",-42.863644,-71.62344,"oncorhynchus mykiss",2023,"2023-01-29",NA,NA,NA,"166511824","gbif",NA,"inaturalist","https://www.inaturalist.org/observations/166511824","Locality : Lago Futalaufquén","13468","datasetName;canonicalName;decimalLatitude",3,1,"matched",3,"acceptable_3_core"
"12882",-43.139393,-71.581513,"oncorhynchus mykiss",2020,"2020-02-22",NA,NA,NA,"253674048","gbif",NA,"inaturalist","https://www.inaturalist.org/observations/253674048","locality :Río Futaleufú","13613","datasetName;canonicalName;decimalLatitude",3,1,"matched",3,"acceptable_3_core"
"12885",-41.356602,-71.568905,"oncorhynchus mykiss",2010,"2010-10-28",NA,NA,NA,"199128821","gbif",NA,"inaturalist","https://www.inaturalist.org/observations/199128821","locality: lago Mascardi","13616","datasetName;canonicalName;decimalLatitude",3,1,"matched",3,"acceptable_3_core"
"12947",-42.10058,-71.548649,"hatcheria macraei",2024,"2024-09-25",NA,NA,NA,"243887750","gbif",NA,"inaturalist","https://www.inaturalist.org/observations/243887750","Locality: Río Epuyén","13678","datasetName;canonicalName;decimalLatitude",3,1,"matched",3,"acceptable_3_core"
"12951",-41.512058,-71.539532,"oncorhynchus mykiss",2021,"2021-11-13",NA,NA,NA,"195530571","gbif",NA,"inaturalist","https://www.inaturalist.org/observations/195530571","Locality: Lago Steffen","13682","datasetName;canonicalName;decimalLatitude",3,1,"matched",3,"acceptable_3_core"
"12952",-42.148943,-71.53921,"hatcheria macraei",2024,"2024-10-31",NA,NA,NA,"249817833","gbif",NA,"inaturalist","https://www.inaturalist.org/observations/249817833","Locality: Lago Epuyén","13683","datasetName;canonicalName;decimalLatitude",3,1,"matched",3,"acceptable_3_core"
"12953",-42.150825,-71.539078,"aplochiton",NA,NA,"puerto patriada, lago epuyen chubut",NA,"2","cnpict1983/105","gbif",NA,"cenpat-conicet","cenpat-conicet-cnpict-cnpict1983/105","no sabemos que Aplochiton es¡¡¡¡","13684","datasetName;canonicalName;decimalLatitude",3,1,"matched",3,"acceptable_3_core"
"12956",-41.964923,-71.535339,"oncorhynchus mykiss",2023,"2023-01-16",NA,NA,NA,"146577770","gbif",NA,"inaturalist","https://www.inaturalist.org/observations/146577770","no pordemos constatar cae en la tierra","13687","datasetName;canonicalName;decimalLatitude",3,1,"matched",3,"acceptable_3_core"
"12992",-42.06511,-71.5196,"aplochiton zebra",NA,NA,"el hoyo",NA,NA,"4975","gbif",NA,"macn","macn:macn-ict:4975","El Hoyo es un pueblo, podria ser el rio Epuyen","13723","datasetName;canonicalName;decimalLatitude",3,1,"matched",3,"acceptable_3_core"
"13484",-54.840095,-68.572999,"galaxias maculatus",2023,"2023-10-18",NA,NA,NA,"187833010","gbif",NA,"inaturalist","https://www.inaturalist.org/observations/187833010","no tenemos como comprobar","14221","datasetName;canonicalName;decimalLatitude",3,1,"matched",3,"acceptable_3_core"
"13488",-54.843943,-68.568655,"galaxias maculatus",2024,"2024-11-04",NA,NA,NA,"250216624","gbif",NA,"inaturalist","https://www.inaturalist.org/observations/250216624","no tenemos como comprobar","14225","datasetName;canonicalName;decimalLatitude",3,1,"matched",3,"acceptable_3_core"
"13499",-54.845347,-68.563968,"galaxias maculatus",2022,"2022-11-15",NA,NA,NA,"142030334","gbif",NA,"inaturalist","https://www.inaturalist.org/observations/142030334","no tenemos como comprobar","14236","datasetName;canonicalName;decimalLatitude",3,1,"matched",3,"acceptable_3_core"
"13536",-54.801912,-68.302951,"galaxias maculatus",2023,"2023-12-10",NA,NA,NA,"193814654","gbif",NA,"inaturalist","https://www.inaturalist.org/observations/193814654","no tenemos como comprobar","14273","datasetName;canonicalName;decimalLatitude",3,1,"matched",3,"acceptable_3_core"
"13546",-54.798523,-68.226292,"oncorhynchus mykiss",2023,"2023-10-19",NA,NA,NA,"187904953","gbif",NA,"inaturalist","https://www.inaturalist.org/observations/187904953","Locality: río Olivia","14283","datasetName;canonicalName;decimalLatitude",3,1,"matched",3,"acceptable_3_core"
"13716",-54.909256,-65.98155,"galaxias maculatus",NA,NA,"tierra del fuego, puerto español",NA,"2","cnpict1967/9","gbif",NA,"cenpat-conicet","cenpat-conicet-cnpict-cnpict1967/9","no tenemos como comprobar","14455","datasetName;canonicalName;decimalLatitude",3,1,"matched",3,"acceptable_3_core"
"13084",-43.19044088,-71.47180845,"oncorhynchus mykiss",2023,"2023-02-04","futaleufú, chubut, argentina",NA,NA,"151401307","inat",NA,NA,"https://www.inaturalist.org/observations/151401307","Locality: Río Nant y Falt","13815","datasetName;canonicalName;decimalLatitude",3,1,"matched",3,"acceptable_3_core"
"12565",-42.45,-71.6667,"galaxias platei",NA,NA,NA,NA,NA,NA,"data",NA,"fo","4556221","no podemos constatar, mala la coord suponemos que la locality: Lago Cholila","13296","datasetName;canonicalName;decimalLatitude;decimalLongitude",4,1,"matched",4,"good_4plus_core"
"12780",-41.35,-71.6167,"galaxias platei",NA,NA,NA,NA,NA,NA,"data",NA,"fo","4556197","coord correcta: 41.34514/71.618776","13511","datasetName;canonicalName;decimalLatitude;decimalLongitude",4,1,"matched",4,"good_4plus_core"
"12819",-44.2,-71.6,"galaxias platei",NA,NA,NA,NA,NA,NA,"data",NA,"fo","4556229","Locality : Lago Cuatro","13550","datasetName;canonicalName;decimalLatitude;decimalLongitude",4,1,"matched",4,"good_4plus_core"
"12835",-42.45,-71.6,"galaxias platei",NA,NA,NA,NA,NA,NA,"data",NA,"fo","4556248","no podemos constatar, mal la coord suponemos que la locality: Lago Cholila o L. De los Cisnes","13566","datasetName;canonicalName;decimalLatitude;decimalLongitude",4,1,"matched",4,"good_4plus_core"
"12877",-41.5167,-71.5833,"galaxias maculatus",NA,NA,NA,NA,NA,NA,"data",NA,"fo","4556132","locality: Lago Steffen","13608","datasetName;canonicalName;decimalLatitude;decimalLongitude",4,1,"matched",4,"good_4plus_core"
"12903",-41.5167,-71.55,"galaxias maculatus",NA,NA,NA,NA,NA,NA,"data",NA,"fo","4556179","locality: Lago Steffen, coord correcta:41.5167/71.5833","13634","datasetName;canonicalName;decimalLatitude;decimalLongitude",4,1,"matched",4,"good_4plus_core"
"12913",-41.35,-71.55,"galaxias platei",NA,NA,NA,NA,NA,NA,"data",NA,"fo","4556313","locality: Lago Mascardi","13644","datasetName;canonicalName;decimalLatitude;decimalLongitude",4,1,"matched",4,"good_4plus_core"
"12994",-42.9833,-71.5167,"galaxias platei",NA,NA,NA,NA,NA,NA,"data",NA,"fo","4556234","Locality: Laguna Terraplén","13725","datasetName;canonicalName;decimalLatitude;decimalLongitude",4,1,"matched",4,"good_4plus_core"
"13062",-42.45,-71.4833,"galaxias platei",NA,NA,NA,NA,NA,NA,"data",NA,"fo","4556219","Locality: Lago Lezama","13793","datasetName;canonicalName;decimalLatitude;decimalLongitude",4,1,"matched",4,"good_4plus_core"
"13157",-44.2,-71.3667,"galaxias platei",NA,NA,NA,NA,NA,NA,"data",NA,"fo","4556231","punto en la tierra , no podemos asociarlo a ningún ambiente.","13888","datasetName;canonicalName;decimalLatitude;decimalLongitude",4,1,"matched",4,"good_4plus_core"
"13222",-42.9833,-71.2,"galaxias platei",NA,NA,NA,NA,NA,NA,"data",NA,"fo","4556256","Coord en la tierra, no lo podemos constatar a que ambiente corresponde","13953","datasetName;canonicalName;decimalLatitude;decimalLongitude",4,1,"matched",4,"good_4plus_core"
"13527",-54.55,-68.3333,"aplochiton zebra",NA,NA,NA,NA,NA,NA,"data",NA,"fo","4552617","locality: L. Fagnano","14264","datasetName;canonicalName;decimalLatitude;decimalLongitude",4,1,"matched",4,"good_4plus_core"
"13594",-54.55,-67.8833,"aplochiton zebra",NA,NA,NA,NA,NA,NA,"data",NA,"fo","4552615","locality: L. Fagnano","14333","datasetName;canonicalName;decimalLatitude;decimalLongitude",4,1,"matched",4,"good_4plus_core"
"12478",-42.673837,-71.692722,"oncorhynchus mykiss",2023,"2023-01-21",NA,NA,NA,"147830683","gbif",NA,"inaturalist","https://www.inaturalist.org/observations/147830683","Locality: Arroyo Colihuel","13208","datasetName;canonicalName;decimalLatitude;decimalLongitude;catalogNumber",5,1,"matched",4,"good_4plus_core"
"12948",-41.35766,-71.546528,"oncorhynchus",2021,"2021-03-27",NA,NA,NA,"72226604","gbif",NA,"inaturalist","https://www.inaturalist.org/observations/72226604","Locality Lago Mascardi; canonical Name: Oncorhychus mykiss","13679","datasetName;canonicalName",2,1,"matched",2,"weak_2_core"
"13196",-43.25,-71.33333,"hatcheria",2007,"2007-05-11","lago rosario",NA,NA,NA,"gbif",NA,"universidad nacional de la plata, facultad de ciencias naturales y museo","ffpat042-11","canonicalName: Hatcheria macraei; coord correcta 43.25917/71.33759","13926","datasetName;canonicalName",2,1,"matched",2,"weak_2_core"
"10938",-49.03183,-72.24448,"galaxias platei",1998,NA,"lago san martín","gillnets or electrofishing equipmen",NA,"1163","agui","RUZZANTE, D.E., WALD",NA,NA,"coord correcta: 48.9978/72.2456",NA,NA,NA,0,"no_match",NA,"no_match"
"10939",-49.03183,-72.24448,"percichthys trucha",1998,NA,"lago san martín","gillnets or electrofishing equipmen",NA,"1182","agui","RUZZANTE, D.E., WALD",NA,NA,"coord correctas: 49.0093/72.2437",NA,NA,NA,0,"no_match",NA,"no_match"
"11275",-47.85,-72.15,"galaxias platei",NA,NA,"lago la pescado",NA,NA,"471","agui","Cussac, V., Ortubay,",NA,NA,"locality: Lagura Pescado; coord correcta: 47.82058/72.1659",NA,NA,NA,0,"no_match",NA,"no_match"
"11280",-47.91667931,-72.14936524,"galaxias platei",1998,NA,"lago belgrano","gillnets or electrofishing equipmen",NA,"1162","agui","RUZZANTE, D.E., WALD",NA,NA,"coord correcta: 47.82/72.118; year 2001; RecordedBy D Milano; individualCount: 132",NA,NA,NA,0,"no_match",NA,"no_match"
"11283",-47.91671062,-72.14928295,"galaxias platei",1995,NA,"lago belgrano","gillnets",NA,"951","agui","Milano, D., Ruzzante",NA,NA,"coord correcta: 47.82/72.118; year 2001; RecordedBy D Milano; individualCount: 132",NA,NA,NA,0,"no_match",NA,"no_match"
"11284",-47.91671062,-72.14928295,"galaxias platei",1996,NA,"lago belgrano","a) redes agalleras bentónicas, b) trampas cebadas de profundidad y c) red de arrastre costero.",NA,"926","agui","Milano D. 2003. Biol",NA,NA,"coord correcta: 47.82/72.118; year 2001; RecordedBy D Milano; individualCount: 132",NA,NA,NA,0,"no_match",NA,"no_match"
"11285",-47.91671062,-72.14928295,"galaxias platei",NA,NA,"lago belgrano",NA,NA,"15","agui","Aigo, J., Cussac, V.",NA,NA,"coord correcta: 47.82/72.118",NA,NA,NA,0,"no_match",NA,"no_match"
"11404",-47.83333333,-72.11666667,"galaxias platei",NA,NA,"lago belgrano",NA,NA,"470","agui","Cussac, V., Ortubay,",NA,NA,"coord correcta: 47.82/72.118; year 2001; RecordedBy D Milano; individualCount: 132",NA,NA,NA,0,"no_match",NA,"no_match"
"11491",-47.81666667,-72.08333333,"galaxias platei",NA,NA,"lago la oriental",NA,NA,"468","agui","Cussac, V., Ortubay,",NA,NA,"coord correcta: 47.7666/71.9660",NA,NA,NA,0,"no_match",NA,"no_match"
"11758",-47.2936,-71.97,"galaxias platei",2002,NA,"lago pueyrredon","gillnets and seine","16","172","agui","Barriga, J.P., Milan",NA,NA,"coord correcta: 47.2936/71.97; year: 2001",NA,NA,NA,0,"no_match",NA,"no_match"
"11947",-47.3,-71.9167,"galaxias platei",1998,NA,"lago pueyrredon","gillnets or electrofishing equipmen",NA,"1161","agui","RUZZANTE, D.E., WALD",NA,NA,"coord correcta: 47.2936/71.97; year: 2001",NA,NA,NA,0,"no_match",NA,"no_match"
"11948",-47.3,-71.9167,"percichthys trucha",1998,NA,"lago pueyrredon","gillnets or electrofishing equipmen",NA,"1181","agui","RUZZANTE, D.E., WALD",NA,NA,"coord correcta: 47.4369/71.9176; year 2001",NA,NA,NA,0,"no_match",NA,"no_match"
"11954",-47.3,-71.91666667,"galaxias platei",1995,NA,"lago pueyrredon","gillnets",NA,"950","agui","Milano, D., Ruzzante",NA,NA,"coord correcta: 47.2936/71.97; year: 2001",NA,NA,NA,0,"no_match",NA,"no_match"
"11956",-47.3,-71.91666667,"galaxias platei",NA,NA,"lago pueyrredon",NA,NA,"33","agui","Aigo, J., Cussac, V.",NA,NA,"coord correcta: 47.2936/71.97; year: 2001",NA,NA,NA,0,"no_match",NA,"no_match"
"11960",-47.3,-71.91666667,"oncorhynchus mykiss",NA,NA,"lago pueyrredon",NA,NA,"121","agui","Aigo, J., Cussac, V.",NA,NA,"coord correcta:47.3103/71.9328; year 2001",NA,NA,NA,0,"no_match",NA,"no_match"
"11961",-47.3,-71.91666667,"percichthys trucha",1995,NA,"lago pueyrredon","gillnets",NA,"958","agui","Milano, D., Ruzzante",NA,NA,"coord correcta: 47.4369/71.9176; year 2001",NA,NA,NA,0,"no_match",NA,"no_match"
"11962",-47.3,-71.91666667,"percichthys trucha",NA,NA,"lago pueyrredon",NA,NA,"66","agui","Aigo, J., Cussac, V.",NA,NA,"coord correcta: 47.4369/71.9176; year 2001",NA,NA,NA,0,"no_match",NA,"no_match"
"12004",-48.53333333,-71.9,"galaxias platei",NA,NA,"lago argentino",NA,NA,"472","agui","Cussac, V., Ortubay,",NA,NA,"coord correcta: 50.32363/72.29108",NA,NA,NA,0,"no_match",NA,"no_match"
"12192",-42.21666667,-71.83333333,"galaxias platei",NA,NA,"lago esperanza",NA,NA,"21","agui","Aigo, J., Cussac, V.",NA,NA,"coord correcta 42.2010/71.8483",NA,NA,NA,0,"no_match",NA,"no_match"
"12193",-42.21666667,-71.83333333,"oncorhynchus mykiss",NA,NA,"lago esperanza",NA,NA,"87","agui","Aigo, J., Cussac, V.",NA,NA,"coord Correcta: 42.21261/71.83461",NA,NA,NA,0,"no_match",NA,"no_match"
"12295",-42.33333333,-71.78333333,"aplochiton zebra",NA,NA,"lago cholila",NA,NA,"368","agui","Cussac, V., Ortubay,",NA,NA,"42.46416/71.60573",NA,NA,NA,0,"no_match",NA,"no_match"
"12296",-42.33333333,-71.78333333,"galaxias platei",NA,NA,"lago cholila",NA,NA,"423","agui","Cussac, V., Ortubay,",NA,NA,"Coor correcta 42.45/71.6667",NA,NA,NA,0,"no_match",NA,"no_match"
"12297",-41.31666667,-71.78333333,"galaxias platei",NA,NA,"lago fonck",NA,NA,"932","agui","Milano, D., & Viglia",NA,NA,"coor correcta:41.3125/71.7825; eventDate 28/01/1997; year 1997; recordedBy D. Milano",NA,NA,NA,0,"no_match",NA,"no_match"
"12314",-41.3125,-71.7825,"galaxias platei",2002,NA,"lago fonck","gillnets and seine","5","166","agui","Barriga, J.P., Milan",NA,NA,"coor correcta:41.3125/71.7825, eventDate 28/01/1997; year 1997; recordedBy D. Milano",NA,NA,NA,0,"no_match",NA,"no_match"
"12351",-41.31666667,-71.76666667,"galaxias maculatus",NA,NA,"lago fonck",NA,NA,"404","agui","Cussac, V., Ortubay,",NA,NA,"coord 41.3167/71.7833",NA,NA,NA,0,"no_match",NA,"no_match"
"12352",-41.31666667,-71.76666667,"galaxias platei",NA,NA,"lago fonck",NA,NA,"417","agui","Cussac, V., Ortubay,",NA,NA,"coor correcta:41.3125/71.7825, eventDate 28/01/1997; year 1997; recordedBy D. Milano",NA,NA,NA,0,"no_match",NA,"no_match"
"12355",-43.05,-71.75,"aplochiton zebra",NA,NA,"lago amutui quimei",NA,NA,"1","agui","Aigo, J., Cussac, V.",NA,NA,"43.0373/71.74189",NA,NA,NA,0,"no_match",NA,"no_match"
"12357",-43.05,-71.75,"oncorhynchus mykiss",NA,NA,"lago amutui quimei",NA,NA,"69","agui","Aigo, J., Cussac, V.",NA,NA,"coor correcta:43.02/71.748",NA,NA,NA,0,"no_match",NA,"no_match"
"12358",-43.05,-71.75,"percichthys trucha",NA,NA,"lago amutui quimei",NA,NA,"58","agui","Aigo, J., Cussac, V.",NA,NA,"coor correcta:43.02/71.748",NA,NA,NA,0,"no_match",NA,"no_match"
"12359",-43.05,-71.75,"salmo salar",NA,NA,"lago amutui quimei",NA,NA,"72","agui","Aigo, J., Cussac, V.",NA,NA,"coor correcta:43.02/71.748",NA,NA,NA,0,"no_match",NA,"no_match"
"12360",-43.05,-71.75,"salmo trutta",NA,NA,"lago amutui quimei",NA,NA,"71","agui","Aigo, J., Cussac, V.",NA,NA,"coor correcta:43.02/71.748",NA,NA,NA,0,"no_match",NA,"no_match"
"12362",-42.73333333,-71.75,"galaxias platei",NA,NA,"río arrayanes",NA,NA,"434","agui","Cussac, V., Ortubay,",NA,NA,"Coor correcta 42.73032/71.75",NA,NA,NA,0,"no_match",NA,"no_match"
"12363",-42.5,-71.75,"aplochiton zebra",1995,NA,"lago rivadavia","gillnets",NA,"934","agui","Milano, D., Ruzzante",NA,NA,"42.66616/71.677583",NA,NA,NA,0,"no_match",NA,"no_match"
"12364",-42.5,-71.75,"aplochiton zebra",1996,NA,"lago rivadavia","a) redes agalleras bentónicas, b) trampas cebadas de profundidad y c) red de arrastre costero.",NA,"909","agui","Milano D. 2003. Biol",NA,NA,"42.66616/71.677583",NA,NA,NA,0,"no_match",NA,"no_match"
"12365",-42.5,-71.75,"galaxias platei",1995,NA,"lago rivadavia","gillnets",NA,"945","agui","Milano, D., Ruzzante",NA,NA,"Coor correcta 42.6092/71.6647; Year 1998 (febrero) y 2000 (febrero; mayo y septiembre)",NA,NA,NA,0,"no_match",NA,"no_match"
"12366",-42.5,-71.75,"galaxias platei",1996,NA,"lago rivadavia","a) redes agalleras bentónicas, b) trampas cebadas de profundidad y c) red de arrastre costero.",NA,"921","agui","Milano D. 2003. Biol",NA,NA,"Coor correcta 42.6092/71.6647; Year 1998 (febrero) y 2000 (febrero; mayo y septiembre)",NA,NA,NA,0,"no_match",NA,"no_match"
"12370",-42.5,-71.75,"percichthys trucha",1995,NA,"lago rivadavia","gillnets",NA,"957","agui","Milano, D., Ruzzante",NA,NA,"coord correcta:42.6092/71.6647; Year: 1998/2000",NA,NA,NA,0,"no_match",NA,"no_match"
"12371",-42.5,-71.75,"percichthys trucha",1996,NA,"lago rivadavia","a) redes agalleras bentónicas, b) trampas cebadas de profundidad y c) red de arrastre costero.",NA,"930","agui","Milano D. 2003. Biol",NA,NA,"coord correcta:42.6092/71.6647; Year: 1998/2000",NA,NA,NA,0,"no_match",NA,"no_match"
"12372",-41.35,-71.75,"galaxias maculatus",1997,NA,"lago roca","baited traps","8","651","agui","Flores V, Liliana S.",NA,NA,"cooordenada correcta 41.3721/71.7736",NA,NA,NA,0,"no_match",NA,"no_match"
"12373",-41.35,-71.75,"galaxias maculatus",1998,NA,"lago roca","baited traps","25","1323","agui","Viozzi, G.P., & Flor",NA,NA,"cooordenada correcta 41.3721/71.7736",NA,NA,NA,0,"no_match",NA,"no_match"
"12374",-41.31666667,-71.75,"galaxias maculatus",1995,NA,"lago fonck","baited traps",NA,"656","agui","Flores, V., & Viozzi",NA,NA,"coord 41.3167/71.7833",NA,NA,NA,0,"no_match",NA,"no_match"
"12377",-41.31666667,-71.75,"galaxias maculatus",1996,NA,"lago fonck","a) redes agalleras bentónicas, b) trampas cebadas de profundidad y c) red de arrastre costero.",NA,"912","agui","Milano D. 2003. Biol",NA,NA,"coord 41.3167/71.7833",NA,NA,NA,0,"no_match",NA,"no_match"
"12378",-41.31666667,-71.75,"galaxias maculatus",NA,NA,"lago fonck",NA,NA,"8","agui","Aigo, J., Cussac, V.",NA,NA,"coord 41.3167/71.7833",NA,NA,NA,0,"no_match",NA,"no_match"
"12380",-41.31666667,-71.75,"galaxias platei",1995,NA,"lago fonck","gillnets",NA,"942","agui","Milano, D., Ruzzante",NA,NA,"coor correcta:41.3125/71.7825, eventDate 28/01/1997; year 1997; recordedBy D. Milano",NA,NA,NA,0,"no_match",NA,"no_match"
"12381",-41.31666667,-71.75,"galaxias platei",1996,NA,"lago fonck","a) redes agalleras bentónicas, b) trampas cebadas de profundidad y c) red de arrastre costero.",NA,"917","agui","Milano D. 2003. Biol",NA,NA,"coor correcta:41.3125/71.7825, eventDate 28/01/1997; year 1997; recordedBy D. Milano",NA,NA,NA,0,"no_match",NA,"no_match"
"12382",-41.31666667,-71.75,"galaxias platei",NA,NA,"lago fonck",NA,NA,"22","agui","Aigo, J., Cussac, V.",NA,NA,"coor correcta:41.3125/71.7825, eventDate 28/01/1997; year 1997; recordedBy D. Milano",NA,NA,NA,0,"no_match",NA,"no_match"
"12383",-41.31666667,-71.75,"oncorhynchus mykiss",NA,NA,"lago fonck",NA,NA,"88","agui","Aigo, J., Cussac, V.",NA,NA,"coor correctas : 41.3161/71.7796",NA,NA,NA,0,"no_match",NA,"no_match"
"12398",-42.76666667,-71.73333333,"aplochiton zebra",NA,NA,"lago futalaufquen",NA,NA,"371","agui","Cussac, V., Ortubay,",NA,NA,"year: 2000",NA,NA,NA,0,"no_match",NA,"no_match"
"12399",-42.76666667,-71.73333333,"galaxias platei",NA,NA,"lago futalaufquen",NA,NA,"435","agui","Cussac, V., Ortubay,",NA,NA,"Coor correcta 42.76666/71.74; year: 2000",NA,NA,NA,0,"no_match",NA,"no_match"
"12436",-43.16666667,-71.71666667,"percichthys trucha",NA,NA,"lago la balsa",NA,NA,"63","agui","Aigo, J., Cussac, V.",NA,NA,"coord correcta: 43.17202/71.728",NA,NA,NA,0,"no_match",NA,"no_match"
"12437",-42.81666667,-71.71666667,"aplochiton zebra",NA,NA,"lago futalaufquen",NA,NA,"5","agui","Aigo, J., Cussac, V.",NA,NA,"year: 2000",NA,NA,NA,0,"no_match",NA,"no_match"
"12443",-41.36666667,-71.71666667,"galaxias maculatus",1995,NA,"lago hess","baited traps",NA,"657","agui","Flores, V., & Viozzi",NA,NA,"cooordenada correcta 41.3567/71.734",NA,NA,NA,0,"no_match",NA,"no_match"
"12446",-41.36666667,-71.71666667,"galaxias maculatus",NA,NA,"lago hess","nets and baited traps",NA,"1320","agui","Viozzi, G. P., & Gut",NA,NA,"cooordenada correcta 41.3567/71.734",NA,NA,NA,0,"no_match",NA,"no_match"
"12447",-41.36666667,-71.71666667,"galaxias platei",NA,NA,"lago hess",NA,NA,"24","agui","Aigo, J., Cussac, V.",NA,NA,"dato erroneo no hay platei en Hess",NA,NA,NA,0,"no_match",NA,"no_match"
"12449",-41.36666667,-71.71666667,"oncorhynchus mykiss",NA,NA,"lago hess",NA,NA,"100","agui","Aigo, J., Cussac, V.",NA,NA,"coord correcta: 41.35618/71.7327",NA,NA,NA,0,"no_match",NA,"no_match"
"12450",-41.36666667,-71.71666667,"percichthys trucha",NA,NA,"lago hess",NA,NA,"62","agui","Aigo, J., Cussac, V.",NA,NA,"nunca se pesco perca en toda la cuenca del Rio Manso dato erroneo",NA,NA,NA,0,"no_match",NA,"no_match"
"12452",-41.31666667,-71.71666667,"galaxias maculatus",2002,NA,"laguna los césares","baited traps","14","1304","agui","Viozzi G. Semenas L.",NA,NA,"coord coorecta: 41.30874/71.68982",NA,NA,NA,0,"no_match",NA,"no_match"
"12453",-41.3,-71.71666667,"galaxias maculatus",1995,NA,"lago fonck","baited traps","12","1306","agui","Viozzi G. Semenas L.",NA,NA,"coord 41.3167/71.7833",NA,NA,NA,0,"no_match",NA,"no_match"
"12471",-41.3,-71.7,"galaxias platei",NA,NA,"laguna los césares",NA,NA,"416","agui","Cussac, V., Ortubay,",NA,NA,"coord correcta: 41.3083/71.69169999",NA,NA,NA,0,"no_match",NA,"no_match"
"12472",-41.3,-71.7,"oncorhynchus mykiss",NA,NA,"laguna los césares",NA,NA,"105","agui","Aigo, J., Cussac, V.",NA,NA,"Coord correcta: 41.3066/71.69051",NA,NA,NA,0,"no_match",NA,"no_match"
"12580",-42.45,-71.66666667,"aplochiton zebra",2000,NA,"lago cholila","seine net","22","614","agui","Fernandez M. Semenas",NA,NA,"42.46416/71.60573",NA,NA,NA,0,"no_match",NA,"no_match"
"12585",-42.45,-71.66666667,"oncorhynchus mykiss",NA,NA,"lago cholila",NA,NA,"76","agui","Aigo, J., Cussac, V.",NA,NA,"coord correcta: 42.4583/71.6666",NA,NA,NA,0,"no_match",NA,"no_match"
"12586",-42.45,-71.66666667,"percichthys trucha",NA,NA,"lago cholila",NA,NA,"59","agui","Aigo, J., Cussac, V.",NA,NA,"coord correcta:42.45342/71.666666",NA,NA,NA,0,"no_match",NA,"no_match"
"12590",-42.36666667,-71.66666667,"galaxias platei",NA,NA,"arroyo del turco",NA,NA,"424","agui","Cussac, V., Ortubay,",NA,NA,"Coord correcta 42.37771/71.6486 Arroyo del Turco",NA,NA,NA,0,"no_match",NA,"no_match"
"12591",-42.16666667,-71.66666667,"aplochiton zebra",2000,NA,"lago puelo","seine net","36","612","agui","Fernandez M. Semenas",NA,NA,"42.0959/71.6293",NA,NA,NA,0,"no_match",NA,"no_match"
"12592",-42.16666667,-71.66666667,"aplochiton zebra",2001,NA,"lago puelo","redes de arrastre, agalleras, de mano, trampas cebadas, ypesca eléctrica","168","868","agui","Lattuca M. 2006. ECO",NA,NA,"42.0959/71.6293",NA,NA,NA,0,"no_match",NA,"no_match"
"12593",-42.16666667,-71.66666667,"aplochiton zebra",NA,NA,"lago puelo",NA,NA,"6","agui","Aigo, J., Cussac, V.",NA,NA,"42.0959/71.6293",NA,NA,NA,0,"no_match",NA,"no_match"
"12594",-42.16666667,-71.66666667,"galaxias platei",2000,NA,"lago puelo","redes de arrastre, agalleras, de mano, trampas cebadas, ypesca eléctrica",NA,"872","agui","Lattuca M. 2006. ECO",NA,NA,"Cood correcta 42.1536/71.6389",NA,NA,NA,0,"no_match",NA,"no_match"
"12595",-42.16666667,-71.66666667,"galaxias platei",NA,NA,"lago puelo",NA,NA,"32","agui","Aigo, J., Cussac, V.",NA,NA,"Cood correcta 42.1536/71.6389",NA,NA,NA,0,"no_match",NA,"no_match"
"12598",-42.16666667,-71.66666667,"oncorhynchus mykiss",NA,NA,"lago puelo",NA,NA,"116","agui","Aigo, J., Cussac, V.",NA,NA,"coord correcta: 42.15040/71.64181",NA,NA,NA,0,"no_match",NA,"no_match"
"12600",-42.16666667,-71.66666667,"percichthys trucha",2000,NA,"lago puelo","redes de arrastre, agalleras, de mano, trampas cebadas, ypesca eléctrica",NA,"876","agui","Lattuca M. 2006. ECO",NA,NA,"coor correcta 42.1536/71.6389",NA,NA,NA,0,"no_match",NA,"no_match"
"12601",-42.16666667,-71.66666667,"percichthys trucha",NA,NA,"lago puelo",NA,NA,"65","agui","Aigo, J., Cussac, V.",NA,NA,"coor correcta 42.1536/71.6389",NA,NA,NA,0,"no_match",NA,"no_match"
"12605",-41.5,-71.66666667,"galaxias maculatus",1995,NA,"lago steffen","baited traps",NA,"659","agui","Flores, V., & Viozzi",NA,NA,"cood correcta: 41.5167/71.5833",NA,NA,NA,0,"no_match",NA,"no_match"
"12608",-41.5,-71.66666667,"galaxias maculatus",1996,NA,"lago martín","a) redes agalleras bentónicas, b) trampas cebadas de profundidad y c) red de arrastre costero.",NA,"914","agui","Milano D. 2003. Biol",NA,NA,"cood correc:41.4981/71.6919",NA,NA,NA,0,"no_match",NA,"no_match"
"12609",-41.5,-71.66666667,"galaxias maculatus",1997,NA,"lago steffen","baited traps","23","653","agui","Flores V, Liliana S.",NA,NA,"cood correcta: 41.5167/71.5833",NA,NA,NA,0,"no_match",NA,"no_match"
"12610",-41.5,-71.66666667,"galaxias maculatus",1998,NA,"lago steffen","baited traps","27","1324","agui","Viozzi, G.P., & Flor",NA,NA,"cood correcta: 41.5167/71.5833",NA,NA,NA,0,"no_match",NA,"no_match"
"12613",-41.5,-71.66666667,"galaxias platei",1995,NA,"lago martín","gillnets",NA,"944","agui","Milano, D., Ruzzante",NA,NA,"coord correcta 41.4981/71.6919, year 1997; recordedBy D. Milano",NA,NA,NA,0,"no_match",NA,"no_match"
"12614",-41.5,-71.66666667,"galaxias platei",1996,NA,"lago martín","a) redes agalleras bentónicas, b) trampas cebadas de profundidad y c) red de arrastre costero.",NA,"919","agui","Milano D. 2003. Biol",NA,NA,"coord correcta 41.4981/71.6919, year 1997; recordedBy D. Milano",NA,NA,NA,0,"no_match",NA,"no_match"
"12615",-41.5,-71.66666667,"galaxias platei",NA,NA,"lago martín",NA,NA,"29","agui","Aigo, J., Cussac, V.",NA,NA,"coord correcta 41.4981/71.6919, year 1997; recordedBy D. Milano",NA,NA,NA,0,"no_match",NA,"no_match"
"12616",-41.5,-71.66666667,"oncorhynchus mykiss",NA,NA,"lago martín",NA,NA,"109","agui","Aigo, J., Cussac, V.",NA,NA,"coord correcta: 41.51228/71.66505",NA,NA,NA,0,"no_match",NA,"no_match"
"12619",-41.26666667,-71.66666667,"galaxias maculatus",2004,NA,"lago llum","baited traps","10","1303","agui","Viozzi G. Semenas L.",NA,NA,"coord 41.3077/71.5275",NA,NA,NA,0,"no_match",NA,"no_match"
"12620",-41.25,-71.66666667,"galaxias maculatus",1995,NA,"mallín ingenieros","baited traps",NA,"654","agui","Flores, V., & Viozzi",NA,NA,"capturado en marzo 1997 según Flores y Semenas 2002",NA,NA,NA,0,"no_match",NA,"no_match"
"12622",-41.25,-71.66666667,"galaxias maculatus",1997,NA,"lago mallín ingenieros","baited traps","23","650","agui","Flores V, Liliana S.",NA,NA,"capturado en marzo 1997 según Flores y Semenas 2002",NA,NA,NA,0,"no_match",NA,"no_match"
"12645",-43.26666667,-71.65,"galaxias platei",NA,NA,"lago owen",NA,NA,"444","agui","Cussac, V., Ortubay,",NA,NA,"No encotramos el Lago Owen pero el punto esta cerca del Lago Bagillt (43.27/71.68)",NA,NA,NA,0,"no_match",NA,"no_match"
"12659",-42.6,-71.65,"percichthys trucha",1998,NA,"lago rivadavia","gillnets or electrofishing equipmen",NA,"1179","agui","RUZZANTE, D.E., WALD",NA,NA,"Year: 1998/2000",NA,NA,NA,0,"no_match",NA,"no_match"
"12660",-42.6,-71.65,"percichthys trucha",NA,NA,"lago rivadavia",NA,NA,"67","agui","Aigo, J., Cussac, V.",NA,NA,"Year: 1998/2000",NA,NA,NA,0,"no_match",NA,"no_match"
"12686",-42.1536,-71.6389,"galaxias platei",2002,NA,"lago puelo","gillnets and seine","26","168","agui","Barriga, J.P., Milan",NA,NA,"year 2002; recordedBy D. Milano",NA,NA,NA,0,"no_match",NA,"no_match"
"12687",-44.13333333,-71.63333333,"galaxias platei",NA,NA,"lago cinco",NA,NA,"454","agui","Cussac, V., Ortubay,",NA,NA,"Coord correctas 44.22/71.7176",NA,NA,NA,0,"no_match",NA,"no_match"
"12688",-42.71666667,-71.63333333,"galaxias platei",NA,NA,"lago verde",NA,NA,"433","agui","Cussac, V., Ortubay,",NA,NA,"Coor correcta 42.7167/71.7333",NA,NA,NA,0,"no_match",NA,"no_match"
"12689",-42.55,-71.63333333,"aplochiton zebra",NA,NA,"lago rivadavia",NA,NA,"370","agui","Cussac, V., Ortubay,",NA,NA,"42.66616/71.677583",NA,NA,NA,0,"no_match",NA,"no_match"
"12690",-42.55,-71.63333333,"galaxias platei",NA,NA,"lago rivadavia",NA,NA,"430","agui","Cussac, V., Ortubay,",NA,NA,"Coor correcta 42.6092/71.6647; Year 1998 (febrero) y 2000 (febrero; mayo y septiembre)",NA,NA,NA,0,"no_match",NA,"no_match"
"12692",-42.13333333,-71.63333333,"galaxias platei",2001,NA,"lago puelo","gill net (15–30 mm)","57","681","agui","Gil De Pertierra, A.",NA,NA,"Cood correcta 42.1536/71.6389",NA,NA,NA,0,"no_match",NA,"no_match"
"12693",-41.28333333,-71.63333333,"galaxias maculatus",1995,NA,"lago mascardi","gillnets",NA,"935","agui","Milano, D., Ruzzante",NA,NA,"para mascardi unificar coordenadas en 41.26666667/71.6333333",NA,NA,NA,0,"no_match",NA,"no_match"
"12694",-41.28333333,-71.63333333,"galaxias maculatus",1996,NA,"lago mascardi","a) redes agalleras bentónicas, b) trampas cebadas de profundidad y c) red de arrastre costero.",NA,"910","agui","Milano D. 2003. Biol",NA,NA,"para mascardi unificar coordenadas en 41.26666667/71.6333333",NA,NA,NA,0,"no_match",NA,"no_match"
"12695",-41.28333333,-71.63333333,"galaxias maculatus",1997,NA,"lago mascardi","baited traps","25","1305","agui","Viozzi G. Semenas L.",NA,NA,"para mascardi unificar coordenadas en 41.26666667/71.6333333",NA,NA,NA,0,"no_match",NA,"no_match"
"12696",-41.28333333,-71.63333333,"galaxias maculatus",NA,NA,"lago mascardi",NA,NA,"12","agui","Aigo, J., Cussac, V.",NA,NA,"para mascardi unificar coordenadas en 41.26666667/71.6333333",NA,NA,NA,0,"no_match",NA,"no_match"
"12697",-41.28333333,-71.63333333,"galaxias platei",1995,NA,"lago mascardi","gillnets",NA,"940","agui","Milano, D., Ruzzante",NA,NA,"coord correcta: 41.26667/71.6333; year: 1995/1996, recordedBy D. Milano",NA,NA,NA,0,"no_match",NA,"no_match"
"12698",-41.28333333,-71.63333333,"galaxias platei",1996,NA,"lago mascardi","a) redes agalleras bentónicas, b) trampas cebadas de profundidad y c) red de arrastre costero.",NA,"915","agui","Milano D. 2003. Biol",NA,NA,"coord correcta: 41.26667/71.6333; year: 1995/1996; recordedBy D. Milano",NA,NA,NA,0,"no_match",NA,"no_match"
"12699",-41.28333333,-71.63333333,"galaxias platei",NA,NA,"lago mascardi",NA,NA,"30","agui","Aigo, J., Cussac, V.",NA,NA,"coord correcta: 41.26667/71.6333; year: 1995/1996;recordedBy D. Milano",NA,NA,NA,0,"no_match",NA,"no_match"
"12700",-41.28333333,-71.63333333,"oncorhynchus mykiss",NA,NA,"lago mascardi",NA,NA,"112","agui","Aigo, J., Cussac, V.",NA,NA,"coord  correcta: 41.26667/71.63333",NA,NA,NA,0,"no_match",NA,"no_match"
"12705",-41.26666667,-71.63333333,"galaxias platei",NA,NA,"lago mascardi",NA,NA,"415","agui","Cussac, V., Ortubay,",NA,NA,"year: 1995/1996; recordedBy D. Milano",NA,NA,NA,0,"no_match",NA,"no_match"
"12753",-41.35,-71.62,"galaxias platei",2008,NA,"laguna los moscos","seine net and baited traps",NA,"620","agui","Fernández, M. V., Ga",NA,NA,"coord correcta: 41.34514/71.618776",NA,NA,NA,0,"no_match",NA,"no_match"
"12768",-42.09861111,-71.6175,"galaxias platei",1998,NA,"lago puelo","gill nets and electrofishing","10","1410","agui","ZEMLAK, T.S., HABIT,",NA,NA,"Cood correcta 42.1536/71.6389",NA,NA,NA,0,"no_match",NA,"no_match"
"12783",-42.1,-71.61666667,"aplochiton taeniatus",NA,NA,"lago puelo",NA,NA,"359","agui","Cussac, V., Ortubay,",NA,NA,"locality: L. Puelo",NA,NA,NA,0,"no_match",NA,"no_match"
"12785",-42.1,-71.61666667,"galaxias platei",NA,NA,"lago puelo",NA,NA,"421","agui","Cussac, V., Ortubay,",NA,NA,"Cood correcta 42.1536/71.6389, year 2002; recordedBy D. Milano",NA,NA,NA,0,"no_match",NA,"no_match"
"12788",-41.33333333,-71.61666667,"galaxias platei",NA,NA,"laguna los moscos",NA,NA,"418","agui","Cussac, V., Ortubay,",NA,NA,"coord correcta: 41.34514/71.618776; eventDate 14/02/97; year: 1997, recordedBy D. Milano",NA,NA,NA,0,"no_match",NA,"no_match"
"12792",-42.0934,-71.61515,"galaxias platei",1998,NA,"lago puelo","gillnets or electrofishing equipmen",NA,"1159","agui","RUZZANTE, D.E., WALD",NA,NA,"Cood correcta 42.1536/71.6389",NA,NA,NA,0,"no_match",NA,"no_match"
"12793",-42.0934,-71.61515,"percichthys trucha",1998,NA,"lago puelo","gillnets or electrofishing equipmen",NA,"1178","agui","RUZZANTE, D.E., WALD",NA,NA,"coor correcta 42.1536/71.6389",NA,NA,NA,0,"no_match",NA,"no_match"
"12847",-42.88333333,-71.6,"galaxias platei",NA,NA,"arroyo desaguadero",NA,NA,"437","agui","Cussac, V., Ortubay,",NA,NA,"coor correcta: 42.888355/71.614675",NA,NA,NA,0,"no_match",NA,"no_match"
"12849",-42.11666667,-71.6,"aplochiton zebra",1996,NA,"lago puelo","a) redes agalleras bentónicas, b) trampas cebadas de profundidad y c) red de arrastre costero.",NA,"908","agui","Milano D. 2003. Biol",NA,NA,"42.0959/71.6293",NA,NA,NA,0,"no_match",NA,"no_match"
"12850",-42.11666667,-71.6,"galaxias platei",1996,NA,"lago puelo","a) redes agalleras bentónicas, b) trampas cebadas de profundidad y c) red de arrastre costero.",NA,"920","agui","Milano D. 2003. Biol",NA,NA,"Cood correcta 42.1536/71.6389, year 2002; recordedBy D. Milano",NA,NA,NA,0,"no_match",NA,"no_match"
"12852",-42.11666667,-71.6,"percichthys trucha",1996,NA,"lago puelo","a) redes agalleras bentónicas, b) trampas cebadas de profundidad y c) red de arrastre costero.",NA,"929","agui","Milano D. 2003. Biol",NA,NA,"coor correcta 42.1536/71.6389; year 2002",NA,NA,NA,0,"no_match",NA,"no_match"
"12857",-41.35,-71.6,"galaxias platei",1995,NA,"laguna los moscos","gillnets",NA,"941","agui","Milano, D., Ruzzante",NA,NA,"coord correcta: 41.34514/71.618776; eventDate 14/02/97; year: 1997, recordedBy D. Milano",NA,NA,NA,0,"no_match",NA,"no_match"
"12858",-41.35,-71.6,"galaxias platei",1996,NA,"laguna los moscos","a) redes agalleras bentónicas, b) trampas cebadas de profundidad y c) red de arrastre costero.",NA,"916","agui","Milano D. 2003. Biol",NA,NA,"coord correcta: 41.34514/71.618776; eventDate 14/02/97; year: 1997, recordedBy D. Milano",NA,NA,NA,0,"no_match",NA,"no_match"
"12859",-41.35,-71.6,"galaxias platei",NA,NA,"laguna los moscos",NA,NA,"27","agui","Aigo, J., Cussac, V.",NA,NA,"coord correcta: 41.34514/71.618776; eventDate 14/02/97; year: 1997, recordedBy D. Milano",NA,NA,NA,0,"no_match",NA,"no_match"
"12860",-41.35,-71.6,"oncorhynchus mykiss",NA,NA,"laguna los moscos",NA,NA,"106","agui","Aigo, J., Cussac, V.",NA,NA,"coord correcta: 41.3457/71.6178",NA,NA,NA,0,"no_match",NA,"no_match"
"12890",-44.11666667,-71.56666667,"galaxias platei",1995,NA,"lago vilches","gillnets",NA,"946","agui","Milano, D., Ruzzante",NA,NA,"coord correcta 44.13/71.57; year:2000 y 2002, el dato corresponde a Ferriz 2003",NA,NA,NA,0,"no_match",NA,"no_match"
"12891",-44.11666667,-71.56666667,"galaxias platei",1996,NA,"lago vilches","a) redes agalleras bentónicas, b) trampas cebadas de profundidad y c) red de arrastre costero.",NA,"922","agui","Milano D. 2003. Biol",NA,NA,"coord correcta 44.13/71.57; year:2000 y 2002; el dato corresponde a Ferriz 2003",NA,NA,NA,0,"no_match",NA,"no_match"
"12892",-44.11666667,-71.56666667,"galaxias platei",NA,NA,"lago vilches",NA,NA,"39","agui","Aigo, J., Cussac, V.",NA,NA,"coord correcta 44.13/71.57",NA,NA,NA,0,"no_match",NA,"no_match"
"12893",-44.11666667,-71.56666667,"oncorhynchus mykiss",NA,NA,"lago vilches",NA,NA,"133","agui","Aigo, J., Cussac, V.",NA,NA,"coord correcta:44.12914/71.56785",NA,NA,NA,0,"no_match",NA,"no_match"
"12894",-43.28333333,-71.56666667,"galaxias platei",NA,NA,"arroyo nat y fall",NA,NA,"445","agui","Cussac, V., Ortubay,",NA,NA,"Locality: Río Nant y Fall, punto cae en la tierra cood correcta 43.2228333/71.4215",NA,NA,NA,0,"no_match",NA,"no_match"
"12895",-41.31666667,-71.56666667,"aplochiton zebra",2009,NA,"lago mascardi","beach seine",NA,"865","agui","Jönsson, M., Ranåker",NA,NA,"presunto G.maculatus",NA,NA,NA,0,"no_match",NA,"no_match"
"12896",-41.28333333,-71.56666667,"galaxias maculatus",1995,NA,"lago mascardi","baited traps",NA,"655","agui","Flores, V., & Viozzi",NA,NA,"para mascardi unificar coordenadas en 41.26666667/71.6333333",NA,NA,NA,0,"no_match",NA,"no_match"
"12898",-41.28333333,-71.56666667,"galaxias maculatus",NA,NA,"lago mascardi","nets and baited traps",NA,"1318","agui","Viozzi, G. P., & Gut",NA,NA,"para mascardi unificar coordenadas en 41.26666667/71.6333333",NA,NA,NA,0,"no_match",NA,"no_match"
"12899",-43.45936111,-71.55694444,"oncorhynchus mykiss",2005,NA,"río glyn","portable backpack electrofishing gear (Coffelt Mark-10 CPS, output 350 V)",NA,"582","agui","Di Prinzio, C., & Ca",NA,NA,"no podemos localizar el Rio Glyn, el pto cae en la tierra",NA,NA,NA,0,"no_match",NA,"no_match"
"12922",-41.51666667,-71.55,"galaxias maculatus",1995,NA,"lago steffen","gillnets",NA,"938","agui","Milano, D., Ruzzante",NA,NA,"coord correcta:41.5167/71.5833",NA,NA,NA,0,"no_match",NA,"no_match"
"12923",-41.51666667,-71.55,"galaxias maculatus",1996,NA,"lago steffen","a) redes agalleras bentónicas, b) trampas cebadas de profundidad y c) red de arrastre costero.",NA,"913","agui","Milano D. 2003. Biol",NA,NA,"coord correcta:41.5167/71.5833",NA,NA,NA,0,"no_match",NA,"no_match"
"12924",-41.51666667,-71.55,"galaxias maculatus",1997,NA,"lago steffen","baited traps","27","1313","agui","Viozzi G. Semenas L.",NA,NA,"coord correcta:41.5167/71.5833",NA,NA,NA,0,"no_match",NA,"no_match"
"12925",-41.51666667,-71.55,"galaxias maculatus",1998,NA,"lago steffen","baited traps","27","1325","agui","Viozzi, G.P., & Flor",NA,NA,"coord correcta:41.5167/71.5833",NA,NA,NA,0,"no_match",NA,"no_match"
"12928",-41.51666667,-71.55,"galaxias platei",1995,NA,"lago steffen","gillnets",NA,"943","agui","Milano, D., Ruzzante",NA,NA,"cood correcta 41.51624/71.58072; year 1997; recordedBy D. Milano",NA,NA,NA,0,"no_match",NA,"no_match"
"12929",-41.51666667,-71.55,"galaxias platei",1996,NA,"lago steffen","a) redes agalleras bentónicas, b) trampas cebadas de profundidad y c) red de arrastre costero.",NA,"918","agui","Milano D. 2003. Biol",NA,NA,"cood correcta 41.51624/71.58072; year 1997; recordedBy D. Milano",NA,NA,NA,0,"no_match",NA,"no_match"
"12930",-41.51666667,-71.55,"galaxias platei",NA,NA,"lago steffen",NA,NA,"36","agui","Aigo, J., Cussac, V.",NA,NA,"cood correcta 41.51624/71.58072; year 1997; recordedBy D. Milano",NA,NA,NA,0,"no_match",NA,"no_match"
"12931",-41.51666667,-71.55,"oncorhynchus mykiss",NA,NA,"lago steffen",NA,NA,"126","agui","Aigo, J., Cussac, V.",NA,NA,"coord correcta: 41.51169/71.55572",NA,NA,NA,0,"no_match",NA,"no_match"
"12939",-41.51,-71.55,"percichthys trucha",2008,NA,"lago steffen","seine net and baited traps",NA,"629","agui","Fernández, M. V., Ga",NA,NA,"nunca se pesco perca en toda la cuenca del Rio Manso dato erroneo",NA,NA,NA,0,"no_match",NA,"no_match"
"12943",-41.23,-71.55,"galaxias maculatus",2008,NA,"lago roca","seine net and baited traps","20","624","agui","Fernández, M. V., Ga",NA,NA,"41.3723/71.7622",NA,NA,NA,0,"no_match",NA,"no_match"
"12944",-41.23,-71.55,"oncorhynchus mykiss",2008,NA,"lago roca","seine net and baited traps",NA,"630","agui","Fernández, M. V., Ga",NA,NA,"coord correcta: 41.3721/71.7753",NA,NA,NA,0,"no_match",NA,"no_match"
"12950",-41.35,-71.545,"galaxias platei",2002,NA,"lago mascardi","gillnets and seine","5","167","agui","Barriga, J.P., Milan",NA,NA,"year: 1997, eventDate: 21/02/1997; recordedBy D. Milano",NA,NA,NA,0,"no_match",NA,"no_match"
"12959",-42.98333333,-71.53333333,"galaxias platei",1989,NA,"laguna terraplén","redes agalleras",NA,"736","agui","Grosman, Manuel Fabi",NA,NA,"coord correctas: 42.9833/71.5167",NA,NA,NA,0,"no_match",NA,"no_match"
"12962",-42.98333333,-71.53333333,"percichthys trucha",1989,NA,"laguna terraplén","redes agalleras","27","738","agui","Grosman, Manuel Fabi",NA,NA,"coor correcta: 42.9833/71.5167",NA,NA,NA,0,"no_match",NA,"no_match"
"13009",-41.36666667,-71.51666667,"galaxias maculatus",2003,NA,"laguna juventus","baited traps","26","1310","agui","Viozzi G. Semenas L.",NA,NA,"41.3631/71.546",NA,NA,NA,0,"no_match",NA,"no_match"
"13010",-41.33333333,-71.51666667,"galaxias maculatus",2002,NA,"lago verde","baited traps","13","1307","agui","Viozzi G. Semenas L.",NA,NA,"L. Verde no es cuenca pacifica según el Viozzi et al la coordenada es 40°46´/71°39´",NA,NA,NA,0,"no_match",NA,"no_match"
"13012",-43.36194444,-71.50611111,"oncorhynchus mykiss",2005,NA,"río chiquito","portable backpack electric fishing gear (Coffelt Manufacturing Inc.-Mark-10 CPS, output 350 V)","94","590","agui","Di Prinzio, C.Y., Mi",NA,NA,"no podemos localizar el Rio Chiquito, el pto cae en la tierra",NA,NA,NA,0,"no_match",NA,"no_match"
"13015",-44.3,-71.5,"galaxias platei",1995,NA,"lago pico2","gillnets",NA,"948","agui","Milano, D., Ruzzante",NA,NA,"coord correcta 44.308/71.504; year:2000 y 2002, el dato corresponde a Ferriz 2003",NA,NA,NA,0,"no_match",NA,"no_match"
"13016",-44.3,-71.5,"galaxias platei",1996,NA,"lago pico2","a) redes agalleras bentónicas, b) trampas cebadas de profundidad y c) red de arrastre costero.",NA,"924","agui","Milano D. 2003. Biol",NA,NA,"coord correcta 44.308/71.504; year:2000 y 2002, el dato corresponde a Ferriz 2003",NA,NA,NA,0,"no_match",NA,"no_match"
"13017",-44.3,-71.5,"galaxias platei",NA,NA,"lago pico2",NA,NA,"31","agui","Aigo, J., Cussac, V.",NA,NA,"coord correcta 44.308/71.504",NA,NA,NA,0,"no_match",NA,"no_match"
"13018",-44.3,-71.5,"oncorhynchus mykiss",NA,NA,"lago pico2",NA,NA,"115","agui","Aigo, J., Cussac, V.",NA,NA,"coord correcta: 44.3077/71.5031",NA,NA,NA,0,"no_match",NA,"no_match"
"13019",-44.16666667,-71.5,"galaxias platei",1995,NA,"lago la pava","gillnets",NA,"949","agui","Milano, D., Ruzzante",NA,NA,"coord correcta 44.28/71.523; year:2000 y 2002, el dato corresponde a Ferriz 2003",NA,NA,NA,0,"no_match",NA,"no_match"
"13020",-44.16666667,-71.5,"galaxias platei",1996,NA,"lago la pava","a) redes agalleras bentónicas, b) trampas cebadas de profundidad y c) red de arrastre costero.",NA,"925","agui","Milano D. 2003. Biol",NA,NA,"coord correcta 44.28/71.5231.102; year:2000 y 2002, el dato corresponde a Ferriz 2003",NA,NA,NA,0,"no_match",NA,"no_match"
"13021",-44.16666667,-71.5,"galaxias platei",NA,NA,"lago la pava",NA,NA,"25","agui","Aigo, J., Cussac, V.",NA,NA,"coord correcta 44.28/71.523",NA,NA,NA,0,"no_match",NA,"no_match"
"13025",-42.6,-71.5,"percichthys trucha",1999,NA,"lago rivadavia","gill nets","3","1044","agui","Ostrowskide de Núñez",NA,NA,"coord correcta:42.6092/71.6647",NA,NA,NA,0,"no_match",NA,"no_match"
"13036",-42.18333333,-71.5,"aplochiton zebra",NA,NA,"lago epuyén",NA,NA,"3","agui","Aigo, J., Cussac, V.",NA,NA,"42.2/71.5",NA,NA,NA,0,"no_match",NA,"no_match"
"13037",-42.18333333,-71.5,"galaxias platei",NA,NA,"lago epuyén",NA,NA,"19","agui","Aigo, J., Cussac, V.",NA,NA,"coord correcta 42.1936/71.5106",NA,NA,NA,0,"no_match",NA,"no_match"
"13038",-42.18333333,-71.5,"oncorhynchus mykiss",NA,NA,"lago epuyen",NA,NA,"81","agui","Aigo, J., Cussac, V.",NA,NA,"coord correctas: 42.1913/71.5122",NA,NA,NA,0,"no_match",NA,"no_match"
"13039",-42.18333333,-71.5,"percichthys trucha",NA,NA,"lago epuyén",NA,NA,"60","agui","Aigo, J., Cussac, V.",NA,NA,"coord correcta: 42.183333331/71.516666668",NA,NA,NA,0,"no_match",NA,"no_match"
"13042",-41.41666667,-71.5,"galaxias maculatus",2003,NA,"lago huala hue","baited traps","24","1312","agui","Viozzi G. Semenas L.",NA,NA,"coord correcta: 41.51074/71.50699",NA,NA,NA,0,"no_match",NA,"no_match"
"13043",-41.36666667,-71.5,"galaxias maculatus",1995,NA,"lago guillelmo","baited traps","6","652","agui","Flores V, Liliana S.",NA,NA,"coord correcta: 41.3801/71.4971",NA,NA,NA,0,"no_match",NA,"no_match"
"13045",-41.36666667,-71.5,"galaxias maculatus",NA,NA,"lago guillelmo","nets and baited traps",NA,"1321","agui","Viozzi, G. P., & Gut",NA,NA,"coord correcta: 41.3801/71.4971",NA,NA,NA,0,"no_match",NA,"no_match"
"13048",-41.37,-71.49,"galaxias maculatus",2008,NA,"lago guillelmo","seine net and baited traps","30","622","agui","Fernández, M. V., Ga",NA,NA,"coord correcta: 41.3801/71.4971",NA,NA,NA,0,"no_match",NA,"no_match"
"13049",-41.37,-71.49,"oncorhynchus mykiss",2008,NA,"lago guillelmo","seine net and baited traps",NA,"639","agui","Fernández, M. V., Ga",NA,NA,"coord correctas: 41.37788/71.49653",NA,NA,NA,0,"no_match",NA,"no_match"
"13054",-41.56666667,-71.48333333,"galaxias maculatus",NA,NA,"lago steffen",NA,NA,"407","agui","Cussac, V., Ortubay,",NA,NA,"coord correcta:41.5167/71.5833",NA,NA,NA,0,"no_match",NA,"no_match"
"13055",-41.56666667,-71.48333333,"galaxias platei",NA,NA,"lago steffen",NA,NA,"420","agui","Cussac, V., Ortubay,",NA,NA,"cood correcta 41.51624/71.58072; year 1997; recordedBy D. Milano",NA,NA,NA,0,"no_match",NA,"no_match"
"13056",-41.36666667,-71.48333333,"galaxias maculatus",NA,NA,"lago guillelmo",NA,NA,"9","agui","Aigo, J., Cussac, V.",NA,NA,"coord correcta: 41.3801/71.4971",NA,NA,NA,0,"no_match",NA,"no_match"
"13058",-41.36666667,-71.48333333,"oncorhynchus mykiss",NA,NA,"lago guillelmo",NA,NA,"99","agui","Aigo, J., Cussac, V.",NA,NA,"coord correctas: 41.37788/71.49653",NA,NA,NA,0,"no_match",NA,"no_match"
"13082",-43.53680556,-71.47230556,"oncorhynchus mykiss",2005,NA,"río carbón","portable backpack electrofishing gear (Coffelt Mark-10 CPS, output 350 V)",NA,"585","agui","Di Prinzio, C., & Ca",NA,NA,"coord correcta: 43.535822/71.470886",NA,NA,NA,0,"no_match",NA,"no_match"
"13096",-43.8,-71.46666667,"oncorhynchus mykiss",NA,NA,"lago guacho",NA,NA,"97","agui","Aigo, J., Cussac, V.",NA,NA,"coord correcta: 43.81021/71.4723",NA,NA,NA,0,"no_match",NA,"no_match"
"13098",-43.53333333,-71.46666667,"hatcheria macraei",2005,NA,"río carbón","portable backpack electrofishing gear (Coffelt Mark-10 CPS, output 350 V)",NA,"581","agui","Di Prinzio, C., & Ca",NA,NA,"coord correcta: 43.5337539/71.4677006",NA,NA,NA,0,"no_match",NA,"no_match"
"13099",-42.45,-71.46666667,"galaxias platei",NA,NA,"lago lezana",NA,NA,"428","agui","Cussac, V., Ortubay,",NA,NA,"Locality: Lago Lezama",NA,NA,NA,0,"no_match",NA,"no_match"
"13105",-41.38333333,-71.45,"galaxias maculatus",1995,NA,"lago guillelmo","baited traps",NA,"658","agui","Flores, V., & Viozzi",NA,NA,"coord correcta: 41.3801/71.4971",NA,NA,NA,0,"no_match",NA,"no_match"
"13111",-43.55694444,-71.44308333,"oncorhynchus mykiss",2005,NA,"río manguera","portable backpack electrofishing gear (Coffelt Mark-10 CPS, output 350 V)",NA,"584","agui","Di Prinzio, C., & Ca",NA,NA,"no podemos localizar el Rio Manguera, el pto cae en la tierra",NA,NA,NA,0,"no_match",NA,"no_match"
"13112",-43.30944444,-71.4425,"hatcheria macraei",NA,NA,"arroyo frío",NA,NA,"490","agui","Cussac, V.E., Habit,",NA,NA,"year: 2007; recordedBy: Barriga JP & Battini MA",NA,NA,NA,0,"no_match",NA,"no_match"
"13115",-43.13,-71.44,"hatcheria macraei",NA,NA,"arroyo corintos",NA,NA,"488","agui","Cussac, V.E., Habit,",NA,NA,"year: 2007; recordedBy: Barriga JP & Battini MA",NA,NA,NA,0,"no_match",NA,"no_match"
"13116",-44.15,-71.43333333,"galaxias platei",NA,NA,"lago cuatro",NA,NA,"455","agui","Cussac, V., Ortubay,",NA,NA,"coord correcta 44.2/71.60",NA,NA,NA,0,"no_match",NA,"no_match"
"13117",-44.13333333,-71.43333333,"galaxias platei",NA,NA,"lago el león",NA,NA,"453","agui","Cussac, V., Ortubay,",NA,NA,"coord correcta 44.294/71.49 Lago León",NA,NA,NA,0,"no_match",NA,"no_match"
"13118",-43.55,-71.43333333,"hatcheria macraei",2005,NA,"río manguera","portable backpack electrofishing gear (Coffelt Mark-10 CPS, output 350 V)",NA,"579","agui","Di Prinzio, C., & Ca",NA,NA,"no podemos localizar el Rio Manguera, el pto cae en la tierra",NA,NA,NA,0,"no_match",NA,"no_match"
"13120",-42.45,-71.43333333,"galaxias platei",NA,NA,"r,NA,NA,"427","agui","Cussac, V., Ortubay,",NA,NA,"cood correcta: 42.448978/71.436157 Locality Río Blanco",NA,NA,NA,0,"no_match",NA,"no_match"
"13128",-43.22278,-71.42139,"hatcheria macraei",NA,NA,"arroyo nat y fall",NA,NA,"487","agui","Cussac, V.E., Habit,",NA,NA,"year: 2007; recordedBy: Barriga JP & Battini MA",NA,NA,NA,0,"no_match",NA,"no_match"
"13133",-43.2,-71.41667,"galaxias platei",NA,NA,"arroyo nat y fall",NA,NA,"442","agui","Cussac, V., Ortubay,",NA,NA,"Locality: Río Nant y Fall, punto cae en la tierra cood correcta 43.2228333/71.4215",NA,NA,NA,0,"no_match",NA,"no_match"
"13134",-42.25,-71.41667,"aplochiton zebra",2000,NA,"lago epuyén","seine net","81","613","agui","Fernandez M. Semenas",NA,NA,"42.2/71.5",NA,NA,NA,0,"no_match",NA,"no_match"
"13136",-42.25,-71.41667,"aplochiton zebra",NA,NA,"lago epuyén",NA,NA,"369","agui","Cussac, V., Ortubay,",NA,NA,"42.2/71.5",NA,NA,NA,0,"no_match",NA,"no_match"
"13138",-41.73333,-71.41667,"aplochiton zebra",2001,NA,"río foyel","redes de arrastre, agalleras, de mano, trampas cebadas, ypesca eléctrica","10","867","agui","Lattuca M. 2006. ECO",NA,NA,"Laguna Foyel coord 41.75065/71.446089",NA,NA,NA,0,"no_match",NA,"no_match"
"13142",-44.21667,-71.4,"galaxias platei",NA,NA,"lago del engaño",NA,NA,"459","agui","Cussac, V., Ortubay,",NA,NA,"Locality: Lago Engaño,  coord correcta 43.86/71.518",NA,NA,NA,0,"no_match",NA,"no_match"
"13143",-42.5,-71.4,"percichthys trucha",1998,NA,"lago futalaufquen","gillnets or electrofishing equipmen",NA,"1180","agui","RUZZANTE, D.E., WALD",NA,NA,"coord correcta:42.816666/71.716666; year 2000",NA,NA,NA,0,"no_match",NA,"no_match"
"13144",-42.43333,-71.4,"galaxias platei",NA,NA,"lago de los cisnes",NA,NA,"426","agui","Cussac, V., Ortubay,",NA,NA,"Si es Lago Cisne coord correcta es 42.6/71.9167 (id 11949); la coord de Cussacet al 2004 cae cerca del Rio Blanco",NA,NA,NA,0,"no_match",NA,"no_match"
"13153",-42.9,-71.38333,"galaxias platei",NA,NA,"lago caradogh",NA,"10","16","agui","Aigo, J., Cussac, V.",NA,NA,"coord correcta: 42.9/71.3979 (posible laguna Carao)",NA,NA,NA,0,"no_match",NA,"no_match"
"13154",-42.9,-71.38333,"oncorhynchus mykiss",NA,NA,"lago caradogh",NA,NA,"75","agui","Aigo, J., Cussac, V.",NA,NA,"coord correcta: 42.9/71.3979 (posible laguna Carao)",NA,NA,NA,0,"no_match",NA,"no_match"
"13166",-44.16667,-71.35,"galaxias platei",NA,NA,"lago la pava",NA,NA,"457","agui","Cussac, V., Ortubay,",NA,NA,"coord correcta 44.28/71.523",NA,NA,NA,0,"no_match",NA,"no_match"
"13167",-43.78333,-71.35,"galaxias platei",NA,NA,"lago guacho",NA,NA,"449","agui","Cussac, V., Ortubay,",NA,NA,"coord correcta 43.8188/71.46098",NA,NA,NA,0,"no_match",NA,"no_match"
"13169",-42.96667,-71.35,"galaxias platei",NA,NA,"laguna terraplén",NA,NA,"438","agui","Cussac, V., Ortubay,",NA,NA,"coord correctas: 42.9833/71.5167",NA,NA,NA,0,"no_match",NA,"no_match"
"13178",-43.49972,-71.34778,"hatcheria macraei",NA,NA,"arroyo cabeza de vaca",NA,NA,"489","agui","Cussac, V.E., Habit,",NA,NA,"year: 2007; recordedBy: Barriga JP & Battini MA",NA,NA,NA,0,"no_match",NA,"no_match"
"13180",-43.2586,-71.3464,"galaxias platei",2002,NA,"lago rosario","gillnets and seine","7","170","agui","Barriga, J.P., Milan",NA,NA,"year 2009; recordedBy JP Barriga",NA,NA,NA,0,"no_match",NA,"no_match"
"13184",-43.25,-71.33333,"galaxias platei",NA,NA,"lago rosario",NA,NA,"35","agui","Aigo, J., Cussac, V.",NA,NA,"coord correcta 43.25859999/71.3463999",NA,NA,NA,0,"no_match",NA,"no_match"
"13185",-43.25,-71.33333,"hatcheria macraei",NA,NA,"lago rosario",NA,NA,"43","agui","Aigo, J., Cussac, V.",NA,NA,"coord corresta: 43.2667/71.3333",NA,NA,NA,0,"no_match",NA,"no_match"
"13190",-43.25,-71.33333,"oncorhynchus mykiss",NA,NA,"lago rosario",NA,NA,"125","agui","Aigo, J., Cussac, V.",NA,NA,"coord correcta 43.25859999/71.3463999",NA,NA,NA,0,"no_match",NA,"no_match"
"13191",-42.88333,-71.33333,"galaxias platei",NA,NA,"lago zeta",NA,NA,"42","agui","Aigo, J., Cussac, V.",NA,NA,"coor correcta 42.88889/71.34881",NA,NA,NA,0,"no_match",NA,"no_match"
"13192",-42.88333,-71.33333,"oncorhynchus mykiss",NA,NA,"lago zeta",NA,NA,"136","agui","Aigo, J., Cussac, V.",NA,NA,"coord correcta: 42.8882/71.34907",NA,NA,NA,0,"no_match",NA,"no_match"
"13193",-42.88333,-71.33333,"percichthys trucha",NA,NA,"lago zeta",NA,NA,"68","agui","Aigo, J., Cussac, V.",NA,NA,"coord correcta 42.888/71.349",NA,NA,NA,0,"no_match",NA,"no_match"
"13201",-44.16667,-71.3,"galaxias platei",NA,NA,"lago torres",NA,NA,"456","agui","Cussac, V., Ortubay,",NA,NA,"coord correcta 44.1267/71.102",NA,NA,NA,0,"no_match",NA,"no_match"
"13202",-41.91667,-71.3,"aplochiton zebra",NA,NA,"lago foyel",NA,NA,"4","agui","Aigo, J., Cussac, V.",NA,NA,"Laguna Foyel 41.7506/71.446",NA,NA,NA,0,"no_match",NA,"no_match"
"13205",-41.91667,-71.3,"oncorhynchus mykiss",NA,NA,"lago foyel",NA,NA,"91","agui","Aigo, J., Cussac, V.",NA,NA,"Laguna Foyel coord 41.75065/71.446089",NA,NA,NA,0,"no_match",NA,"no_match"
"13210",-42.86667,-71.28333,"galaxias platei",NA,NA,"lago willimanco",NA,NA,"40","agui","Aigo, J., Cussac, V.",NA,NA,"coor correcta 42.8846/71.26831",NA,NA,NA,0,"no_match",NA,"no_match"
"13211",-42.86667,-71.28333,"oncorhynchus mykiss",NA,NA,"lago willimanco",NA,NA,"134","agui","Aigo, J., Cussac, V.",NA,NA,"coord correcta: 42.88462/71.26801",NA,NA,NA,0,"no_match",NA,"no_match"
"13216",-42.83333,-71.26667,"galaxias platei",NA,NA,"lago terraplén",NA,NA,"436","agui","Cussac, V., Ortubay,",NA,NA,"coord correcta: 42.9833/71.5167 Laguna Terraplén",NA,NA,NA,0,"no_match",NA,"no_match"
"13230",-43.25,-71.16667,"galaxias platei",NA,NA,"lago baguillt",NA,NA,"14","agui","Aigo, J., Cussac, V.",NA,NA,"Locality: lago Bagillt, coord correcta 43.27/71.68",NA,NA,NA,0,"no_match",NA,"no_match"
"13231",-43.25,-71.16667,"oncorhynchus mykiss",NA,NA,"lago baguillt",NA,NA,"73","agui","Aigo, J., Cussac, V.",NA,NA,"Locality: lago Bagillt, coord correcta 43.27/71.68",NA,NA,NA,0,"no_match",NA,"no_match"
"13232",-44.23333,-71.13333,"galaxias platei",NA,NA,"río pico",NA,NA,"460","agui","Cussac, V., Ortubay,",NA,NA,"punto en la tierra hay que marcar una coordenada sobre el rio, no sabemos en que parte del rio fue",NA,NA,NA,0,"no_match",NA,"no_match"
"13240",-44.11667,-71.1,"galaxias platei",1995,NA,"lago torres","gillnets",NA,"947","agui","Milano, D., Ruzzante",NA,NA,"coord correcta 44.1267/71.102; year:2000 y 2002, el dato corresponde a Ferriz 2003",NA,NA,NA,0,"no_match",NA,"no_match"
"13241",-44.11667,-71.1,"galaxias platei",1996,NA,"lago torres","a) redes agalleras bentónicas, b) trampas cebadas de profundidad y c) red de arrastre costero.",NA,"923","agui","Milano D. 2003. Biol",NA,NA,"coord correcta 44.1267/71.102; year:2000 y 2002, el dato corresponde a Ferriz 2003",NA,NA,NA,0,"no_match",NA,"no_match"
"13242",-44.11667,-71.1,"galaxias platei",NA,NA,"lago torres",NA,NA,"37","agui","Aigo, J., Cussac, V.",NA,NA,"coord correcta 44.1267/71.102",NA,NA,NA,0,"no_match",NA,"no_match"
"13243",-44.11667,-71.1,"oncorhynchus mykiss",NA,NA,"lago torres",NA,NA,"130","agui","Aigo, J., Cussac, V.",NA,NA,"coord correcto:44.12187/71.10211",NA,NA,NA,0,"no_match",NA,"no_match"
"13466",-54.51667,-68.66667,"galaxias platei",NA,NA,"lago fagnano",NA,NA,"478","agui","Cussac, V., Ortubay,",NA,NA,"esste punto es del lado Chileno, dato sacado de un Soto 2001 (ver en Cussac et al 2004)",NA,NA,NA,0,"no_match",NA,"no_match"
"13517",-54.83333,-68.38333,"galaxias maculatus",NA,NA,"río olivia",NA,NA,"393","agui","Cussac, V., Ortubay,",NA,NA,"esta mal la coord, podria ser 54.798921/68.231359",NA,NA,NA,0,"no_match",NA,"no_match"
"13522",-54.83822,-68.3502,"aplochiton taeniatus",2000,NA,"desembocadura de río pipo, canal beagle","redes de arrastre, agalleras, de mano, trampas cebadas, ypesca eléctrica",NA,"866","agui","Lattuca M. 2006. ECO",NA,NA,"capturado en marzo de 1984 por pescador artesanal",NA,NA,NA,0,"no_match",NA,"no_match"
"13603",-54.66667,-67.83333,"galaxias platei",1995,NA,"lago margarita","gillnets",NA,"953","agui","Milano, D., Ruzzante",NA,NA,"coor correcta: 54.62817/67.99046; year 2001; recordedBy D. Milano; individualCount: 2",NA,NA,NA,0,"no_match",NA,"no_match"
"13604",-54.66667,-67.83333,"galaxias platei",1998,NA,"lago margarita","gill nets and electrofishing","2","1428","agui","ZEMLAK, T.S., HABIT,",NA,NA,"coor correcta: 54.62817/67.99046",NA,NA,NA,0,"no_match",NA,"no_match"
"13605",-54.66667,-67.83333,"galaxias platei",NA,NA,"lago margarita",NA,NA,"28","agui","Aigo, J., Cussac, V.",NA,NA,"coor correcta: 54.62817/67.99046",NA,NA,NA,0,"no_match",NA,"no_match"
"13615",-54.63333,-67.8,"galaxias platei",1995,NA,"lago escondido","gillnets",NA,"954","agui","Milano, D., Ruzzante",NA,NA,"coord correcta: 54.6431/67.7928; year: 2001; recordedBy D. Milano; individualCount: 10",NA,NA,NA,0,"no_match",NA,"no_match"
"13616",-54.63333,-67.8,"galaxias platei",NA,NA,"lago escondido",NA,NA,"20","agui","Aigo, J., Cussac, V.",NA,NA,"coord correcta: 54.6431/67.7928",NA,NA,NA,0,"no_match",NA,"no_match"
"13617",-54.63333,-67.8,"oncorhynchus mykiss",NA,NA,"lago escondido",NA,NA,"85","agui","Aigo, J., Cussac, V.",NA,NA,"coord correcta: 54.63333/67.8; Year 2001",NA,NA,NA,0,"no_match",NA,"no_match"
"13620",-54.63333,-67.8,"galaxias platei",1998,NA,"lago escondido","gillnets or electrofishing equipmen",NA,"1165","agui","RUZZANTE, D.E., WALD",NA,NA,"coord correcta: 54.6431/67.7928",NA,NA,NA,0,"no_match",NA,"no_match"
"13621",-54.6431,-67.7928,"galaxias platei",2002,NA,"lago escondido","gillnets and seine","10","178","agui","Barriga, J.P., Milan",NA,NA,"year: 2001; recordedBy D. Milano; individualCount: 10",NA,NA,NA,0,"no_match",NA,"no_match"
"13629",-54.67333,-67.74194,"galaxias platei",1998,NA,"lago escondido","gill nets and electrofishing","9","1427","agui","ZEMLAK, T.S., HABIT,",NA,NA,"coord correcta: 54.6431/67.7928",NA,NA,NA,0,"no_match",NA,"no_match"
"13630",-54.4,-67.73333,"galaxias platei",NA,NA,"lago yehuin","gillnets",NA,"952","agui","Milano, D., Ruzzante",NA,NA,"year: 2001; individualCount:7",NA,NA,NA,0,"no_match",NA,"no_match"
"13635",-54.4128,-67.7208,"galaxias platei",2002,NA,"lago yehuin","gillnets and seine","22","177","agui","Barriga, J.P., Milan",NA,NA,"year: 2001; individualCount:7",NA,NA,NA,0,"no_match",NA,"no_match"
"13664",-54.36667,-67.61667,"aplochiton taeniatus",NA,NA,"tierra del fuego",NA,NA,"364","agui","Cussac, V., Ortubay,",NA,NA,"locality: L. Chepelmut",NA,NA,NA,0,"no_match",NA,"no_match"
"13665",-54.36667,-67.61667,"aplochiton zebra",NA,NA,"tierra del fuego",NA,NA,"382","agui","Cussac, V., Ortubay,",NA,NA,"locality: L. Chepelmut",NA,NA,NA,0,"no_match",NA,"no_match"
"13666",-54.36667,-67.61667,"galaxias maculatus",NA,NA,"tierra del fuego",NA,NA,"411","agui","Cussac, V., Ortubay,",NA,NA,"locality: Lago Chepelmut",NA,NA,NA,0,"no_match",NA,"no_match"
"13678",-54.83333,-67.48333,"aplochiton taeniatus",NA,NA,"canal beagle",NA,NA,"354","agui","Cussac, V., Ortubay,",NA,NA,"???? Coord en la tierra",NA,NA,NA,0,"no_match",NA,"no_match"
"13704",-54.86667,-67.26667,"galaxias maculatus",2014,NA,"bahía varela","electrofishing (Smith-Root Inc., Vancouver, WA, USA).","20","883","agui","Lattuca, M.E., Batti",NA,NA,"coord correcta: 54.873749/67.28643; En bibliographicCitation Es Lattuca, M. E., Boy, C. C., Vanella, F. A., Barrantes, M. E., & Fernández, D. A. (2018). Thermal responses of three native fishes from estuarine areas of the Beagle Channel, and their implications for climate change. Hydrobiologia, 808(1), 235-249.",NA,NA,NA,0,"no_match",NA,"no_match"
"13711",-54.91667,-67.18333,"galaxias platei",NA,NA,"lago escondido",NA,NA,"481","agui","Cussac, V., Ortubay,",NA,NA,"coord correcta: 54.6431/67.7928",NA,NA,NA,0,"no_match",NA,"no_match"
"13713",-54.91667,-66.83333,"aplochiton taeniatus",NA,NA,"lapataia",NA,NA,"366","agui","Cussac, V., Ortubay,",NA,NA,"???? Coord en la tierra",NA,NA,NA,0,"no_match",NA,"no_match"
"13575",-54.5167,-68,"galaxias maculatus",NA,NA,"bahia thetis, on tierra del fuego island, southern tip of argentina; salinity: salt",NA,"4","cmnfi 1986-0684.1","idig",NA,"cmn","dd822e94-38a7-8a74-609e-62ce94d045ff","coord correctade Bahia Thetis: 54.644722/65.25083333",NA,NA,NA,0,"no_match",NA,"no_match"
"12041",-42.64502,-71.87943,"oncorhynchus mykiss",2012,"2012-03-08","bariloche, argentina",NA,NA,"122375","inat",NA,NA,"http://www.inaturalist.org/observations/122375","Locality: Lago Menéndez",NA,NA,NA,0,"no_match",NA,"no_match"
"12390",-42.74281,-71.743,"oncorhynchus mykiss",2019,"2019-03-22","departamento futaleufú, provinz chubut, argentinien",NA,NA,"21466572","inat",NA,NA,"https://www.inaturalist.org/observations/21466572","locality: Río Arrayanes",NA,NA,NA,0,"no_match",NA,"no_match"
"12769",-42.08186,-71.61692,"oncorhynchus mykiss",2022,"2022-11-29","w9hp+cj, lago puelo, chubut, argentina",NA,NA,"162246891","inat",NA,NA,"https://www.inaturalist.org/observations/162246891","punto cae mas cerca del río Azul que del Lago Puelo",NA,NA,NA,0,"no_match",NA,"no_match"
"12867",-41.35004,-71.58678,"galaxias maculatus",2021,"2021-02-07","bariloche, río negro, argentina",NA,NA,"69102805","inat",NA,NA,"https://www.inaturalist.org/observations/69102805","locality:Lago Mascardi",NA,NA,NA,0,"no_match",NA,"no_match"
"13501",-54.84494,-68.56388,"galaxias maculatus",2019,"2019-10-08","pntdf, ushuaia, tierra del fuego, argentina",NA,NA,"63008495","inat",NA,NA,"https://www.inaturalist.org/observations/63008495","no tenemos como comprobar pero parece Rio Lapataia",NA,NA,NA,0,"no_match",NA,"no_match"
"13533",-54.80189,-68.30295,"galaxias maculatus",2022,"2022-03-21","ushuaia",NA,NA,"109099669","inat",NA,NA,"https://www.inaturalist.org/observations/109099669","no tenemos como comprobar",NA,NA,NA,0,"no_match",NA,"no_match"
"13544",-54.79892,-68.23136,"galaxias maculatus",2022,"2022-11-14","ushuaia, tierra del fuego, argentina",NA,NA,"142026939","inat",NA,NA,"https://www.inaturalist.org/observations/142026939","locality: desembocadura Rio Olivia",NA,NA,NA,0,"no_match",NA,"no_match"
"13690",-54.87399,-67.27589,"galaxias maculatus",2022,"2022-01-29","ushuaia, tierra del fuego, argentina",NA,NA,"106084695","inat",NA,NA,"https://www.inaturalist.org/observations/106084695","no tenemos como comprobar, pero suponemos que es Bahia Varela",NA,NA,NA,0,"no_match",NA,"no_match"
