X,Y,Lon,Lat,Site_ID,Old_SiteID
-73.16184892,-37.14087467,663496.1,5888209.92,1,63.01
-70.48439539,-32.85795799,922932.41,6355721.01,2,63.02
-70.73605087,-33.90194349,894603.87,6240827.97,3,63.03
-70.76097899,-33.83555829,892601.02,6248292.08,4,63.04
-70.97233819,-34.61627395,869593.36,6162430.06,5,63.05
-72.35559439,-38.47443476,730928.87,5738515.65,6,63.06
-73.00270414,-38.74329489,673820.13,5710100.27,7,63.07
-72.66587713,-38.97787745,702431.61,5683370.44,8,63.08
-71.19702278,-34.71356445,848569.13,6152434.17,9,63.09
-70.28485129,-32.92809544,941279.79,6347115.72,10,63.1
-70.25504802,-32.90213422,944200.14,6349872.41,11,63.11
-70.29008824,-32.9224047,940817.77,6347769.46,12,63.12
-72.40107628,-38.50684581,726858.81,5735031.34,13,63.13
-72.42591646,-39.0884189,722874.2,5670539.93,14,63.14
-72.86622507,-39.81239516,682884,5591166.21,15,63.15
-73.02677022,-40.32458779,667879.43,5534624.42,16,63.16
-72.42929409,-41.14823494,715967.15,5441874.91,17,63.17
-71.94293117,-41.63284991,754887.59,5386742.15,18,63.18
-72.09054609,-41.70778784,742308.77,5378846.49,19,63.19
-72.94168046,-43.62392116,666304.87,5168098.59,20,63.2
-72.70838713,-44.7403695,681669.73,5043591.27,21,63.21
-72.08806565,-34.7443745,766825.72,6151743.42,22,63.22
-72.41106784,-51.73711107,678998.98,4265244.74,23,63.23
-71.97437352,-46.28579894,733311.36,4869994.61,24,63.24
-72.15182997,-45.64443144,722190.17,4941761.91,25,1.01
-72.7808406,-41.26186178,686141.07,5430070.91,26,2.01
-72.7808406,-41.26186178,686141.07,5430070.91,26,2.01
-72.60835834,-41.23239405,700681.79,5432959.11,27,2.02
-72.60835834,-41.23239405,700681.79,5432959.11,27,2.02
-72.56329111,-41.17416765,704640.5,5439319.12,28,2.03
-72.56329111,-41.17416765,704640.5,5439319.12,28,2.03
-72.64619616,-41.07091142,697995.23,5450975.13,29,2.04
-72.64619616,-41.07091142,697995.23,5450975.13,29,2.04
-72.6491673,-41.06724601,697756.55,5451388.83,30,2.05
-72.6491673,-41.06724601,697756.55,5451388.83,30,2.05
-72.6727285,-41.00888996,695949.59,5457921.1,31,2.06
-72.6727285,-41.00888996,695949.59,5457921.1,31,2.06
-72.81670758,-40.96352905,683966.44,5463270.22,32,2.07
-72.81670758,-40.96352905,683966.44,5463270.22,32,2.07
-72.92199653,-41.0306372,674928.01,5456035.68,33,2.08
-72.92199653,-41.0306372,674928.01,5456035.68,33,2.08
-72.96165241,-41.40440636,670620.84,5414615.53,34,2.09
-72.96165241,-41.40440636,670620.84,5414615.53,34,2.09
-73.17259884,-41.46184484,652852.12,5408631.71,35,2.1
-73.17259884,-41.46184484,652852.12,5408631.71,35,2.1
-72.77705761,-41.43987813,685951.15,5410297.31,36,2.11
-72.77705761,-41.43987813,685951.15,5410297.31,36,2.11
-72.74245109,-41.5260667,688592.7,5400652.56,37,2.12
-72.74245109,-41.5260667,688592.7,5400652.56,37,2.12
-72.54215899,-41.20278406,706323.54,5436091.92,38,42.01
-72.84895325,-41.1235292,680814.54,5445573.36,39,44.01
-72.83383559,-41.12324583,682084.55,5445573.36,40,45.01
-72.82249748,-41.123032,683037.05,5445573.36,41,46.01
-72.46221217,-41.18371742,713089.48,5438016.3,42,10.01
-72.26158217,-40.23207923,733214.78,5543163.98,43,4.01
-72.26158217,-40.23207923,733214.78,5543163.98,43,4.01
-72.23787629,-40.30156724,734991.36,5535386.74,44,4.02
-72.23787629,-40.30156724,734991.36,5535386.74,44,4.02
-72.23688639,-40.33137594,734972.16,5532074.68,45,4.03
-72.23688639,-40.33137594,734972.16,5532074.68,45,4.03
-72.50807935,-40.27109641,712118.91,5539451.12,46,4.04
-72.60284869,-40.79366212,702481.71,5481658,47,4.05
-72.46244585,-40.88842134,714023.78,5470803.65,48,4.06
-72.46244585,-40.88842134,714023.78,5470803.65,48,4.06
-72.33871413,-40.89424327,724429.67,5469847.44,49,4.07
-72.33871413,-40.89424327,724429.67,5469847.44,49,4.07
-73.30167522,-40.33375611,644502.61,5534091.07,50,4.08
-72.48110755,-40.88574253,712459.94,5471146.52,51,4.09
-72.48110755,-40.88574253,712459.94,5471146.52,51,4.09
-72.33082944,-40.92028986,725005.7,5466935.25,52,4.1
-72.33082944,-40.92028986,725005.7,5466935.25,52,4.1
-73.44139359,-40.32203218,632656.19,5535610.91,53,4.11
-73.44139359,-40.32203218,632656.19,5535610.91,53,4.11
-72.61759482,-40.30410635,702707.4,5536042.68,54,4.12
-72.61759482,-40.30410635,702707.4,5536042.68,54,4.12
-73.53242827,-40.29837149,624964.88,5538369.61,55,4.13
-73.53242827,-40.29837149,624964.88,5538369.61,55,4.13
-73.28719377,-40.29782378,645810.02,5538056.18,56,4.14
-73.28719377,-40.29782378,645810.02,5538056.18,56,4.14
-73.10373587,-40.36611576,661241.18,5530157.28,57,4.15
-73.10373587,-40.36611576,661241.18,5530157.28,57,4.15
-72.47477474,-41.96528335,709496.07,5351263.06,59,4.17
-72.47477474,-41.96528335,709496.07,5351263.06,59,4.17
-72.50076878,-41.9509467,707388.27,5352918.26,60,4.18
-72.50076878,-41.9509467,707388.27,5352918.26,60,4.18
-72.39183486,-41.89702725,716600.43,5358636.52,61,4.19
-72.39183486,-41.89702725,716600.43,5358636.52,61,4.19
-72.5591835,-41.98040757,702452.85,5349786.44,62,4.2
-72.5591835,-41.98040757,702452.85,5349786.44,62,4.2
-72.54370183,-40.62934974,707982.79,5499762.46,63,4.21
-72.54370183,-40.62934974,707982.79,5499762.46,63,4.21
-72.35429643,-40.63934188,723970.72,5498188.31,64,4.22
-72.35429643,-40.63934188,723970.72,5498188.31,64,4.22
-72.49399285,-40.62463913,712202.41,5500166.81,65,4.23
-72.49399285,-40.62463913,712202.41,5500166.81,65,4.23
-72.40058434,-40.63989778,720054.07,5498243.37,66,4.24
-72.3602943,-40.29617875,724603.39,5536302.46,67,4.25
-72.41175462,-43.19760413,710533.21,5214251.92,68,4.26
-72.25175362,-40.15292311,734323.31,5551926.03,69,4.27
-72.25175362,-40.15292311,734323.31,5551926.03,69,4.27
-72.23547695,-40.330595,735094.63,5532157.64,70,4.28
-72.23547695,-40.330595,735094.63,5532157.64,70,4.28
-72.26965758,-40.33805558,732164.86,5531419.55,71,4.29
-72.26965758,-40.33805558,732164.86,5531419.55,71,4.29
-72.4397057,-40.32283502,717767.2,5533541.35,72,4.3
-72.4397057,-40.32283502,717767.2,5533541.35,72,4.3
-72.32187155,-40.32962291,727757.29,5532491.37,73,4.31
-72.32187155,-40.32962291,727757.29,5532491.37,73,4.31
-72.24050807,-40.33909609,734637.71,5531227.18,74,4.32
-72.24050807,-40.33909609,734637.71,5531227.18,74,4.32
-72.3320161,-40.69897299,725654.06,5491510.74,75,4.33
-72.3320161,-40.69897299,725654.06,5491510.74,75,4.33
-72.31108285,-40.69776669,727427.03,5491590.72,76,4.34
-72.31108285,-40.69776669,727427.03,5491590.72,76,4.34
-72.23808653,-40.66476484,733710.63,5495063.38,77,4.35
-72.23808653,-40.66476484,733710.63,5495063.38,77,4.35
-72.4151487,-40.6237891,718874.87,5500068.14,78,4.36
-72.4151487,-40.6237891,718874.87,5500068.14,78,4.36
-72.43297354,-40.72026691,717054.03,5489400.87,79,4.37
-72.43297354,-40.72026691,717054.03,5489400.87,79,4.37
-72.40693496,-40.7162834,719266.64,5489778.49,80,4.38
-72.40693496,-40.7162834,719266.64,5489778.49,80,4.38
-72.31406789,-40.32289497,728443.02,5533218.21,81,3.01
-72.25151336,-40.14919635,734356.59,5552339.14,82,3.02
-72.25151336,-40.14919635,734356.59,5552339.14,82,3.02
-72.32136996,-40.32960975,727799.96,5532491.54,83,3.05
-72.32136996,-40.32960975,727799.96,5532491.54,83,3.05
-72.40029345,-40.64854831,720050.27,5497282.22,84,3.06
-72.24315631,-40.66599044,733277.73,5494940.76,85,3.08
-72.24315631,-40.66599044,733277.73,5494940.76,85,3.08
-72.41429675,-40.62171677,718953.71,5500296.1,86,3.11
-72.41429675,-40.62171677,718953.71,5500296.1,86,3.11
-72.62393881,-41.22011164,699413.15,5434358.68,87,3.12
-72.62049758,-41.22982779,699672.1,5433271.99,88,3.13
-72.62049758,-41.22982779,699672.1,5433271.99,88,3.13
-73.00195158,-41.25821567,667625.95,5430925.51,89,3.14
-73.00195158,-41.25821567,667625.95,5430925.51,89,3.14
-72.76990894,-41.27105718,687030.7,5429026.47,90,3.15
-72.76990894,-41.27105718,687030.7,5429026.47,90,3.15
-73.00181287,-41.25957307,667634.1,5430774.53,91,3.16
-72.4320631,-43.17612953,708956.24,5216687.84,92,3.17
-72.2522419,-39.69574035,735844.94,5602682,93,3.18
-72.46283404,-41.18385174,713036.88,5438002.91,94,3.19
-72.46283404,-41.18385174,713036.88,5438002.91,94,3.19
-72.38705256,-41.12000607,719606.49,5444903.64,95,3.2
-72.59522756,-41.23216478,701783.11,5432954.19,96,3.24
-72.59522756,-41.23216478,701783.11,5432954.19,96,3.24
-72.36268764,-43.33926959,714023.46,5198393.2,97,3.25
-72.36268764,-43.33926959,714023.46,5198393.2,97,3.25
-72.44187879,-43.12615611,708327.96,5222262.5,98,3.26
-72.44187879,-43.12615611,708327.96,5222262.5,98,3.26
-72.39943179,-43.30141833,711175.71,5202690.71,99,3.27
-72.39943179,-43.30141833,711175.71,5202690.71,99,3.27
-72.75105186,-39.86280876,692602.94,5585328.38,100,3.28
-72.75105186,-39.86280876,692602.94,5585328.38,100,3.28
-72.48375858,-40.76696262,712615.42,5484340.68,101,36.01
-72.48375858,-40.76696262,712615.42,5484340.68,101,36.01
-72.43282444,-40.77985645,716873.01,5482784.51,102,36.02
-72.43282444,-40.77985645,716873.01,5482784.51,102,36.02
-72.42056739,-40.78937968,717876.35,5481696.81,103,36.03
-72.42056739,-40.78937968,717876.35,5481696.81,103,36.03
-72.53828143,-40.86660616,707702.14,5473408.31,104,36.04
-72.53828143,-40.86660616,707702.14,5473408.31,104,36.04
-72.46930523,-40.88908581,713443.69,5470746.62,105,36.05
-72.46930523,-40.88908581,713443.69,5470746.62,105,36.05
-72.40604856,-40.9145717,718689.65,5467760.83,106,36.06
-72.40604856,-40.9145717,718689.65,5467760.83,106,36.06
-72.34113832,-40.9062594,724184.87,5468519.5,107,36.07
-72.34113832,-40.9062594,724184.87,5468519.5,107,36.07
-72.33997634,-40.90062327,724301.78,5469142.31,108,36.08
-72.33997634,-40.90062327,724301.78,5469142.31,108,36.08
-72.57451628,-40.86115207,704664.84,5474099.12,109,36.09
-72.57451628,-40.86115207,704664.84,5474099.12,109,36.09
-72.67928252,-40.80917677,695986.8,5480109.07,110,36.1
-72.67928252,-40.80917677,695986.8,5480109.07,110,36.1
-72.26663617,-40.8915233,730511.89,5469962.15,111,36.11
-72.26663617,-40.8915233,730511.89,5469962.15,111,36.11
-72.47973484,-40.88355065,712582.62,5471386.55,112,36.12
-72.47973484,-40.88355065,712582.62,5471386.55,112,36.12
-72.64527276,-40.7986466,698887.2,5481201.63,113,36.13
-72.63931032,-40.79876303,699389.91,5481175.17,114,36.14
-68.29297771,-21.57745389,1195752.57,7599271.76,115,11.01
-70.06845465,-53.95526897,823734.63,4010389.83,116,9.01
-70.06845465,-53.95526897,823734.63,4010389.83,116,9.01
-69.80317629,-53.68641935,843315.32,4039019.66,117,9.02
-69.80317629,-53.68641935,843315.32,4039019.66,117,9.02
-68.67286766,-53.98591506,914875.26,3999698.35,118,9.03
-68.67286766,-53.98591506,914875.26,3999698.35,118,9.03
-68.85547546,-53.98113305,902968.99,4001285.85,119,9.04
-68.85547546,-53.98113305,902968.99,4001285.85,119,9.04
-71.23892638,-31.71813144,856696.2,6484964.39,120,12.01
-71.23892638,-31.71813144,856696.2,6484964.39,120,12.01
-72.21622263,-45.49326365,717755.28,4958733.32,121,60.01
-72.01993909,-52.68588225,701661.07,4158714.61,122,60.02
-72.45547643,-46.64234156,694974.61,4831680.15,123,60.03
-72.26948514,-45.48320164,713631.45,4959994.14,124,5.01
-71.91679093,-45.81854313,739760.26,4921739.13,125,5.02
-71.78286953,-45.83934546,750070.83,4919017.31,126,5.03
-72.08334971,-45.57516185,727806.91,4949265.76,127,5.04
-72.76028223,-45.6951673,674616.49,4937631.2,128,5.05
-72.1907692,-46.16146946,717131.4,4884422.98,129,5.06
-72.6856345,-46.46061692,677952.78,4852416.4,130,5.07
-72.71299796,-46.47490622,675805.63,4850889.81,131,5.08
-71.97163436,-46.28321407,733533.35,4870273.75,132,5.09
-71.65194498,-44.62830663,765825.74,5053140.27,133,5.1
-72.49460202,-41.4419373,709544.4,5409423.85,134,14.01
-73.65073566,-42.38315081,611308.7,5307067.07,135,14.02
-72.6428253,-40.65502037,699521.93,5497141.91,136,14.03
-72.40353553,-40.71487875,719558.43,5489925.95,137,14.04
-72.77575832,-40.64580247,688308.01,5498458.19,138,14.05
-73.11149696,-41.7578846,657235.73,5375651.81,139,13.01
-73.48566211,-41.82911337,625988.8,5368358.33,140,13.02
-73.72415453,-42.581957,604932.48,5285083.86,141,13.03
-72.59794324,-42.04102964,699052.44,5343145.53,142,13.04
-72.72124947,-44.70790373,680752.34,5047226.44,143,13.05
-72.83692622,-45.47358645,669313.22,4962413.54,144,13.06
-72.8028538,-45.45417311,672035.51,4964498.09,145,37.01
-72.71701795,-45.40587415,678899.66,4969676.99,146,37.02
-72.08838454,-45.57624498,727409.7,4949159.71,147,37.03
-72.06868689,-45.5481847,729060.54,4952221.22,148,37.04
-72.14431386,-45.50017971,723346.77,4957767.59,149,37.05
-72.45992225,-45.41773523,698978.26,4967755.88,150,37.06
-73.24176579,-45.24658357,638219.21,4988405.62,151,37.07
-72.80006731,-45.45758647,672243.01,4964112.9,152,37.08
-72.79405565,-45.45129127,672732.25,4964799.42,153,37.09
-73.29884523,-47.47356102,628421.61,4741046.66,154,37.1
-73.12039983,-48.14281056,640059.36,4666355.29,155,37.11
-73.52067424,-45.16154916,616503.6,4998291.9,156,37.12
-71.85398055,-45.6664585,745304.85,4938445.79,157,37.13
-72.72904152,-45.46756695,677765.05,4962849.57,158,37.14
-71.96482294,-46.24044678,734240.1,4875005.56,159,37.15
-72.5824343,-47.31257209,682959.63,4757507.1,160,37.16
-72.45021929,-47.28028884,693069.72,4760776.12,161,37.17
-71.9271095,-46.30439486,736872,4867788.22,162,37.18
-71.94613029,-45.66398284,738137.12,4938998.89,163,37.19
-71.62296988,-46.51134074,759309.56,4843840.21,164,43.01
-70.389037,-33.37514496,929337.03,6297920.31,165,15.01
-70.73295884,-34.72931619,891027.37,6148977.18,166,16.01
-70.56113615,-34.82602595,906299.2,6137558.27,167,16.02
-73.11112458,-36.85629942,668628.45,5919696.28,168,17.01
-73.08890098,-36.84633716,670632.04,5920762.19,169,17.02
-71.27484978,-38.78806503,823822.89,5700431.42,170,17.03
-73.10999964,-36.85635545,668728.63,5919688.08,171,35.01
-73.08763243,-36.84874505,670739.81,5920492.77,172,35.02
-72.99049283,-36.87580882,679338.57,5917312.08,173,18.01
-72.99049283,-36.87580882,679338.57,5917312.08,173,18.01
-72.99773137,-36.85929372,678731.76,5919158.06,174,18.02
-72.99773137,-36.85929372,678731.76,5919158.06,174,18.02
-73.00827882,-36.8472457,677819.25,5920514.51,175,18.03
-73.00827882,-36.8472457,677819.25,5920514.51,175,18.03
-73.00660636,-36.83176933,678004.22,5922228.55,176,18.04
-73.00660636,-36.83176933,678004.22,5922228.55,176,18.04
-73.01686637,-36.81993789,677116.37,5923560.33,177,18.05
-73.01686637,-36.81993789,677116.37,5923560.33,177,18.05
-69.35552759,-18.34327687,1097396.75,7962912.25,178,20.01
-69.33552927,-18.28105908,1099733.41,7969757.31,179,20.02
-71.89208846,-37.35157809,775530.95,5861883.24,180,19.01
-71.89208846,-37.35157809,775530.95,5861883.24,180,19.01
-71.67542247,-37.31716069,794863.29,5865048.9,181,19.02
-71.67542247,-37.31716069,794863.29,5865048.9,181,19.02
-71.79762946,-37.34281385,783933.41,5862576.1,182,19.03
-71.79762946,-37.34281385,783933.41,5862576.1,182,19.03
-71.72988336,-37.37606544,789808.85,5858679.54,183,19.04
-71.72988336,-37.37606544,789808.85,5858679.54,183,19.04
-72.92370126,-37.16638768,684588.61,5884942.53,184,54.01
-72.92370126,-37.16638768,684588.61,5884942.53,184,54.01
-72.59309948,-37.54104504,712887.1,5842672.46,185,54.02
-72.59309948,-37.54104504,712887.1,5842672.46,185,54.02
-72.0086116,-37.67194776,764075.45,5826660.16,186,54.03
-72.0086116,-37.67194776,764075.45,5826660.16,186,54.03
-71.30087622,-37.35083029,827921.46,5860076.1,187,54.04
-71.30087622,-37.35083029,827921.46,5860076.1,187,54.04
-71.26756635,-38.68348532,824929.69,5712016.24,188,54.05
-71.26756635,-38.68348532,824929.69,5712016.24,188,54.05
-71.26831353,-38.78077555,824423.91,5701217.54,189,54.06
-71.26831353,-38.78077555,824423.91,5701217.54,189,54.06
-71.96735347,-37.23924461,769262.51,5874567.55,190,21.01
-71.96735347,-37.23924461,769262.51,5874567.55,190,21.01
-72.12111581,-37.10805884,756061.24,5889552.7,191,21.02
-72.12111581,-37.10805884,756061.24,5889552.7,191,21.02
-72.41571013,-36.75020165,730954.14,5930017.03,192,21.03
-72.41571013,-36.75020165,730954.14,5930017.03,192,21.03
-71.94589978,-37.31882556,770880.76,5865674,193,22.01
-71.94589978,-37.31882556,770880.76,5865674,193,22.01
-72.00441561,-37.17430753,766201.9,5881879.22,194,22.02
-72.00441561,-37.17430753,766201.9,5881879.22,194,22.02
-72.39811968,-36.85075992,732221.17,5918815.88,195,22.03
-72.39811968,-36.85075992,732221.17,5918815.88,195,22.03
-72.09889382,-36.89424762,758760.07,5913220.71,196,22.04
-72.09889382,-36.89424762,758760.07,5913220.71,196,22.04
-70.83559208,-31.54553482,895683.21,6502724.7,197,23.01
-70.9622006,-31.87002171,882315.52,6467169.25,198,24.01
-71.39640442,-38.096887,816265.03,5777586.4,199,25.01
-71.39640442,-38.096887,816265.03,5777586.4,199,25.01
-71.43050078,-38.06051379,813429.21,5781739.86,200,25.02
-71.43050078,-38.06051379,813429.21,5781739.86,200,25.02
-71.41918145,-38.0842648,814320.97,5779064.99,201,25.03
-71.41918145,-38.0842648,814320.97,5779064.99,201,25.03
-71.44959269,-38.0456103,811816.79,5783458.55,202,25.04
-71.45111632,-38.04948322,811666.6,5783033.73,203,25.05
-71.51969246,-37.99361201,805879.19,5789463.67,204,25.06
-71.51969246,-37.99361201,805879.19,5789463.67,204,25.06
-71.45685804,-38.21071983,810478.32,5765154.13,205,25.07
-71.4114435,-38.11264959,814877.99,5775887.74,206,25.08
-71.41166497,-38.11939244,814829.59,5775139.96,207,25.09
-71.42104743,-38.13014764,813960.65,5773977.82,208,25.1
-71.53114743,-38.16809111,804148.81,5770132.86,209,25.11
-71.37061572,-38.1067415,818484.59,5776404.21,210,25.12
-71.96717893,-34.12388354,779958.96,6220257.07,211,34.01
-71.26700122,-34.99235326,841002.62,6121734.72,212,26.01
-71.16332341,-35.72318135,847324.09,6040261.15,213,27.01
-70.90707318,-35.79857569,870168.46,6030953.46,214,27.02
-70.94418122,-35.81880811,866719.53,6028847.4,215,27.03
-70.75568428,-35.81478834,883781.29,6028570.01,216,27.04
-71.50127507,-52.2382074,739120.94,4206911.43,217,47.01
-71.50127507,-52.2382074,739120.94,4206911.43,217,47.01
-71.41200861,-52.18261046,745520.24,4212794.35,218,47.02
-71.41200861,-52.18261046,745520.24,4212794.35,218,47.02
-71.42460461,-52.05775522,745343.98,4226718.05,219,47.03
-71.42460461,-52.05775522,745343.98,4226718.05,219,47.03
-71.62610551,-52.21570545,730716.78,4209817.78,220,47.04
-71.48306509,-52.19625421,740590.46,4211515.58,221,47.05
-71.48306509,-52.19625421,740590.46,4211515.58,221,47.05
-71.53756762,-52.15145429,737104.77,4216675.93,222,47.06
-71.53756762,-52.15145429,737104.77,4216675.93,222,47.06
-71.40577529,-52.22580966,745707.86,4207970.42,223,47.07
-71.38705762,-52.11319155,747610.19,4220427.38,224,47.08
-71.38705762,-52.11319155,747610.19,4220427.38,224,47.08
-71.41841484,-32.62979653,836303.8,6384394.98,225,48.01
-71.36504109,-32.58854187,841471.52,6388801.86,226,48.02
-71.48281759,-32.74705244,829825.66,6371588.1,227,48.03
-71.44471432,-32.73832072,833430.75,6372437.46,228,48.04
-71.50578398,-32.88248729,827175.2,6356633.44,229,48.05
-71.45925188,-32.85891904,831619.14,6359102.96,230,48.06
-71.50263917,-32.92047329,827329.7,6352409.23,231,48.07
-71.39052596,-32.95480714,837690.26,6348245.73,232,48.08
-71.14977926,-33.02409002,859929.98,6339759.05,233,48.09
-71.42744136,-32.92012598,834367.73,6352211.53,234,48.1
-71.24137287,-32.83570687,852114.44,6360972.51,235,48.11
-71.2034464,-32.72390342,856112.94,6373251.2,236,48.12
-70.88294959,-32.78870802,885896.27,6364935.18,237,48.13
-70.69932073,-32.77097533,903190.94,6366217.34,238,48.14
-70.5277001,-32.83754774,918971.41,6358159.56,239,48.15
-70.41749602,-32.86203401,929180.58,6354997.98,240,48.16
-70.30792637,-32.62163448,940630.9,6381234.06,241,48.17
-70.22092427,-32.88973742,947458.5,6351104.11,242,48.18
-70.26609146,-32.96302673,942861.55,6343158.79,243,48.19
-70.17361916,-32.8415075,952134.95,6356256.65,244,48.2
-70.62874057,-32.52748258,910923.81,6392971.85,245,48.21
-71.4718829,-33.06605884,829665.46,6336160.49,246,48.22
-71.32567099,-33.14723736,843009.33,6326684.02,247,48.23
-71.49150025,-33.28962288,827000.59,6311417.27,248,48.24
-71.53098223,-33.15289393,823825.38,6326710.42,249,48.25
-71.57866294,-33.38987985,818513.23,6300563.76,250,48.26
-71.12847348,-33.31469942,860727.71,6307437.07,251,48.27
-71.06536145,-33.42175859,866158.58,6295335.88,252,48.28
-71.25172396,-33.57975652,848182.7,6278444.75,253,48.29
-72.51411474,-38.69056808,716448.17,5714912.28,254,61.01
-70.13442024,-32.81602062,955939.43,6358917.47,255,61.02
-70.19794098,-32.87413469,949690.35,6352738.41,256,61.03
-70.27013454,-32.95377953,942529.37,6344202.44,257,61.04
-72.44353025,-38.67066527,722649.94,5716952.37,258,61.05
-73.04623297,-36.91178601,674288.2,5913423.43,259,59.01
-73.08583267,-36.87767337,670835.94,5917279.88,260,59.02
-73.1085622,-36.85181656,668866.76,5920189.14,261,59.03
-68.30401954,-21.50327794,1194959.34,7607572.72,262,28.01
-71.94484855,-38.42263926,766960.06,5743155.08,263,49.01
-71.94484855,-38.42263926,766960.06,5743155.08,263,49.01
-71.93382409,-38.46679685,767759.51,5738221.53,264,49.02
-71.93382409,-38.46679685,767759.51,5738221.53,264,49.02
-72.19354605,-38.54191244,744839.77,5730607.13,265,49.03
-72.19354605,-38.54191244,744839.77,5730607.13,265,49.03
-71.63109454,-39.45024342,790138.91,5628120,266,49.04
-71.63109454,-39.45024342,790138.91,5628120,266,49.04
-71.77344704,-39.40676077,778059.24,5633395.93,267,49.05
-71.77344704,-39.40676077,778059.24,5633395.93,267,49.05
-72.19452423,-39.17372507,742598.46,5660477.57,268,49.06
-72.19452423,-39.17372507,742598.46,5660477.57,268,49.06
-71.82343543,-39.25797148,774335.05,5650066.77,269,49.07
-71.82343543,-39.25797148,774335.05,5650066.77,269,49.07
-72.22066701,-39.33749774,739781.17,5642367.28,270,49.08
-72.22066701,-39.33749774,739781.17,5642367.28,270,49.08
-72.06808551,-38.95243488,754316.21,5684696.56,271,49.09
-72.06808551,-38.95243488,754316.21,5684696.56,271,49.09
-71.89993604,-39.70496001,766023.88,5600672.82,272,49.1
-71.89993604,-39.70496001,766023.88,5600672.82,272,49.1
-72.13412441,-39.76166839,745740.53,5595045.79,273,49.11
-72.13412441,-39.76166839,745740.53,5595045.79,273,49.11
-71.95402034,-39.57891626,761861.04,5614824.93,274,49.14
-71.95402034,-39.57891626,761861.04,5614824.93,274,49.14
-72.11777476,-39.77905745,747079.18,5593070.35,275,49.15
-72.11777476,-39.77905745,747079.18,5593070.35,275,49.15
-72.34530579,-40.1149496,726479.71,5556384.24,276,49.17
-72.34530579,-40.1149496,726479.71,5556384.24,276,49.17
-72.34667219,-40.89204433,723766.59,5470111.96,277,49.18
-72.34667219,-40.89204433,723766.59,5470111.96,277,49.18
-72.1239829,-40.20904568,745006.15,5545350.44,278,49.19
-72.1239829,-40.20904568,745006.15,5545350.44,278,49.19
-72.42916615,-40.89660543,716801.19,5469813.11,279,49.2
-72.42916615,-40.89660543,716801.19,5469813.11,279,49.2
-72.11728175,-40.65599041,743956.08,5495709.51,280,49.22
-72.11728175,-40.65599041,743956.08,5495709.51,280,49.22
-72.33383945,-40.70145015,725491.63,5491240.39,281,49.23
-72.33383945,-40.70145015,725491.63,5491240.39,281,49.23
-72.73440397,-40.46196802,692330.02,5518778.06,282,49.25
-72.73440397,-40.46196802,692330.02,5518778.06,282,49.25
-72.62063953,-41.2289961,699662.73,5433364.66,283,49.27
-72.62063953,-41.2289961,699662.73,5433364.66,283,49.27
-72.75767718,-41.27929312,688031.72,5428085.64,284,49.28
-72.75767718,-41.27929312,688031.72,5428085.64,284,49.28
-72.59508716,-41.23143254,701797.12,5433035.16,285,49.29
-72.59508716,-41.23143254,701797.12,5433035.16,285,49.29
-73.07236218,-38.73745599,667779.2,5710878.12,286,49.3
-73.08546257,-39.01534627,665993.41,5680059.93,287,49.31
-73.26076319,-39.83192432,649067.27,5589729.59,288,49.32
-73.19291083,-40.34852893,653708.96,5532268.14,289,49.33
-73.33123795,-41.5056755,639508.63,5404032.93,290,49.34
-73.13925523,-39.72901758,659703.33,5600943.07,291,49.35
-73.22935699,-39.87984644,651649.62,5584357.4,292,49.36
-71.72057618,-37.77056308,789103.44,5814863.47,293,29.01
-71.67872338,-37.82772179,792565.46,5808388.64,294,29.02
-71.66205325,-37.86976325,793866.16,5803669.65,295,29.03
-71.61867014,-37.89551105,797579.9,5800674.03,296,29.04
-71.5692522,-37.95276948,801692.71,5794159.21,297,29.05
-71.46621462,-38.04682072,810352.49,5783379.84,298,29.06
-71.39710618,-38.09797417,816198.78,5777468.1,299,29.07
-71.23281488,-38.43365957,829092.06,5739628.3,300,29.08
-71.27713568,-38.68564043,824087.23,5711810.89,301,29.09
-71.28263491,-38.80043296,823090.53,5699085.87,302,29.1
-71.56964606,-33.68589405,818264.84,6267692.85,303,40.01
-71.07984691,-33.70866966,863604.33,6263546.68,304,41.01
-70.39968354,-34.36934749,923396.03,6187591.87,305,58.01
-70.39968354,-34.36934749,923396.03,6187591.87,305,58.01
-70.40187478,-34.33918463,923346.28,6190949.68,306,58.02
-70.40187478,-34.33918463,923346.28,6190949.68,306,58.02
-70.40148057,-34.33395433,923408.92,6191528.7,307,58.03
-70.40148057,-34.33395433,923408.92,6191528.7,307,58.03
-70.40705029,-34.32877856,922922,6192126.56,308,58.04
-70.40705029,-34.32877856,922922,6192126.56,308,58.04
-70.32447958,-34.38036549,930262.79,6186051.57,309,58.05
-70.32447958,-34.38036549,930262.79,6186051.57,309,58.05
-70.32295777,-34.37648862,930422.76,6186475.52,310,58.06
-70.32295777,-34.37648862,930422.76,6186475.52,310,58.06
-70.89535988,-33.63282592,881050.96,6271298.22,311,53.01
-72.63255302,-39.37688155,704162.1,5639007.08,312,30.01
-72.63255302,-39.37688155,704162.1,5639007.08,312,30.01
-72.81489883,-39.4804592,688174.87,5627906.11,313,30.02
-72.81489883,-39.4804592,688174.87,5627906.11,313,30.02
-72.89116671,-39.55755981,681413.92,5619504.3,314,30.03
-72.89116671,-39.55755981,681413.92,5619504.3,314,30.03
-72.95246167,-39.54621185,676175.98,5620885.62,315,30.04
-72.95246167,-39.54621185,676175.98,5620885.62,315,30.04
-72.97813023,-39.54729021,673967.44,5620815.82,316,30.05
-72.97813023,-39.54729021,673967.44,5620815.82,316,30.05
-73.18187114,-39.65377974,656220.11,5609369.39,317,30.06
-73.18187114,-39.65377974,656220.11,5609369.39,317,30.06
-73.19550378,-39.71911566,654904.52,5602140.77,318,30.07
-73.19550378,-39.71911566,654904.52,5602140.77,318,30.07
-71.96792504,-37.29700988,769006.17,5868158.13,319,31.01
-71.96792504,-37.29700988,769006.17,5868158.13,319,31.01
-72.00012732,-37.25253829,766307.58,5873184.9,320,31.02
-72.00012732,-37.25253829,766307.58,5873184.9,320,31.02
-72.06280469,-37.18974599,760963.34,5880328.2,321,31.03
-72.06280469,-37.18974599,760963.34,5880328.2,321,31.03
-72.15019874,-37.17948549,753237.99,5881703.95,322,31.04
-72.15019874,-37.17948549,753237.99,5881703.95,322,31.04
-72.01164578,-37.17742141,765548.9,5881553.92,323,32.01
-72.01164578,-37.17742141,765548.9,5881553.92,323,32.01
-72.07004884,-37.15762683,760430.36,5883912.72,324,32.02
-72.07004884,-37.15762683,760430.36,5883912.72,324,32.02
-73.02647693,-36.74217954,676437.06,5932205.54,325,33.01
-73.04440527,-36.76461611,674785.3,5929749.02,326,33.02
-73.03979649,-36.7783748,675165.44,5928214.05,327,33.03
-73.02978686,-36.79872728,676012.31,5925937.54,328,33.04
-73.01724388,-36.81667591,677090.2,5923922.96,329,33.05
-72.98831998,-36.81024537,679685.46,5924582.53,330,33.06
-72.94252306,-36.79766245,683801.33,5925891.7,331,33.07
-72.80686394,-36.88276002,695689.7,5916180.41,332,33.08
-72.92123849,-36.82971582,685623.24,5922294.14,333,33.09
-72.90851938,-36.82562048,686767.65,5922723.79,334,33.1
-72.8891146,-36.81753171,688518.37,5923583.22,335,33.11
-72.85594575,-36.81661653,691479.62,5923618.9,336,33.12
-72.80154396,-36.76690084,696459.67,5929024.94,337,33.13
-72.80351,-36.82174616,696144.38,5922943.5,338,33.14
-72.78644324,-36.81630395,697680.81,5923512.23,339,33.15
-70.08886349,-34.08676233,953528.2,6217625.33,340,38.01
-70.21894437,-33.93598764,942294.37,6234936.46,341,38.02
-70.2047671,-33.84262145,944091.22,6245241.36,342,38.03
-70.17025793,-33.81315452,947442.24,6248363.17,343,38.04
-70.08222837,-33.6494545,956469.33,6266152.44,344,38.05
-70.3682425,-33.74384425,929440.84,6256902.71,345,38.06
-70.35738978,-33.6612742,930860.39,6266024.08,346,38.07
-70.3644183,-33.62487983,930389.4,6270093.81,347,38.08
-70.4028945,-33.53639035,927252.89,6280077.14,348,38.09
-70.46620671,-33.59068481,921102.83,6274309.55,349,38.1
-70.53005319,-33.70352508,914628.74,6262041.88,350,38.11
-70.57152908,-33.62504328,911154.64,6270919.84,351,38.12
-70.79643204,-33.83834,889304.56,6248118.28,352,38.13
-70.92282635,-33.75928485,877946.03,6257364.16,353,38.14
-70.86829719,-33.28092799,885118.74,6310253.8,354,38.15
-70.84149984,-33.38628471,887149.63,6298461.29,355,38.16
-70.90716256,-33.60051029,880097.29,6274928.27,356,38.17
-70.93548619,-33.65743478,877218.19,6268714.36,357,38.18
-71.20629855,-33.71275997,851859.69,6263531.54,358,38.19
-71.33615505,-33.66113647,840020.66,6269695.47,359,38.2
-71.45160717,-33.7854242,828833.39,6256278.79,360,38.21
-71.60583815,-33.6281886,815118.34,6274206.36,361,38.22
-72.98062213,-45.21126476,658811.95,4991849.48,362,7.01
-73.02395692,-45.3037649,655157.11,4981657.22,363,7.02
-73.04489272,-45.34708792,653398.89,4976884.15,364,7.03
-73.05434898,-45.35349289,652640.88,4976190.51,365,7.04
-72.82930226,-45.11141067,670993.02,5002634.32,366,8.01
-72.82930226,-45.11141067,670993.02,5002634.32,366,8.01
-72.91148809,-45.14789644,664423.04,4998751.26,367,8.02
-72.85770001,-45.08348934,668841.27,5005795.81,368,8.03
-72.97011165,-45.14140174,659832.43,4999590.26,369,8.04
-72.97011165,-45.14140174,659832.43,4999590.26,369,8.04
-72.9738233,-45.16812222,659466.15,4996629.06,370,8.05
-72.96376027,-45.56128284,659151.94,4952929.45,371,8.06
-72.96376027,-45.56128284,659151.94,4952929.45,371,8.06
-72.96791776,-45.59742911,658725.71,4948921.74,372,8.07
-72.96791776,-45.59742911,658725.71,4948921.74,372,8.07
-72.67734808,-45.49820784,681707.71,4959329.82,373,8.08
-72.67734808,-45.49820784,681707.71,4959329.82,373,8.08
-72.51028645,-45.79311622,693741.92,4926173.44,374,8.09
-72.17474951,-45.77065847,719908.72,4927800.96,375,8.1
-72.5896931,-45.42741736,688792.32,4966992.79,376,8.11
-72.5896931,-45.42741736,688792.32,4966992.79,376,8.11
-72.61970971,-45.47016091,686303.46,4962313.96,377,8.12
-72.61970971,-45.47016091,686303.46,4962313.96,377,8.12
-72.66489588,-45.54027429,682544.65,4954627.96,378,8.13
-72.66489588,-45.54027429,682544.65,4954627.96,378,8.13
-72.6170778,-45.58147672,686141.98,4949940.53,379,8.14
-72.6170778,-45.58147672,686141.98,4949940.53,379,8.14
-72.60480584,-45.64964372,686873.01,4942338.47,380,8.15
-72.60480584,-45.64964372,686873.01,4942338.47,380,8.15
-72.59777119,-45.69026426,687285.73,4937808.96,381,8.16
-72.87520795,-45.47904287,666304.85,4961887.19,382,8.17
-72.83725059,-45.48984913,669239.21,4960607.43,383,8.18
-72.83725059,-45.48984913,669239.21,4960607.43,383,8.18
-71.96712863,-46.54431784,732767.09,4841248.51,384,6.01
-71.83762194,-46.49018665,742937.12,4846873.19,385,6.02
-71.34747456,-32.96763887,841668.01,6346682.96,386,39.01
-71.34747456,-32.96763887,841668.01,6346682.96,386,39.01
-71.17586194,-33.18667815,856833.15,6321806.38,387,39.02
-71.17586194,-33.18667815,856833.15,6321806.38,387,39.02
-71.16233557,-33.22822358,857925.89,6317149.91,388,39.03
-71.16233557,-33.22822358,857925.89,6317149.91,388,39.03
-71.12702192,-33.27154973,861040.88,6312220.39,389,39.04
-71.12702192,-33.27154973,861040.88,6312220.39,389,39.04
-70.85501348,-33.34100629,886091.68,6303536.82,390,39.05
-70.85501348,-33.34100629,886091.68,6303536.82,390,39.05
-72.08337066,-45.57520144,727805.11,4949261.42,391,57.01
-72.08244551,-45.5721371,727889.69,4949599.25,392,50.01
-71.93998246,-39.28131289,764188.71,5647822.33,393,55.01
-71.93998246,-39.28131289,764188.71,5647822.33,393,55.01
-72.20816877,-39.60002669,739955.23,5613190.66,394,55.02
-72.20816877,-39.60002669,739955.23,5613190.66,394,55.02
-73.23591383,-40.73148364,649205.52,5489828.67,395,55.03
-73.23591383,-40.73148364,649205.52,5489828.67,395,55.03
-73.00530486,-40.75519519,668621.16,5486779.26,396,55.04
-73.00530486,-40.75519519,668621.16,5486779.26,396,55.04
-72.95872853,-40.71092846,672667.59,5491603.29,397,55.05
-72.95872853,-40.71092846,672667.59,5491603.29,397,55.05
-72.27143299,-41.38046161,728405.76,5415685.96,398,51.01
-72.68816421,-40.78742693,695301.26,5482543.62,399,51.02
-72.10350331,-39.26094428,750153.4,5650548.11,400,339.01
-72.04768091,-39.29695189,754840.31,5646395.15,401,339.02
-72.11094526,-39.32244348,749293.01,5643741.65,402,339.03
-72.11094526,-39.32244348,749293.01,5643741.65,402,339.03
-72.10172095,-39.30527565,750149.48,5645621.98,403,339.04
-72.10172095,-39.30527565,750149.48,5645621.98,403,339.04
-72.11752157,-39.32523046,748716.11,5643450.38,404,339.05
-72.11752157,-39.32523046,748716.11,5643450.38,404,339.05
-72.06928688,-39.31186974,752922.99,5644799.76,405,339.06
-72.06928688,-39.31186974,752922.99,5644799.76,405,339.06
-71.77636654,-39.39777102,777843.48,5634402.95,406,339.07
-71.77636654,-39.39777102,777843.48,5634402.95,406,339.07
-71.55389579,-39.43998527,796827.24,5629007.51,407,339.08
-71.55389579,-39.43998527,796827.24,5629007.51,407,339.08
-71.43323708,-39.27179109,807952.57,5647276.95,408,339.09
-71.43323708,-39.27179109,807952.57,5647276.95,408,339.09
-71.8324117,-39.25891733,773556.67,5649988.93,409,339.1
-71.8324117,-39.25891733,773556.67,5649988.93,409,339.1
-71.77908114,-39.28125336,778071.08,5647346.73,410,339.11
-71.77908114,-39.28125336,778071.08,5647346.73,410,339.11
-71.6914753,-39.21915142,785881.82,5653968.19,411,339.12
-71.6914753,-39.21915142,785881.82,5653968.19,411,339.12
-71.75705043,-39.33471121,779758.86,5641344.05,412,339.13
-71.75705043,-39.33471121,779758.86,5641344.05,412,339.13
-71.61141967,-39.22283616,792779.9,5653303.36,413,339.14
-71.61141967,-39.22283616,792779.9,5653303.36,413,339.14
-71.52715666,-39.555975,798632.09,5616041.42,414,339.15
-71.52715666,-39.555975,798632.09,5616041.42,414,339.15
-71.86324785,-39.32194859,770652.53,5643084.29,415,339.16
-71.86324785,-39.32194859,770652.53,5643084.29,415,339.16
-72.00262356,-39.29287976,758741.74,5646719.3,416,339.17
-72.00262356,-39.29287976,758741.74,5646719.3,416,339.17
-71.70132842,-43.17036815,768379.8,5215245.26,417,52.01
-71.72319726,-43.56499989,764878.82,5171482.96,418,52.02
-73.93453907,-42.67054853,587543.61,5275484.69,419,56.01
-73.79812024,-42.79697024,598522.93,5261295.62,420,56.02
-68.46313737,-22.31568852,1174534.19,7517926.99,421,62.01
-68.46313737,-22.31568852,1174534.19,7517926.99,421,62.01
-70.07067127,-30.11442334,975417.15,6658584.4,422,62.02
-70.07067127,-30.11442334,975417.15,6658584.4,422,62.02
-70.38829978,-30.14865928,944609.91,6656067.85,423,62.03
-70.38829978,-30.14865928,944609.91,6656067.85,423,62.03
-70.4760276,-30.32609971,935363.1,6636713.77,424,62.04
-70.4760276,-30.32609971,935363.1,6636713.77,424,62.04
-70.08493431,-33.67132212,956102.32,6263736.36,425,62.05
-70.08493431,-33.67132212,956102.32,6263736.36,425,62.05
-72.18629738,-39.75332285,741299.54,5596114.08,426,62.06
-72.18629738,-39.75332285,741299.54,5596114.08,426,62.06
-71.5535627,-44.56115762,773945.68,5060274.24,427,62.07
-71.5535627,-44.56115762,773945.68,5060274.24,427,62.07
-72.79707443,-42.85196929,680231.54,5253534.53,428,64.01
-72.79707443,-42.85196929,680231.54,5253534.53,428,64.01
-72.34913218,-42.97810254,716392.65,5238471.11,429,64.02
-72.34913218,-42.97810254,716392.65,5238471.11,429,64.02
-72.48200301,-43.02064042,705415.76,5234080.2,430,64.03
-72.48200301,-43.02064042,705415.76,5234080.2,430,64.03
-72.42802916,-43.1758916,709284.94,5216704.2,431,64.04
-72.42802916,-43.1758916,709284.94,5216704.2,431,64.04
-72.336513,-43.57170677,715319.38,5172509.25,432,64.05
-72.336513,-43.57170677,715319.38,5172509.25,432,64.05
-72.33432528,-43.57939238,715468.66,5171649.94,433,64.06
-72.33432528,-43.57939238,715468.66,5171649.94,433,64.06
-72.36157785,-43.79184928,712517.05,5148122.12,434,64.07
-72.36157785,-43.79184928,712517.05,5148122.12,434,64.07
-72.49876882,-44.18894041,700140.41,5104357.43,435,64.08
-72.49876882,-44.18894041,700140.41,5104357.43,435,64.08
-72.50608921,-44.23327774,699405.76,5099450.22,436,64.09
-72.50608921,-44.23327774,699405.76,5099450.22,436,64.09
-72.57784197,-44.32479684,693375.02,5089455.78,437,64.1
-72.57784197,-44.32479684,693375.02,5089455.78,437,64.1
-72.42222341,-44.56857045,704930.55,5061997.89,438,64.11
-72.42222341,-44.56857045,704930.55,5061997.89,438,64.11
-72.41753565,-44.63582233,705066.21,5054515.35,439,64.12
-72.41753565,-44.63582233,705066.21,5054515.35,439,64.12
-72.52794267,-44.69697248,696102.82,5047993.9,440,64.13
-72.52794267,-44.69697248,696102.82,5047993.9,440,64.13
-72.21903172,-44.83653242,720048.85,5031700.6,441,64.14
-72.21903172,-44.83653242,720048.85,5031700.6,441,64.14
-72.11994774,-45.02802737,727124.94,5010154.08,442,64.15
-72.11994774,-45.02802737,727124.94,5010154.08,442,64.15
-72.12888156,-45.16264363,725889.92,4995224.02,443,64.16
-72.12888156,-45.16264363,725889.92,4995224.02,443,64.16
-72.41295095,-45.43212576,702601.98,4966039.91,444,64.17
-72.41295095,-45.43212576,702601.98,4966039.91,444,64.17
-72.85458664,-41.27807017,679918.21,5428426.55,445,355.01
-72.72289833,-41.21506794,691131.65,5435140.78,446,355.02
-72.53960115,-41.20443822,706532.84,5435902.18,447,355.03
-72.63912925,-41.08785378,698538.06,5449077.98,448,355.04
-73.60315381,-42.44237839,615117.71,5300426.87,449,65.01
-72.34162904,-40.64232371,725032.06,5497824.93,450,768.01
-73.03245802,-41.21179404,665186.74,5436137.94,451,768.02
-72.3981019,-41.1199643,718678.88,5444936.06,452,768.03
-72.86378811,-41.12310173,679570.23,5445651.48,453,769.01
-72.5260011,-37.57980417,718703.03,5838217.2,467,939.01
-72.5260011,-37.57980417,718703.03,5838217.2,467,939.01
-72.58795031,-37.55922977,713290.3,5840642.77,468,939.02
-72.58795031,-37.55922977,713290.3,5840642.77,468,939.02
-72.6067424,-37.51934249,711742.85,5845111.64,469,939.03
-72.6067424,-37.51934249,711742.85,5845111.64,469,939.03
-72.663912,-37.4886907,706774.08,5848640.18,470,939.04
-72.663912,-37.4886907,706774.08,5848640.18,470,939.04
-72.67788604,-37.36599485,705873.95,5862286.29,471,939.05
-72.67788604,-37.36599485,705873.95,5862286.29,471,939.05
-72.76007113,-37.2207019,698976.88,5878584.81,472,939.06
-72.76007113,-37.2207019,698976.88,5878584.81,472,939.06
-72.92805017,-37.17126576,684190.6,5884409.71,473,939.07
-72.92805017,-37.17126576,684190.6,5884409.71,473,939.07
-73.06677356,-36.8465099,672604.81,5920703.32,474,939.08
-73.06677356,-36.8465099,672604.81,5920703.32,474,939.08
-72.01428397,-38.22399144,761609.89,5765403.36,475,943.01
-72.01428397,-38.22399144,761609.89,5765403.36,475,943.01
-72.09471089,-38.22952885,754548.37,5765012.93,476,943.02
-72.09471089,-38.22952885,754548.37,5765012.93,476,943.02
-72.09399994,-38.23747597,754582.9,5764128.88,477,943.03
-72.09399994,-38.23747597,754582.9,5764128.88,477,943.03
-72.14961754,-38.2220595,749766.69,5765991.51,478,943.04
-72.14961754,-38.2220595,749766.69,5765991.51,478,943.04
-72.30549804,-38.24262852,736051.35,5764117.47,479,943.05
-72.30549804,-38.24262852,736051.35,5764117.47,479,943.05
-73.50935067,-39.99437247,627492.5,5572082.01,480,966.01
-73.62576314,-40.01942498,617510.9,5569460.89,481,966.02
-73.65286997,-40.06655839,615118.37,5564264.36,482,966.03
-72.95085039,-45.13767901,661357.33,4999965.61,483,971.01
-71.9679525,-46.24540642,733977.75,4874463.73,484,973.01
-72.51310675,-41.42700889,708045.95,5411126.05,485,985.01
-72.55480728,-41.42323878,704572.88,5411643.96,486,985.02
-73.14039713,-39.79701669,659448.73,5593397.13,487,990.01
-72.22479228,-39.71367444,738137.35,5600618.56,488,990.02
-72.33635794,-39.81719626,728230.12,5589416.64,489,990.03
-73.26289325,-39.7977868,648958.56,5593522.42,490,990.04
-77.49056095,-37.94527618,281380.08,5797619,491,1040.001
-70.33200969,-18.45347638,993569.48,7953626.09,492,1040.002
-73.77276816,-42.483188,601101.87,5296110.77,493,1040.005
-73.33825411,-37.4814552,647162.17,5850709.5,494,1040.007
-71.65234269,-33.2733497,812071.32,6313715.42,495,1040.009
-71.42231461,-32.62336086,835961.74,6385121.36,496,1040.01
-73.33266571,-40.58322492,641346.84,5506447.27,497,1040.011
-72.33243215,-35.273314,742879.13,6093683.29,498,1040.012
-72.62459493,-32.17997505,724198.8,6437453.83,499,1040.013
-72.90249559,-36.42328848,688280.23,5967351.62,500,1040.014
-72.85249186,-36.38329002,692862.59,5971690.78,501,1040.015
-72.62637878,-32.59970633,722997.13,6390911.86,502,1040.016
-71.52232615,-32.88335628,825623.43,6356588.24,503,1040.017
-71.48232344,-32.85335734,829479.27,6359792.31,504,1040.018
-71.45232148,-32.83335811,832363.47,6361917.12,505,1040.019
-71.43231535,-32.63336057,834985.46,6384043.51,506,1040.02
-71.50226082,-30.25338309,836835.93,6648276.29,507,1040.021
-71.5023218,-32.75335802,827973.85,6370949.15,508,1040.022
-72.03239705,-34.57332804,772483.3,6170571.32,509,1040.023
-71.32224271,-29.82339023,855705.98,6695426.55,510,1040.024
-81.6505173,-42.03080744,-50433.92,5325625.02,511,1040.026
-81.75670447,-41.6579931,-62504.4,5366358,512,1040.027
-77.19908754,-37.83442253,306705.88,5810565.89,513,1040.028
-72.25291862,-47.25315682,708096.73,4763284.18,514,1040.029
-72.25291862,-47.25315682,708096.73,4763284.18,515,1040.03
-72.67264892,-41.02323416,695913.81,5456328.32,516,1040.031
-72.60294354,-47.33314669,681339.19,4755268.54,517,1040.032
-71.68284669,-46.53318156,754614.18,4841608.31,518,1040.033
-72.39572733,-39.80974493,723171.78,5590393.53,519,1040.034
-70.42207589,-23.08345493,969456.47,7440224.59,520,1040.035
-71.68325907,-53.0830838,722370.56,4113552.56,521,1040.039
-73.77277125,-42.553187,600989.09,5288337.66,522,1040.042
-71.5522643,-30.30338175,831852.53,6642877.85,523,1040.043
-72.55184246,-37.6841296,716118.49,5826699.44,524,1040.049
-72.18249608,-37.53328994,749197.55,5842524.51,525,1040.05
-72.84680765,-32.98674182,701431.65,6348432.94,526,1040.051
-71.52232719,-32.92335586,825476.84,6352150.43,527,1040.052
-72.25255157,-39.03326964,738056.55,5676222.27,528,1040.053
-72.47256248,-39.02326495,719040.21,5677885.3,529,1040.054
-72.58251681,-37.5532812,713787.31,5841290.57,530,1040.055
-71.11308941,-38.71371726,838230.03,5708100.26,531,1040.056
-71.10247955,-38.67329889,839344.07,5712548.49,532,1040.057
-72.00249101,-37.65329227,764681.66,5828713.45,533,1040.058
-73.23263024,-39.80323775,651537.78,5592866.62,534,1040.059
-71.23228318,-31.73337338,857267.67,6483251.52,535,1040.06
-71.55229566,-31.62336874,827311.6,6496460.61,536,1040.061
-72.58402406,-31.44365662,729840.75,6519016.78,537,1040.062
-71.53229423,-31.6033693,829280.62,6498619.03,538,1040.063
-73.77268314,-40.45321652,604305.99,5521491.47,539,1040.064
-72.78247957,-36.1032949,699854.68,6002613.87,540,1040.065
-71.28224263,-29.90339016,859287.83,6686427.99,541,1040.066
-70.87226213,-31.57338137,892081.57,6499766.73,542,1040.067
-72.83249216,-36.42328994,694557.12,5967212.69,543,1040.068
-71.532315,-32.43336081,826320.71,6406543.05,544,1040.069
-72.53833458,-37.23571498,718610.89,5876430.22,545,1040.07
-71.96195132,-37.30964854,769490.71,5866738.42,546,1040.071
-71.50226938,-30.62337953,835564.39,6607236.16,547,1040.072
-71.72228225,-30.7333746,814103.53,6595672.85,548,1040.073
-71.81761344,-39.25676819,774842.23,5650182.69,549,1040.074
-69.53201533,-21.65347347,1066647.1,7595881.33,550,1040.075
-69.55201553,-21.60347345,1064765.91,7601507.09,551,1040.076
-70.07203613,-21.42346796,1011409,7623289.41,552,1040.077
-73.36835866,-28.89592941,659329.97,6802773.56,553,1040.078
-72.5824537,-35.58330528,719290.39,6059875.84,554,1040.079
-73.51836681,-32.40066229,639580.46,6414498.1,555,1040.08
-72.6825296,-37.78327617,704319.99,5815989.88,556,1040.081
-70.92231614,-33.60335991,878677.45,6274667.63,557,1040.082
-71.4223258,-33.05335636,834343.28,6337413.05,558,1040.083
-72.61082516,-32.91752744,723661.53,6355632.8,559,1040.084
-72.13241676,-35.08332022,761686.07,6114255.24,560,1040.085
-72.42243894,-35.35331125,734459.14,6085024.69,561,1040.086
-71.37230583,-32.37336436,841601.91,6412699.02,562,1040.087
-72.67326483,-30.8065355,722840.86,6589840.11,563,1040.088
-72.50255789,-38.85326647,716960.28,5696826.35,564,1040.089
-73.23261515,-39.40324309,652412.33,5637264.9,565,1040.09
-73.07474071,-31.91939928,682264.16,6467193.9,566,1040.091
-71.52230666,-32.12336419,828378.39,6440903.29,567,1040.092
-73.21521679,-31.49153453,669757.05,6514856.73,568,1040.093
-73.15563022,-40.58427895,656328.47,5506031.46,569,1040.094
-72.95265198,-40.73323163,673123.19,5489115.25,570,1040.095
-72.83248422,-36.17329301,695179.25,5994949.43,571,1040.096
-73.03259134,-39.03325245,670528.39,5677974.87,572,1040.097
-73.73268428,-40.53321634,607570.31,5512562.88,573,1040.098
-68.67302482,-52.67316959,927829.97,4145490.24,574,1040.099
-70.23205256,-22.08346278,992518.1,7550567.74,575,1040.101
-72.68092831,-33.91787422,714629.92,6244833.29,576,1040.102
-72.67064652,-34.03584936,715283.23,6231726.39,577,1040.103
-73.24634097,-39.82196406,650323.19,5590811.08,578,1040.104
-73.155158,-33.40900874,671788.57,6302155.01,579,1040.105
-72.57353905,-33.25683114,726278.82,6317922.28,580,1040.106
-72.16608275,-39.2602647,744755.28,5650794.59,581,1040.107
-71.65830666,-35.42601697,803647.25,6074878.7,582,1045.01
-72.34916582,-39.71046331,727484.54,5601297.88,583,1046.01
-67.7058619,-54.94430126,967068.95,3887224.5,584,1053.01
-67.71147265,-54.94864105,966660.1,3886780.43,585,1053.02
-67.46843401,-54.9398674,982288.25,3886101.25,586,1053.03
-67.46900399,-54.93905739,982261.57,3886195.07,587,1053.04
-68.051926,-55.18085783,942335.44,3863227.25,588,1053.05
-68.10905967,-55.17386745,938783.22,3864364.79,589,1053.06
-67.78387615,-54.92485954,962308.67,3889901.54,590,1053.07
-68.08534686,-54.90611204,943243.78,3893937.38,591,1053.08
-67.50248484,-54.93870792,980127,3886464.76,592,1053.09
-67.85158044,-54.91595793,958082.47,3891335.8,593,1053.1
-67.8527409,-54.92066783,957954.64,3890820.68,594,1053.11
-68.33883379,-55.01228387,925901.72,3883728.66,595,1053.12
-68.37854449,-54.98422326,923664.24,3887085.9,596,1053.13
-68.59136721,-54.94828823,910441.46,3892347.35,597,1053.14
-68.59640737,-54.94566814,910146.04,3892667.91,598,1053.15
-68.56875556,-54.94830882,911886.51,3892211.94,599,1053.16
-68.22110244,-54.97785745,933785.18,3886825.5,600,1053.17
-68.11216929,-54.91196126,941463.97,3893457.97,601,1053.18
-68.0016809,-54.90850416,948568.37,3893137.64,602,1053.19
-67.99198016,-54.90810442,949193.23,3893119.65,603,1053.2
-67.62655585,-54.94182332,972164.19,3886965.75,604,1053.21
-67.42337999,-54.93102867,985272.9,3886769.52,605,1053.22
148.7155071,-89.99698308,0,0,606,1053.23
-67.52652812,-54.93739595,978606.7,3886775.52,607,1053.24
-67.66070861,-54.9448824,969946.6,3886856.84,608,1053.25
-67.64697452,-54.9552104,970702.85,3885618.17,609,1053.26
-67.64983875,-54.9570725,970498.11,3885430.85,610,1053.27
-67.60429424,-54.94230389,973580.63,3886761.55,611,1053.28
-68.14999288,-55.04983823,937539.22,3878390.52,612,1053.29
-68.21962974,-54.97774003,933880.49,3886829.38,613,1053.3
