"order","family","genus","scientificName","canonicalName"
"Atheriniformes","Atherinidae",NA,"Atherinidae","Atherinidae"
"Atheriniformes","Atherinopsidae","Basilichthys","Basilichthys australis Eigenmann, 1928","Basilichthys australis"
"Atheriniformes","Atherinopsidae","Basilichthys","Basilichthys microlepidotus (Jenyns, 1841)","Basilichthys microlepidotus"
"Atheriniformes","Atherinopsidae","Menidia","Menidia Bonaparte, 1836","Menidia"
"Atheriniformes","Atherinopsidae","Odontesthes","Odontesthes Evermann & Kendall, 1906","Odontesthes"
"Atheriniformes","Atherinopsidae","Odontesthes","Odontesthes bonariensis (Valenciennes, 1835)","Odontesthes bonariensis"
"Atheriniformes","Atherinopsidae","Odontesthes","Odontesthes brevianalis (Günther, 1880)","Odontesthes brevianalis"
"Atheriniformes","Atherinopsidae","Odontesthes","Odontesthes hatcheri (Eigenmann, 1909)","Odontesthes hatcheri"
"Atheriniformes","Atherinopsidae","Odontesthes","Odontesthes humensis de Buen, 1953","Odontesthes humensis"
"Atheriniformes","Atherinopsidae","Odontesthes","Odontesthes mauleanum (Steindachner, 1896)","Odontesthes mauleanum"
"Atheriniformes",NA,NA,"Atheriniformes","Atheriniformes"
"Characiformes","Characidae","Cheirodon","Cheirodon Girard, 1855","Cheirodon"
"Characiformes","Characidae","Cheirodon","Cheirodon australe Eigenmann, 1928","Cheirodon australe"
"Characiformes","Characidae","Cheirodon","Cheirodon interruptus (Jenyns, 1842)","Cheirodon interruptus"
"Cypriniformes","Cyprinidae","Parachela","Parachela Steindachner, 1881","Parachela"
"Cyprinodontiformes","Poeciliidae","Gambusia","Gambusia affinis (Baird & Girard, 1853)","Gambusia affinis"
"Mugiliformes","Mugilidae","Mugil","Mugil cephalus Linnaeus, 1758","Mugil cephalus"
"Osmeriformes","Galaxiidae","Aplochiton","Aplochiton Jenyns, 1842","Aplochiton"
"Osmeriformes","Galaxiidae","Aplochiton","Aplochiton marinus Eigenmann, 1928","Aplochiton marinus"
"Osmeriformes","Galaxiidae","Aplochiton","Aplochiton taeniatus Jenyns, 1842","Aplochiton taeniatus"
"Osmeriformes","Galaxiidae","Aplochiton","Aplochiton zebra Jenyns, 1842","Aplochiton zebra"
"Osmeriformes","Galaxiidae","Brachygalaxias","Brachygalaxias bullocki (Regan, 1908)","Brachygalaxias bullocki"
"Osmeriformes","Galaxiidae","Galaxias","Galaxias Cuvier, 1816","Galaxias"
"Osmeriformes","Galaxiidae","Galaxias","Galaxias globiceps Eigenmann, 1928","Galaxias globiceps"
"Osmeriformes","Galaxiidae","Galaxias","Galaxias maculatus (Jenyns, 1842)","Galaxias maculatus"
"Osmeriformes","Galaxiidae","Galaxias","Galaxias platei Steindachner, 1898","Galaxias platei"
"Osmeriformes","Galaxiidae",NA,"Galaxiidae","Galaxiidae"
"Perciformes","Eleginopsidae","Eleginops","Eleginops Gill, 1862","Eleginops"
"Perciformes","Eleginopsidae","Eleginops","Eleginops maclovinus (Cuvier, 1830)","Eleginops maclovinus"
"Perciformes","Percichthyidae","Percichthys","Percichthys chilensis Girard, 1855","Percichthys chilensis"
"Perciformes","Percichthyidae","Percichthys","Percichthys laevis (Jenyns, 1840)","Percichthys laevis"
"Perciformes","Percichthyidae","Percichthys","Percichthys melanops Girard, 1855","Percichthys melanops"
"Perciformes","Percichthyidae","Percichthys","Percichthys trucha (Valenciennes, 1833)","Percichthys trucha"
"Petromyzontiformes","Geotriidae","Geotria","Geotria australis Gray, 1851","Geotria australis"
"Petromyzontiformes","Geotriidae","Geotria","Geotria macrostoma (Burmeister, 1868)","Geotria macrostoma"
"Petromyzontiformes","Mordaciidae","Mordacia","Mordacia Gray, 1851","Mordacia"
"Petromyzontiformes","Mordaciidae","Mordacia","Mordacia lapicida (Gray, 1851)","Mordacia lapicida"
"Petromyzontiformes",NA,NA,"Petromyzontiformes",NA
"Salmoniformes","Salmonidae","Oncorhynchus","Oncorhynchus gorbuscha (Walbaum, 1792)","Oncorhynchus gorbuscha"
"Salmoniformes","Salmonidae","Oncorhynchus","Oncorhynchus keta (Walbaum, 1792)","Oncorhynchus keta"
"Salmoniformes","Salmonidae","Oncorhynchus","Oncorhynchus kisutch (Walbaum, 1792)","Oncorhynchus kisutch"
"Salmoniformes","Salmonidae","Oncorhynchus","Oncorhynchus masou (Brevoort, 1856)","Oncorhynchus masou"
"Salmoniformes","Salmonidae","Oncorhynchus","Oncorhynchus mykiss (Walbaum, 1792)","Oncorhynchus mykiss"
"Salmoniformes","Salmonidae","Oncorhynchus","Oncorhynchus nerka (Walbaum, 1792)","Oncorhynchus nerka"
"Salmoniformes","Salmonidae","Oncorhynchus","Oncorhynchus tshawytscha (Walbaum, 1792)","Oncorhynchus tshawytscha"
"Salmoniformes","Salmonidae","Salmo","Salmo salar Linnaeus, 1758","Salmo salar"
"Salmoniformes","Salmonidae","Salmo","Salmo trutta Linnaeus, 1758","Salmo trutta"
"Salmoniformes","Salmonidae","Salvelinus","Salvelinus alpinus (Linnaeus, 1758)","Salvelinus alpinus"
"Salmoniformes","Salmonidae","Salvelinus","Salvelinus fontinalis (Mitchill, 1814)","Salvelinus fontinalis"
"Salmoniformes","Salmonidae","Salvelinus","Salvelinus namaycush (Walbaum, 1792)","Salvelinus namaycush"
"Salmoniformes","Salmonidae",NA,"Oncorhynchus","Oncorhynchus"
"Salmoniformes","Salmonidae",NA,"Salmonidae","Salmonidae"
"Siluriformes","Diplomystidae","Diplomystes","Diplomystes Bleeker, 1858","Diplomystes"
"Siluriformes","Diplomystidae","Diplomystes","Diplomystes camposensis Arratia, 1987","Diplomystes camposensis"
"Siluriformes","Diplomystidae","Diplomystes","Diplomystes chilensis (Molina, 1782)","Diplomystes chilensis"
"Siluriformes","Diplomystidae","Olivaichthys","Olivaichthys viedmensis (MacDonagh, 1931)","Olivaichthys viedmensis"
"Siluriformes","Trichomycteridae","Hatcheria","Hatcheria macraei (Girard, 1855)","Hatcheria macraei"
"Siluriformes","Trichomycteridae","Trichomycterus","Trichomycterus Valenciennes, 1832","Trichomycterus"
"Siluriformes","Trichomycteridae","Trichomycterus","Trichomycterus areolatus Valenciennes, 1846","Trichomycterus areolatus"
"Siluriformes",NA,NA,"Siluriformes","Siluriformes"
NA,NA,NA,"Galaxias","Animalia"
