"occurrenceID","scientificName","locality","decimalLatitude","decimalLongitude","year","eventDate","bibliographicCitation","institutionCode","collectionCode","catalogNumber"
"FO:Peces:260","Galaxias platei","Lago Los Moscos",-41.35,-71.6166666666667,"1997","1997","Milano, D y PH Vigliano. 1997. Nuevos registros de Galaxias platei Steindachner, 1898 en lagos andino-patagónicos (Teleostei, Osmeriformes, Galaxiidae). Neotrópica 43 (109-110): 109-111","FO","Peces","260"
"FO:Peces:261","Galaxias platei","Lago Fonck",-41.3166666666667,-71.7833333333333,"1997","1997","Milano, D y PH Vigliano. 1997. Nuevos registros de Galaxias platei Steindachner, 1898 en lagos andino-patagónicos (Teleostei, Osmeriformes, Galaxiidae). Neotrópica 43 (109-110): 109-111","FO","Peces","261"
"FO:Peces:262","Galaxias platei","Lago Mascardi",-41.2666666666667,-71.6333333333333,"1997","1997","Milano, D y PH Vigliano. 1997. Nuevos registros de Galaxias platei Steindachner, 1898 en lagos andino-patagónicos (Teleostei, Osmeriformes, Galaxiidae). Neotrópica 43 (109-110): 109-111","FO","Peces","262"
"FO:Peces:1045","Aplochiton taeniatus","Lago Puelo",-42.1166666666667,-71.6333333333333,"1967","1967","Ringuelet, RA, R Arámburu y AA de Arámburu. 1967. Los peces argentinos de agua dulce. Com. Invest. Cient. Prov. Buenos Aires (CIC) La Plata, 602 pp","FO","Peces","1045"
"FO:Peces:2328","Odontesthes hatcheri","Lago Pueyrredón",-47.35,-71.95,"1967","1967","Ringuelet, RA, R Arámburu y AA de Arámburu. 1967. Los peces argentinos de agua dulce. Com. Invest. Cient. Prov. Buenos Aires (CIC) La Plata, 602 pp","FO","Peces","2328"
"FO:Peces:2486","Hatcheria macraei","Lago Buenos Aires",-46.5333333333333,-71.6166666666667,"1990","1990","Gómez, SE. 1990. Some thermal ecophysiological observations on the catfish Hatcheria macraei (Girard, 1858) (Pisces, Trichomycteridae). Biota, Chile 6: 89-95","FO","Peces","2486"
"FO:Peces:7235","Oncorhynchus tshawytscha","Ríos Corcovado y Grande",-43.5333333333333,-71.4833333333333,"1991","1991","Grosman, F. 1991. Presencia de salmón rey, Onkorhynchus tschawytscha Walbaum en las cuencas de los ríos Grande y Corcovado, pcia de Chubut. Propuestas de pautas de manejo del recurso. Biol. Acuát. 15 (2): 200-201","FO","Peces","7235"
"FO:Peces:4509","Galaxias maculatus","Lago Mascardi",-41.35,-71.55,"2002","2002","Bello, MT. 2002. Los peces autóctonos de la Patagonia argentina. Distribución natural. Cuadernos Universitarios. Universidad Nacional del Comahue. Centro Regional Bariloche. Nº 23: 54 pp.","FO","Peces","4509"
"FO:Peces:4510","Galaxias maculatus","Lago Guillelmo",-41.35,-71.55,"2002","2002","Bello, MT. 2002. Los peces autóctonos de la Patagonia argentina. Distribución natural. Cuadernos Universitarios. Universidad Nacional del Comahue. Centro Regional Bariloche. Nº 23: 54 pp.","FO","Peces","4510"
"FO:Peces:4511","Galaxias maculatus","Lago Fonck",-41.3166666666667,-71.7833333333333,"2002","2002","Bello, MT. 2002. Los peces autóctonos de la Patagonia argentina. Distribución natural. Cuadernos Universitarios. Universidad Nacional del Comahue. Centro Regional Bariloche. Nº 23: 54 pp.","FO","Peces","4511"
"FO:Peces:4512","Galaxias maculatus","Lago Los Moscos",-41.3333333333333,-71.6,"2002","2002","Bello, MT. 2002. Los peces autóctonos de la Patagonia argentina. Distribución natural. Cuadernos Universitarios. Universidad Nacional del Comahue. Centro Regional Bariloche. Nº 23: 54 pp.","FO","Peces","4512"
"FO:Peces:4513","Galaxias maculatus","Lago Roca",-41.3833333333333,-71.7833333333333,"2002","2002","Bello, MT. 2002. Los peces autóctonos de la Patagonia argentina. Distribución natural. Cuadernos Universitarios. Universidad Nacional del Comahue. Centro Regional Bariloche. Nº 23: 54 pp.","FO","Peces","4513"
"FO:Peces:4514","Galaxias maculatus","Lago Steffen",-41.5166666666667,-71.5833333333333,"2002","2002","Bello, MT. 2002. Los peces autóctonos de la Patagonia argentina. Distribución natural. Cuadernos Universitarios. Universidad Nacional del Comahue. Centro Regional Bariloche. Nº 23: 54 pp.","FO","Peces","4514"
"FO:Peces:4515","Galaxias maculatus","Lago Escondido",-41.7,-71.6833333333333,"2002","2002","Bello, MT. 2002. Los peces autóctonos de la Patagonia argentina. Distribución natural. Cuadernos Universitarios. Universidad Nacional del Comahue. Centro Regional Bariloche. Nº 23: 54 pp.","FO","Peces","4515"
"FO:Peces:4537","Galaxias platei","Lago Lezama",-42.45,-71.4833333333333,"2002","2002","Bello, MT. 2002. Los peces autóctonos de la Patagonia argentina. Distribución natural. Cuadernos Universitarios. Universidad Nacional del Comahue. Centro Regional Bariloche. Nº 23: 54 pp.","FO","Peces","4537"
"FO:Peces:4538","Galaxias platei","Lago Puelo",-42.1166666666667,-71.6333333333333,"2002","2002","Bello, MT. 2002. Los peces autóctonos de la Patagonia argentina. Distribución natural. Cuadernos Universitarios. Universidad Nacional del Comahue. Centro Regional Bariloche. Nº 23: 54 pp.","FO","Peces","4538"
"FO:Peces:4539","Galaxias platei","Lago Cholila",-42.45,-71.6666666666667,"2002","2002","Bello, MT. 2002. Los peces autóctonos de la Patagonia argentina. Distribución natural. Cuadernos Universitarios. Universidad Nacional del Comahue. Centro Regional Bariloche. Nº 23: 54 pp.","FO","Peces","4539"
"FO:Peces:4540","Galaxias platei","Lago Rivadavia",-42.6333333333333,-71.6833333333333,"2002","2002","Bello, MT. 2002. Los peces autóctonos de la Patagonia argentina. Distribución natural. Cuadernos Universitarios. Universidad Nacional del Comahue. Centro Regional Bariloche. Nº 23: 54 pp.","FO","Peces","4540"
"FO:Peces:4541","Galaxias platei","Lago Futalaufquen",-42.8333333333333,-71.6333333333333,"2002","2002","Bello, MT. 2002. Los peces autóctonos de la Patagonia argentina. Distribución natural. Cuadernos Universitarios. Universidad Nacional del Comahue. Centro Regional Bariloche. Nº 23: 54 pp.","FO","Peces","4541"
"FO:Peces:4542","Galaxias platei","Lago Verde",-42.7166666666667,-71.7333333333333,"2002","2002","Bello, MT. 2002. Los peces autóctonos de la Patagonia argentina. Distribución natural. Cuadernos Universitarios. Universidad Nacional del Comahue. Centro Regional Bariloche. Nº 23: 54 pp.","FO","Peces","4542"
"FO:Peces:4543","Galaxias platei","Lago Menéndez",-42.7,-71.8166666666667,"2002","2002","Bello, MT. 2002. Los peces autóctonos de la Patagonia argentina. Distribución natural. Cuadernos Universitarios. Universidad Nacional del Comahue. Centro Regional Bariloche. Nº 23: 54 pp.","FO","Peces","4543"
"FO:Peces:4544","Galaxias platei","Lago Krüger",-42.8833333333333,-71.75,"2002","2002","Bello, MT. 2002. Los peces autóctonos de la Patagonia argentina. Distribución natural. Cuadernos Universitarios. Universidad Nacional del Comahue. Centro Regional Bariloche. Nº 23: 54 pp.","FO","Peces","4544"
"FO:Peces:4545","Galaxias platei","Lago Amutui Quimey",-43.0833333333333,-71.6833333333333,"2002","2002","Bello, MT. 2002. Los peces autóctonos de la Patagonia argentina. Distribución natural. Cuadernos Universitarios. Universidad Nacional del Comahue. Centro Regional Bariloche. Nº 23: 54 pp.","FO","Peces","4545"
"FO:Peces:4546","Galaxias platei","Lago Tres ",-44.1166666666667,-71.3666666666667,"2002","2002","Bello, MT. 2002. Los peces autóctonos de la Patagonia argentina. Distribución natural. Cuadernos Universitarios. Universidad Nacional del Comahue. Centro Regional Bariloche. Nº 23: 54 pp.","FO","Peces","4546"
"FO:Peces:4547","Galaxias platei","Lago Cuatro",-44.2,-71.6,"2002","2002","Bello, MT. 2002. Los peces autóctonos de la Patagonia argentina. Distribución natural. Cuadernos Universitarios. Universidad Nacional del Comahue. Centro Regional Bariloche. Nº 23: 54 pp.","FO","Peces","4547"
"FO:Peces:4548","Galaxias platei","Lago Vintter",-43.9333333333333,-71.5333333333333,"2002","2002","Bello, MT. 2002. Los peces autóctonos de la Patagonia argentina. Distribución natural. Cuadernos Universitarios. Universidad Nacional del Comahue. Centro Regional Bariloche. Nº 23: 54 pp.","FO","Peces","4548"
"FO:Peces:4549","Galaxias platei","Lago Constancio",-44.2,-71.3666666666667,"2002","2002","Bello, MT. 2002. Los peces autóctonos de la Patagonia argentina. Distribución natural. Cuadernos Universitarios. Universidad Nacional del Comahue. Centro Regional Bariloche. Nº 23: 54 pp.","FO","Peces","4549"
"FO:Peces:4552","Galaxias platei","Laguna Terraplén ",-42.9833333333333,-71.5166666666667,"2002","2002","Bello, MT. 2002. Los peces autóctonos de la Patagonia argentina. Distribución natural. Cuadernos Universitarios. Universidad Nacional del Comahue. Centro Regional Bariloche. Nº 23: 54 pp.","FO","Peces","4552"
"FO:Peces:4554","Galaxias platei","Laguna Escondida",-42.7666666666667,-71.7333333333333,"2002","2002","Bello, MT. 2002. Los peces autóctonos de la Patagonia argentina. Distribución natural. Cuadernos Universitarios. Universidad Nacional del Comahue. Centro Regional Bariloche. Nº 23: 54 pp.","FO","Peces","4554"
"FO:Peces:4555","Galaxias platei","Laguna de los Cisnes",-42.4333333333333,-71.4,"2004","2004","Cussac, V, S Ortubay, G Iglesias, D Milano, ME Lattuca, JP Barriga, M Battini y M Gross. 2004. The distribution of South American galaxiid fishes: the role of biological traits and post-glacial history. J. Biogeog. 31: 103-121","FO","Peces","4555"
"FO:Peces:4561","Galaxias platei","Laguna La Pava",-44.1666666666667,-71.35,"2002","2002","Bello, MT. 2002. Los peces autóctonos de la Patagonia argentina. Distribución natural. Cuadernos Universitarios. Universidad Nacional del Comahue. Centro Regional Bariloche. Nº 23: 54 pp.","FO","Peces","4561"
"FO:Peces:4562","Galaxias platei","Laguna Del Engaño ",-44.2166666666667,-71.4,"2002","2002","Bello, MT. 2002. Los peces autóctonos de la Patagonia argentina. Distribución natural. Cuadernos Universitarios. Universidad Nacional del Comahue. Centro Regional Bariloche. Nº 23: 54 pp.","FO","Peces","4562"
"FO:Peces:4563","Galaxias platei","Laguna Del Sapo",-43.2333333333333,-71.1,"2002","2002","Bello, MT. 2002. Los peces autóctonos de la Patagonia argentina. Distribución natural. Cuadernos Universitarios. Universidad Nacional del Comahue. Centro Regional Bariloche. Nº 23: 54 pp.","FO","Peces","4563"
"FO:Peces:4565","Galaxias platei","Laguna Williams",-43.3333333333333,-71.2166666666667,"2002","2002","Bello, MT. 2002. Los peces autóctonos de la Patagonia argentina. Distribución natural. Cuadernos Universitarios. Universidad Nacional del Comahue. Centro Regional Bariloche. Nº 23: 54 pp.","FO","Peces","4565"
"FO:Peces:4566","Galaxias platei","Río Carrenleufú",-42.45,-71.6,"2002","2002","Bello, MT. 2002. Los peces autóctonos de la Patagonia argentina. Distribución natural. Cuadernos Universitarios. Universidad Nacional del Comahue. Centro Regional Bariloche. Nº 23: 54 pp.","FO","Peces","4566"
"FO:Peces:4567","Galaxias platei","Río Arrayanes",-42.7333333333333,-71.75,"2002","2002","Bello, MT. 2002. Los peces autóctonos de la Patagonia argentina. Distribución natural. Cuadernos Universitarios. Universidad Nacional del Comahue. Centro Regional Bariloche. Nº 23: 54 pp.","FO","Peces","4567"
"FO:Peces:4568","Galaxias platei","Río Grande",-43.1833333333333,-71.65,"2002","2002","Bello, MT. 2002. Los peces autóctonos de la Patagonia argentina. Distribución natural. Cuadernos Universitarios. Universidad Nacional del Comahue. Centro Regional Bariloche. Nº 23: 54 pp.","FO","Peces","4568"
"FO:Peces:4569","Galaxias platei","Río Percey",-43,-71.4666666666667,"2002","2002","Bello, MT. 2002. Los peces autóctonos de la Patagonia argentina. Distribución natural. Cuadernos Universitarios. Universidad Nacional del Comahue. Centro Regional Bariloche. Nº 23: 54 pp.","FO","Peces","4569"
"FO:Peces:4571","Galaxias platei","Río Pico",-44.2333333333333,-71.1333333333333,"2002","2002","Bello, MT. 2002. Los peces autóctonos de la Patagonia argentina. Distribución natural. Cuadernos Universitarios. Universidad Nacional del Comahue. Centro Regional Bariloche. Nº 23: 54 pp.","FO","Peces","4571"
"FO:Peces:4572","Galaxias platei","Arroyo Nant y Fall",-43.2,-71.5666666666667,"2002","2002","Bello, MT. 2002. Los peces autóctonos de la Patagonia argentina. Distribución natural. Cuadernos Universitarios. Universidad Nacional del Comahue. Centro Regional Bariloche. Nº 23: 54 pp.","FO","Peces","4572"
"FO:Peces:4573","Galaxias platei","Arroyo Blanco",-42.45,-71.4333333333333,"2002","2002","Bello, MT. 2002. Los peces autóctonos de la Patagonia argentina. Distribución natural. Cuadernos Universitarios. Universidad Nacional del Comahue. Centro Regional Bariloche. Nº 23: 54 pp.","FO","Peces","4573"
"FO:Peces:4574","Galaxias platei","Arroyo Esquel ",-42.9833333333333,-71.2,"2002","2002","Bello, MT. 2002. Los peces autóctonos de la Patagonia argentina. Distribución natural. Cuadernos Universitarios. Universidad Nacional del Comahue. Centro Regional Bariloche. Nº 23: 54 pp.","FO","Peces","4574"
"FO:Peces:4576","Galaxias platei","Lago Buenos Aires",-46.5333333333333,-71.6166666666667,"2002","2002","Bello, MT. 2002. Los peces autóctonos de la Patagonia argentina. Distribución natural. Cuadernos Universitarios. Universidad Nacional del Comahue. Centro Regional Bariloche. Nº 23: 54 pp.","FO","Peces","4576"
"FO:Peces:4577","Galaxias platei","Lago Pueyrredón",-47.35,-71.95,"2002","2002","Bello, MT. 2002. Los peces autóctonos de la Patagonia argentina. Distribución natural. Cuadernos Universitarios. Universidad Nacional del Comahue. Centro Regional Bariloche. Nº 23: 54 pp.","FO","Peces","4577"
"FO:Peces:4583","Galaxias platei","Lago Yehuín",-54.4166666666667,-67.75,"2002","2002","Bello, MT. 2002. Los peces autóctonos de la Patagonia argentina. Distribución natural. Cuadernos Universitarios. Universidad Nacional del Comahue. Centro Regional Bariloche. Nº 23: 54 pp.","FO","Peces","4583"
"FO:Peces:4586","Aplochiton taeniatus","Lago Epuyén",-42.2,-71.5,"2002","2002","Bello, MT. 2002. Los peces autóctonos de la Patagonia argentina. Distribución natural. Cuadernos Universitarios. Universidad Nacional del Comahue. Centro Regional Bariloche. Nº 23: 54 pp.","FO","Peces","4586"
"FO:Peces:4587","Aplochiton taeniatus","Lago Cholila",-42.45,-71.6666666666667,"2002","2002","Bello, MT. 2002. Los peces autóctonos de la Patagonia argentina. Distribución natural. Cuadernos Universitarios. Universidad Nacional del Comahue. Centro Regional Bariloche. Nº 23: 54 pp.","FO","Peces","4587"
"FO:Peces:4593","Aplochiton zebra","Lago Epuyén",-42.2,-71.5,"2002","2002","Bello, MT. 2002. Los peces autóctonos de la Patagonia argentina. Distribución natural. Cuadernos Universitarios. Universidad Nacional del Comahue. Centro Regional Bariloche. Nº 23: 54 pp.","FO","Peces","4593"
"FO:Peces:4594","Aplochiton zebra","Lago Futalaufquen",-42.8333333333333,-71.6333333333333,"2002","2002","Bello, MT. 2002. Los peces autóctonos de la Patagonia argentina. Distribución natural. Cuadernos Universitarios. Universidad Nacional del Comahue. Centro Regional Bariloche. Nº 23: 54 pp.","FO","Peces","4594"
"FO:Peces:4595","Aplochiton zebra","Lago Fagnano",-54.55,-67.8833333333333,"2002","2002","Bello, MT. 2002. Los peces autóctonos de la Patagonia argentina. Distribución natural. Cuadernos Universitarios. Universidad Nacional del Comahue. Centro Regional Bariloche. Nº 23: 54 pp.","FO","Peces","4595"
"FO:Peces:4616","Hatcheria macraei","Río Manso",-41.5,-71.6666666666667,"2002","2002","Bello, MT. 2002. Los peces autóctonos de la Patagonia argentina. Distribución natural. Cuadernos Universitarios. Universidad Nacional del Comahue. Centro Regional Bariloche. Nº 23: 54 pp.","FO","Peces","4616"
"FO:Peces:4812","Hatcheria macraei","Río Epuyén",-42.2166666666667,-71.3833333333333,"2002","2002","Bello, MT. 2002. Los peces autóctonos de la Patagonia argentina. Distribución natural. Cuadernos Universitarios. Universidad Nacional del Comahue. Centro Regional Bariloche. Nº 23: 54 pp.","FO","Peces","4812"
"FO:Peces:4813","Hatcheria macraei","Lago Rosario",-43.2666666666667,-71.3333333333333,"2002","2002","Bello, MT. 2002. Los peces autóctonos de la Patagonia argentina. Distribución natural. Cuadernos Universitarios. Universidad Nacional del Comahue. Centro Regional Bariloche. Nº 23: 54 pp.","FO","Peces","4813"
"FO:Peces:4859","Odontesthes hatcheri","Lago Epuyén",-42.2,-71.5,"2002","2002","Bello, MT. 2002. Los peces autóctonos de la Patagonia argentina. Distribución natural. Cuadernos Universitarios. Universidad Nacional del Comahue. Centro Regional Bariloche. Nº 23: 54 pp.","FO","Peces","4859"
"FO:Peces:4860","Odontesthes hatcheri","Lago Lezama",-42.45,-71.4833333333333,"2002","2002","Bello, MT. 2002. Los peces autóctonos de la Patagonia argentina. Distribución natural. Cuadernos Universitarios. Universidad Nacional del Comahue. Centro Regional Bariloche. Nº 23: 54 pp.","FO","Peces","4860"
"FO:Peces:4861","Odontesthes hatcheri","Lago Terraplén",-42.8333333333333,-71.2666666666667,"2002","2002","Bello, MT. 2002. Los peces autóctonos de la Patagonia argentina. Distribución natural. Cuadernos Universitarios. Universidad Nacional del Comahue. Centro Regional Bariloche. Nº 23: 54 pp.","FO","Peces","4861"
"FO:Peces:4862","Odontesthes hatcheri","Lago Rosario",-43.2666666666667,-71.3333333333333,"2002","2002","Bello, MT. 2002. Los peces autóctonos de la Patagonia argentina. Distribución natural. Cuadernos Universitarios. Universidad Nacional del Comahue. Centro Regional Bariloche. Nº 23: 54 pp.","FO","Peces","4862"
"FO:Peces:4866","Odontesthes hatcheri","Lago Puelo",-42.1166666666667,-71.6333333333333,"2002","2002","Bello, MT. 2002. Los peces autóctonos de la Patagonia argentina. Distribución natural. Cuadernos Universitarios. Universidad Nacional del Comahue. Centro Regional Bariloche. Nº 23: 54 pp.","FO","Peces","4866"
"FO:Peces:4867","Odontesthes hatcheri","Lago Futalaufquen",-42.8333333333333,-71.6333333333333,"2002","2002","Bello, MT. 2002. Los peces autóctonos de la Patagonia argentina. Distribución natural. Cuadernos Universitarios. Universidad Nacional del Comahue. Centro Regional Bariloche. Nº 23: 54 pp.","FO","Peces","4867"
"FO:Peces:4872","Odontesthes hatcheri","Laguna de los Cisnes",-42.4333333333333,-71.4,"2002","2002","Bello, MT. 2002. Los peces autóctonos de la Patagonia argentina. Distribución natural. Cuadernos Universitarios. Universidad Nacional del Comahue. Centro Regional Bariloche. Nº 23: 54 pp.","FO","Peces","4872"
"FO:Peces:4873","Odontesthes hatcheri","Lago Buenos Aires",-46.5333333333333,-71.6166666666667,"2002","2002","Bello, MT. 2002. Los peces autóctonos de la Patagonia argentina. Distribución natural. Cuadernos Universitarios. Universidad Nacional del Comahue. Centro Regional Bariloche. Nº 23: 54 pp.","FO","Peces","4873"
"FO:Peces:4874","Odontesthes hatcheri","Lago Posadas",-47.5166666666667,-71.8,"2002","2002","Bello, MT. 2002. Los peces autóctonos de la Patagonia argentina. Distribución natural. Cuadernos Universitarios. Universidad Nacional del Comahue. Centro Regional Bariloche. Nº 23: 54 pp.","FO","Peces","4874"
"FO:Peces:4891","Aplochiton taeniatus","Lago Fagnano",-54.55,-68.3333333333333,"1983","1983","Arratia, G, MB Peñafort y S Menu-Marque. 1983. Peces de la región sureste de los Andes y sus probables relaciones biogeográficas actuales. Deserta, 7: 48-107","FO","Peces","4891"
"FO:Peces:4892","Aplochiton zebra","Lago Fagnano",-54.55,-68.3333333333333,"1983","1983","Arratia, G, MB Peñafort y S Menu-Marque. 1983. Peces de la región sureste de los Andes y sus probables relaciones biogeográficas actuales. Deserta, 7: 48-107","FO","Peces","4892"
"FO:Peces:4894","Odontesthes hatcheri","Lago Lezama",-42.4333333333333,-71.5,"1983","1983","Arratia, G, MB Peñafort y S Menu-Marque. 1983. Peces de la región sureste de los Andes y sus probables relaciones biogeográficas actuales. Deserta, 7: 48-107","FO","Peces","4894"
"FO:Peces:4966","Salvelinus fontinalis","Lago Vintter",-43.9333333333333,-71.5333333333333,"1989","1989","Ubeda, C, L Semenas y S Ortubay. 1989. Nuevas citas para Camallanus tridentatus. Physis, B, 47 (112): 10","FO","Peces","4966"
"FO:Peces:4968","Percichthys trucha","Lago Lezama",-42.45,-71.4833333333333,"1989","1989","Ubeda, C, L Semenas y S Ortubay. 1989. Nuevas citas para Camallanus tridentatus. Physis, B, 47 (112): 10","FO","Peces","4968"
"FO:Peces:4969","Oncorhynchus mykiss","Lago Lezama",-42.45,-71.4833333333333,"1989","1989","Ubeda, C, L Semenas y S Ortubay. 1989. Nuevas citas para Camallanus tridentatus. Physis, B, 47 (112): 10","FO","Peces","4969"
"FO:Peces:5243","Percichthys trucha","Laguna Terraplén ",-42.9833333333333,-71.5166666666667,"1990","1990","Grosman, F y G Rudzik. 1990. Análisis de la dieta del pejerrey patagónico Patagonina hatcheri Eigenmann 1909, Atherinidae, en la laguna Terraplén, Chubut, Argentina. Biota, Chile 6: 71-88","FO","Peces","5243"
"FO:Peces:5244","Oncorhynchus mykiss","Laguna Terraplén ",-42.9833333333333,-71.5166666666667,"1990","1990","Grosman, F y G Rudzik. 1990. Análisis de la dieta del pejerrey patagónico Patagonina hatcheri Eigenmann 1909, Atherinidae, en la laguna Terraplén, Chubut, Argentina. Biota, Chile 6: 71-88","FO","Peces","5244"
"FO:Peces:5245","Salvelinus fontinalis","Laguna Terraplén ",-42.9833333333333,-71.5166666666667,"1990","1990","Grosman, F y G Rudzik. 1990. Análisis de la dieta del pejerrey patagónico Patagonina hatcheri Eigenmann 1909, Atherinidae, en la laguna Terraplén, Chubut, Argentina. Biota, Chile 6: 71-88","FO","Peces","5245"
"FO:Peces:5246","Odontesthes hatcheri","Laguna Terraplén ",-42.9833333333333,-71.5166666666667,"1990","1990","Grosman, F y G Rudzik. 1990. Análisis de la dieta del pejerrey patagónico Patagonina hatcheri Eigenmann 1909, Atherinidae, en la laguna Terraplén, Chubut, Argentina. Biota, Chile 6: 71-88","FO","Peces","5246"
"FO:Peces:5863","Aplochiton zebra","Lago Puelo",-42.1,-71.6166666666667,"2004","2004","Cussac, V, S Ortubay, G Iglesias, D Milano, ME Lattuca, JP Barriga, M Battini y M Gross. 2004. The distribution of South American galaxiid fishes: the role of biological traits and post-glacial history. J. Biogeog. 31: 103-121","FO","Peces","5863"
"FO:Peces:5864","Aplochiton zebra","Lago Cholila",-42.45,-71.6666666666667,"2004","2004","Cussac, V, S Ortubay, G Iglesias, D Milano, ME Lattuca, JP Barriga, M Battini y M Gross. 2004. The distribution of South American galaxiid fishes: the role of biological traits and post-glacial history. J. Biogeog. 31: 103-121","FO","Peces","5864"
"FO:Peces:5865","Aplochiton zebra","Lago Rivadavia",-42.55,-71.6333333333333,"2004","2004","Cussac, V, S Ortubay, G Iglesias, D Milano, ME Lattuca, JP Barriga, M Battini y M Gross. 2004. The distribution of South American galaxiid fishes: the role of biological traits and post-glacial history. J. Biogeog. 31: 103-121","FO","Peces","5865"
"FO:Peces:5877","Galaxias maculatus","Lago Mascardi",-41.2666666666667,-71.6333333333333,"2004","2004","Cussac, V, S Ortubay, G Iglesias, D Milano, ME Lattuca, JP Barriga, M Battini y M Gross. 2004. The distribution of South American galaxiid fishes: the role of biological traits and post-glacial history. J. Biogeog. 31: 103-121","FO","Peces","5877"
"FO:Peces:5879","Galaxias maculatus","Lago Hess",-41.35,-71.7333333333333,"2004","2004","Cussac, V, S Ortubay, G Iglesias, D Milano, ME Lattuca, JP Barriga, M Battini y M Gross. 2004. The distribution of South American galaxiid fishes: the role of biological traits and post-glacial history. J. Biogeog. 31: 103-121","FO","Peces","5879"
"FO:Peces:5880","Galaxias maculatus","Lago Buenos Aires",-46.5,-71.35,"2004","2004","Cussac, V, S Ortubay, G Iglesias, D Milano, ME Lattuca, JP Barriga, M Battini y M Gross. 2004. The distribution of South American galaxiid fishes: the role of biological traits and post-glacial history. J. Biogeog. 31: 103-121","FO","Peces","5880"
"FO:Peces:5887","Galaxias platei","Laguna Martin",-41.5166666666667,-71.6166666666667,"2004","2004","Cussac, V, S Ortubay, G Iglesias, D Milano, ME Lattuca, JP Barriga, M Battini y M Gross. 2004. The distribution of South American galaxiid fishes: the role of biological traits and post-glacial history. J. Biogeog. 31: 103-121","FO","Peces","5887"
"FO:Peces:5888","Galaxias platei","Lago Steffen",-41.5666666666667,-71.4833333333333,"2004","2004","Cussac, V, S Ortubay, G Iglesias, D Milano, ME Lattuca, JP Barriga, M Battini y M Gross. 2004. The distribution of South American galaxiid fishes: the role of biological traits and post-glacial history. J. Biogeog. 31: 103-121","FO","Peces","5888"
"FO:Peces:5889","Galaxias platei","Arroyo del Turco",-42.3333333333333,-71.6666666666667,"2004","2004","Cussac, V, S Ortubay, G Iglesias, D Milano, ME Lattuca, JP Barriga, M Battini y M Gross. 2004. The distribution of South American galaxiid fishes: the role of biological traits and post-glacial history. J. Biogeog. 31: 103-121","FO","Peces","5889"
"FO:Peces:5890","Galaxias platei","Arroyo Tigre",-42.4166666666667,-71.7666666666667,"2004","2004","Cussac, V, S Ortubay, G Iglesias, D Milano, ME Lattuca, JP Barriga, M Battini y M Gross. 2004. The distribution of South American galaxiid fishes: the role of biological traits and post-glacial history. J. Biogeog. 31: 103-121","FO","Peces","5890"
"FO:Peces:5891","Galaxias platei","Laguna Cisne",-42.6,-71.9166666666667,"2004","2004","Cussac, V, S Ortubay, G Iglesias, D Milano, ME Lattuca, JP Barriga, M Battini y M Gross. 2004. The distribution of South American galaxiid fishes: the role of biological traits and post-glacial history. J. Biogeog. 31: 103-121","FO","Peces","5891"
"FO:Peces:5892","Galaxias platei","Laguna Larga",-42.6833333333333,-71.45,"2004","2004","Cussac, V, S Ortubay, G Iglesias, D Milano, ME Lattuca, JP Barriga, M Battini y M Gross. 2004. The distribution of South American galaxiid fishes: the role of biological traits and post-glacial history. J. Biogeog. 31: 103-121","FO","Peces","5892"
"FO:Peces:5898","Galaxias platei","Lago Baguillt",-43.4166666666667,-71.65,"2004","2004","Cussac, V, S Ortubay, G Iglesias, D Milano, ME Lattuca, JP Barriga, M Battini y M Gross. 2004. The distribution of South American galaxiid fishes: the role of biological traits and post-glacial history. J. Biogeog. 31: 103-121","FO","Peces","5898"
"FO:Peces:5901","Galaxias platei","Lago Guacho",-43.7833333333333,-71.35,"2004","2004","Cussac, V, S Ortubay, G Iglesias, D Milano, ME Lattuca, JP Barriga, M Battini y M Gross. 2004. The distribution of South American galaxiid fishes: the role of biological traits and post-glacial history. J. Biogeog. 31: 103-121","FO","Peces","5901"
"FO:Peces:5903","Galaxias platei","Lago Falso Engaño",-43.8166666666667,-71.5,"2004","2004","Cussac, V, S Ortubay, G Iglesias, D Milano, ME Lattuca, JP Barriga, M Battini y M Gross. 2004. The distribution of South American galaxiid fishes: the role of biological traits and post-glacial history. J. Biogeog. 31: 103-121","FO","Peces","5903"
"FO:Peces:5904","Galaxias platei","Lago El León",-44.1333333333333,-71.4333333333333,"2004","2004","Cussac, V, S Ortubay, G Iglesias, D Milano, ME Lattuca, JP Barriga, M Battini y M Gross. 2004. The distribution of South American galaxiid fishes: the role of biological traits and post-glacial history. J. Biogeog. 31: 103-121","FO","Peces","5904"
"FO:Peces:5905","Galaxias platei","Lago Cinco",-44.1333333333333,-71.6333333333333,"2004","2004","Cussac, V, S Ortubay, G Iglesias, D Milano, ME Lattuca, JP Barriga, M Battini y M Gross. 2004. The distribution of South American galaxiid fishes: the role of biological traits and post-glacial history. J. Biogeog. 31: 103-121","FO","Peces","5905"
"FO:Peces:5906","Galaxias platei","Lago Torres",-44.1666666666667,-71.3,"2004","2004","Cussac, V, S Ortubay, G Iglesias, D Milano, ME Lattuca, JP Barriga, M Battini y M Gross. 2004. The distribution of South American galaxiid fishes: the role of biological traits and post-glacial history. J. Biogeog. 31: 103-121","FO","Peces","5906"
"FO:Peces:5907","Galaxias platei","Río Pico 2",-44.3166666666667,-71.4166666666667,"2004","2004","Cussac, V, S Ortubay, G Iglesias, D Milano, ME Lattuca, JP Barriga, M Battini y M Gross. 2004. The distribution of South American galaxiid fishes: the role of biological traits and post-glacial history. J. Biogeog. 31: 103-121","FO","Peces","5907"
"FO:Peces:5911","Galaxias platei","Lago Volcán",-47.7666666666667,-72.2166666666667,"2004","2004","Cussac, V, S Ortubay, G Iglesias, D Milano, ME Lattuca, JP Barriga, M Battini y M Gross. 2004. The distribution of South American galaxiid fishes: the role of biological traits and post-glacial history. J. Biogeog. 31: 103-121","FO","Peces","5911"
"FO:Peces:5912","Galaxias platei","Laguna La Oriental",-47.8166666666667,-72.0833333333333,"2004","2004","Cussac, V, S Ortubay, G Iglesias, D Milano, ME Lattuca, JP Barriga, M Battini y M Gross. 2004. The distribution of South American galaxiid fishes: the role of biological traits and post-glacial history. J. Biogeog. 31: 103-121","FO","Peces","5912"
"FO:Peces:5913","Galaxias platei","Laguna del Pescado",-47.8166666666667,-72.15,"2004","2004","Cussac, V, S Ortubay, G Iglesias, D Milano, ME Lattuca, JP Barriga, M Battini y M Gross. 2004. The distribution of South American galaxiid fishes: the role of biological traits and post-glacial history. J. Biogeog. 31: 103-121","FO","Peces","5913"
"FO:Peces:5917","Galaxias platei","Lago Fagnano",-54.55,-67.8833333333333,"2004","2004","Cussac, V, S Ortubay, G Iglesias, D Milano, ME Lattuca, JP Barriga, M Battini y M Gross. 2004. The distribution of South American galaxiid fishes: the role of biological traits and post-glacial history. J. Biogeog. 31: 103-121","FO","Peces","5917"
"FO:Peces:5918","Galaxias platei","Laguna Margarita",-54.6666666666667,-67.8333333333333,"2004","2004","Cussac, V, S Ortubay, G Iglesias, D Milano, ME Lattuca, JP Barriga, M Battini y M Gross. 2004. The distribution of South American galaxiid fishes: the role of biological traits and post-glacial history. J. Biogeog. 31: 103-121","FO","Peces","5918"
"FO:Peces:6330","Oncorhynchus tshawytscha","Río Carrenleufú",-43.8666666666667,-71.3166666666667,"2007","2007","Soto, D, I Arismendi, C Di Prinzio y F Jara. 2007. Establishment of Chinook salmon (Oncorhynchus tshawytscha) in Pacific basins of southern South America and its potential ecosystem implications. Revista chilena de historia natural 80 (1): 81-98","FO","Peces","6330"
"FO:Peces:6331","Oncorhynchus tshawytscha","Río Futaleufú",-43.1333333333333,-71.6,"2007","2007","Soto, D, I Arismendi, C Di Prinzio y F Jara. 2007. Establishment of Chinook salmon (Oncorhynchus tshawytscha) in Pacific basins of southern South America and its potential ecosystem implications. Revista chilena de historia natural 80 (1): 81-98","FO","Peces","6331"
"FO:Peces:6332","Oncorhynchus tshawytscha","Río Pico",-44.2,-71.4333333333333,"2007","2007","Soto, D, I Arismendi, C Di Prinzio y F Jara. 2007. Establishment of Chinook salmon (Oncorhynchus tshawytscha) in Pacific basins of southern South America and its potential ecosystem implications. Revista chilena de historia natural 80 (1): 81-98","FO","Peces","6332"
"FO:Peces:8039","Galaxias maculatus","Lago Hess  ",-41.3672222222222,-71.7397222222222,"2010","2010","Zemlak, TS, EM Habit, SJ Walde, C Carrea, DE Ruzzante. 2010. Surviving historical Patagonian landscapes and climate: molecular insights from Galaxias maculatus. BMC Evolutionary Biology, 2010. 10:67","FO","Peces","8039"
"FO:Peces:8040","Galaxias maculatus","Lago Martin  ",-41.5,-71.6666666666667,"2010","2010","Zemlak, TS, EM Habit, SJ Walde, C Carrea, DE Ruzzante. 2010. Surviving historical Patagonian landscapes and climate: molecular insights from Galaxias maculatus. BMC Evolutionary Biology, 2010. 10:67","FO","Peces","8040"
"FO:Peces:8041","Galaxias maculatus","Lago Steffen  ",-41.5166666666667,-71.55,"2010","2010","Zemlak, TS, EM Habit, SJ Walde, C Carrea, DE Ruzzante. 2010. Surviving historical Patagonian landscapes and climate: molecular insights from Galaxias maculatus. BMC Evolutionary Biology, 2010. 10:67","FO","Peces","8041"
"FO:Peces:8194","Salmo trutta","Lago Fonck",-41.3166666666667,-71.7833333333333,"2002","2002","Milano, D, VE Cussac, PJ Macchi, DE Ruzzante, MF Alonso, PH Vigliano y MA Denegri. 2002. Predator associated morphology in Galaxias platei in Patagonian lakes. J. Fish Biol., UK, 61 (1): 138-156.","FO","Peces","8194"
"FO:Peces:8195","Salvelinus fontinalis","Lago Fonck",-41.3166666666667,-71.7833333333333,"2002","2002","Milano, D, VE Cussac, PJ Macchi, DE Ruzzante, MF Alonso, PH Vigliano y MA Denegri. 2002. Predator associated morphology in Galaxias platei in Patagonian lakes. J. Fish Biol., UK, 61 (1): 138-156.","FO","Peces","8195"
"FO:Peces:8196","Oncorhynchus mykiss","Lago Fonck",-41.3166666666667,-71.7833333333333,"2002","2002","Milano, D, VE Cussac, PJ Macchi, DE Ruzzante, MF Alonso, PH Vigliano y MA Denegri. 2002. Predator associated morphology in Galaxias platei in Patagonian lakes. J. Fish Biol., UK, 61 (1): 138-156.","FO","Peces","8196"
"FO:Peces:8197","Galaxias maculatus","Lago Fonck",-41.3166666666667,-71.7833333333333,"2002","2002","Milano, D, VE Cussac, PJ Macchi, DE Ruzzante, MF Alonso, PH Vigliano y MA Denegri. 2002. Predator associated morphology in Galaxias platei in Patagonian lakes. J. Fish Biol., UK, 61 (1): 138-156.","FO","Peces","8197"
"FO:Peces:8198","Galaxias platei","Lago Fonck",-41.3166666666667,-71.7833333333333,"2002","2002","Milano, D, VE Cussac, PJ Macchi, DE Ruzzante, MF Alonso, PH Vigliano y MA Denegri. 2002. Predator associated morphology in Galaxias platei in Patagonian lakes. J. Fish Biol., UK, 61 (1): 138-156.","FO","Peces","8198"
"FO:Peces:8199","Salmo trutta","Lago Los Moscos",-41.3333333333333,-71.6,"2002","2002","Milano, D, VE Cussac, PJ Macchi, DE Ruzzante, MF Alonso, PH Vigliano y MA Denegri. 2002. Predator associated morphology in Galaxias platei in Patagonian lakes. J. Fish Biol., UK, 61 (1): 138-156.","FO","Peces","8199"
"FO:Peces:8200","Salvelinus fontinalis","Lago Los Moscos",-41.3333333333333,-71.6,"2002","2002","Milano, D, VE Cussac, PJ Macchi, DE Ruzzante, MF Alonso, PH Vigliano y MA Denegri. 2002. Predator associated morphology in Galaxias platei in Patagonian lakes. J. Fish Biol., UK, 61 (1): 138-156.","FO","Peces","8200"
"FO:Peces:8201","Oncorhynchus mykiss","Lago Los Moscos",-41.3333333333333,-71.6,"2002","2002","Milano, D, VE Cussac, PJ Macchi, DE Ruzzante, MF Alonso, PH Vigliano y MA Denegri. 2002. Predator associated morphology in Galaxias platei in Patagonian lakes. J. Fish Biol., UK, 61 (1): 138-156.","FO","Peces","8201"
"FO:Peces:8202","Galaxias maculatus","Lago Los Moscos",-41.3333333333333,-71.6,"2002","2002","Milano, D, VE Cussac, PJ Macchi, DE Ruzzante, MF Alonso, PH Vigliano y MA Denegri. 2002. Predator associated morphology in Galaxias platei in Patagonian lakes. J. Fish Biol., UK, 61 (1): 138-156.","FO","Peces","8202"
"FO:Peces:8203","Galaxias platei","Lago Los Moscos",-41.3333333333333,-71.6,"2002","2002","Milano, D, VE Cussac, PJ Macchi, DE Ruzzante, MF Alonso, PH Vigliano y MA Denegri. 2002. Predator associated morphology in Galaxias platei in Patagonian lakes. J. Fish Biol., UK, 61 (1): 138-156.","FO","Peces","8203"
"FO:Peces:8204","Salmo trutta","Lago Martin  ",-41.4980555555556,-71.6919444444445,"2002","2002","Milano, D, VE Cussac, PJ Macchi, DE Ruzzante, MF Alonso, PH Vigliano y MA Denegri. 2002. Predator associated morphology in Galaxias platei in Patagonian lakes. J. Fish Biol., UK, 61 (1): 138-156.","FO","Peces","8204"
"FO:Peces:8205","Salvelinus fontinalis","Lago Martin  ",-41.4980555555556,-71.6919444444445,"2002","2002","Milano, D, VE Cussac, PJ Macchi, DE Ruzzante, MF Alonso, PH Vigliano y MA Denegri. 2002. Predator associated morphology in Galaxias platei in Patagonian lakes. J. Fish Biol., UK, 61 (1): 138-156.","FO","Peces","8205"
"FO:Peces:8206","Oncorhynchus mykiss","Lago Martin  ",-41.4980555555556,-71.6919444444445,"2002","2002","Milano, D, VE Cussac, PJ Macchi, DE Ruzzante, MF Alonso, PH Vigliano y MA Denegri. 2002. Predator associated morphology in Galaxias platei in Patagonian lakes. J. Fish Biol., UK, 61 (1): 138-156.","FO","Peces","8206"
"FO:Peces:8207","Galaxias maculatus","Lago Martin  ",-41.4980555555556,-71.6919444444445,"2002","2002","Milano, D, VE Cussac, PJ Macchi, DE Ruzzante, MF Alonso, PH Vigliano y MA Denegri. 2002. Predator associated morphology in Galaxias platei in Patagonian lakes. J. Fish Biol., UK, 61 (1): 138-156.","FO","Peces","8207"
"FO:Peces:8208","Galaxias platei","Lago Martin  ",-41.4980555555556,-71.6919444444445,"2002","2002","Milano, D, VE Cussac, PJ Macchi, DE Ruzzante, MF Alonso, PH Vigliano y MA Denegri. 2002. Predator associated morphology in Galaxias platei in Patagonian lakes. J. Fish Biol., UK, 61 (1): 138-156.","FO","Peces","8208"
"FO:Peces:8209","Salmo trutta","Lago Mascardi",-41.35,-71.55,"2002","2002","Milano, D, VE Cussac, PJ Macchi, DE Ruzzante, MF Alonso, PH Vigliano y MA Denegri. 2002. Predator associated morphology in Galaxias platei in Patagonian lakes. J. Fish Biol., UK, 61 (1): 138-156.","FO","Peces","8209"
"FO:Peces:8210","Salvelinus fontinalis","Lago Mascardi",-41.35,-71.55,"2002","2002","Milano, D, VE Cussac, PJ Macchi, DE Ruzzante, MF Alonso, PH Vigliano y MA Denegri. 2002. Predator associated morphology in Galaxias platei in Patagonian lakes. J. Fish Biol., UK, 61 (1): 138-156.","FO","Peces","8210"
"FO:Peces:8211","Oncorhynchus mykiss","Lago Mascardi",-41.35,-71.55,"2002","2002","Milano, D, VE Cussac, PJ Macchi, DE Ruzzante, MF Alonso, PH Vigliano y MA Denegri. 2002. Predator associated morphology in Galaxias platei in Patagonian lakes. J. Fish Biol., UK, 61 (1): 138-156.","FO","Peces","8211"
"FO:Peces:8212","Galaxias maculatus","Lago Mascardi",-41.35,-71.55,"2002","2002","Milano, D, VE Cussac, PJ Macchi, DE Ruzzante, MF Alonso, PH Vigliano y MA Denegri. 2002. Predator associated morphology in Galaxias platei in Patagonian lakes. J. Fish Biol., UK, 61 (1): 138-156.","FO","Peces","8212"
"FO:Peces:8213","Galaxias platei","Lago Mascardi",-41.35,-71.55,"2002","2002","Milano, D, VE Cussac, PJ Macchi, DE Ruzzante, MF Alonso, PH Vigliano y MA Denegri. 2002. Predator associated morphology in Galaxias platei in Patagonian lakes. J. Fish Biol., UK, 61 (1): 138-156.","FO","Peces","8213"
"FO:Peces:8214","Salmo trutta","Lago Steffen",-41.5666666666667,-71.4833333333333,"2002","2002","Milano, D, VE Cussac, PJ Macchi, DE Ruzzante, MF Alonso, PH Vigliano y MA Denegri. 2002. Predator associated morphology in Galaxias platei in Patagonian lakes. J. Fish Biol., UK, 61 (1): 138-156.","FO","Peces","8214"
"FO:Peces:8215","Salvelinus fontinalis","Lago Steffen",-41.5666666666667,-71.4833333333333,"2002","2002","Milano, D, VE Cussac, PJ Macchi, DE Ruzzante, MF Alonso, PH Vigliano y MA Denegri. 2002. Predator associated morphology in Galaxias platei in Patagonian lakes. J. Fish Biol., UK, 61 (1): 138-156.","FO","Peces","8215"
"FO:Peces:8216","Oncorhynchus mykiss","Lago Steffen",-41.5666666666667,-71.4833333333333,"2002","2002","Milano, D, VE Cussac, PJ Macchi, DE Ruzzante, MF Alonso, PH Vigliano y MA Denegri. 2002. Predator associated morphology in Galaxias platei in Patagonian lakes. J. Fish Biol., UK, 61 (1): 138-156.","FO","Peces","8216"
"FO:Peces:8217","Galaxias maculatus","Lago Steffen",-41.5666666666667,-71.4833333333333,"2002","2002","Milano, D, VE Cussac, PJ Macchi, DE Ruzzante, MF Alonso, PH Vigliano y MA Denegri. 2002. Predator associated morphology in Galaxias platei in Patagonian lakes. J. Fish Biol., UK, 61 (1): 138-156.","FO","Peces","8217"
"FO:Peces:8218","Galaxias platei","Lago Steffen",-41.5666666666667,-71.4833333333333,"2002","2002","Milano, D, VE Cussac, PJ Macchi, DE Ruzzante, MF Alonso, PH Vigliano y MA Denegri. 2002. Predator associated morphology in Galaxias platei in Patagonian lakes. J. Fish Biol., UK, 61 (1): 138-156.","FO","Peces","8218"
"FO:Peces:8219","Salmo trutta","Río Futaleufú",-43.1333333333333,-71.6,"2002","2002","Milano, D, VE Cussac, PJ Macchi, DE Ruzzante, MF Alonso, PH Vigliano y MA Denegri. 2002. Predator associated morphology in Galaxias platei in Patagonian lakes. J. Fish Biol., UK, 61 (1): 138-156.","FO","Peces","8219"
"FO:Peces:8220","Salvelinus fontinalis","Río Futaleufú",-43.1333333333333,-71.6,"2002","2002","Milano, D, VE Cussac, PJ Macchi, DE Ruzzante, MF Alonso, PH Vigliano y MA Denegri. 2002. Predator associated morphology in Galaxias platei in Patagonian lakes. J. Fish Biol., UK, 61 (1): 138-156.","FO","Peces","8220"
"FO:Peces:8221","Oncorhynchus mykiss","Río Futaleufú",-43.1333333333333,-71.6,"2002","2002","Milano, D, VE Cussac, PJ Macchi, DE Ruzzante, MF Alonso, PH Vigliano y MA Denegri. 2002. Predator associated morphology in Galaxias platei in Patagonian lakes. J. Fish Biol., UK, 61 (1): 138-156.","FO","Peces","8221"
"FO:Peces:8222","Galaxias platei","Río Futaleufú",-43.1333333333333,-71.6,"2002","2002","Milano, D, VE Cussac, PJ Macchi, DE Ruzzante, MF Alonso, PH Vigliano y MA Denegri. 2002. Predator associated morphology in Galaxias platei in Patagonian lakes. J. Fish Biol., UK, 61 (1): 138-156.","FO","Peces","8222"
"FO:Peces:8223","Aplochiton zebra","Río Futaleufú",-43.1333333333333,-71.6,"2002","2002","Milano, D, VE Cussac, PJ Macchi, DE Ruzzante, MF Alonso, PH Vigliano y MA Denegri. 2002. Predator associated morphology in Galaxias platei in Patagonian lakes. J. Fish Biol., UK, 61 (1): 138-156.","FO","Peces","8223"
"FO:Peces:8224","Odontesthes hatcheri","Río Futaleufú",-43.1333333333333,-71.6,"2002","2002","Milano, D, VE Cussac, PJ Macchi, DE Ruzzante, MF Alonso, PH Vigliano y MA Denegri. 2002. Predator associated morphology in Galaxias platei in Patagonian lakes. J. Fish Biol., UK, 61 (1): 138-156.","FO","Peces","8224"
"FO:Peces:8225","Percichthys trucha","Río Futaleufú",-43.1333333333333,-71.6,"2002","2002","Milano, D, VE Cussac, PJ Macchi, DE Ruzzante, MF Alonso, PH Vigliano y MA Denegri. 2002. Predator associated morphology in Galaxias platei in Patagonian lakes. J. Fish Biol., UK, 61 (1): 138-156.","FO","Peces","8225"
"FO:Peces:9062","Galaxias platei","Lago Buenos Aires ",-46.5,-71.35,"2008","2008","Zemlak, TS, EM Habit, SJ Walde, MA Battini, EDM Adams y DE Ruzzante. 2008. Across the southern Andes on fin: glacial refugia, drainage reversals and a secondary contact zone revealed by the phylogeographical signal of Galaxias platei in Patagonia. Molecular Ecology (2008) 17: 5049-5061","FO","Peces","9062"
"FO:Peces:9063","Galaxias platei","Lago Pueyrredón ",-47.3,-71.9166666666667,"2008","2008","Zemlak, TS, EM Habit, SJ Walde, MA Battini, EDM Adams y DE Ruzzante. 2008. Across the southern Andes on fin: glacial refugia, drainage reversals and a secondary contact zone revealed by the phylogeographical signal of Galaxias platei in Patagonia. Molecular Ecology (2008) 17: 5049-5061","FO","Peces","9063"
"FO:Peces:9064","Galaxias platei","Lago San Martín ",-49.0319444444444,-72.2444444444444,"2008","2008","Zemlak, TS, EM Habit, SJ Walde, MA Battini, EDM Adams y DE Ruzzante. 2008. Across the southern Andes on fin: glacial refugia, drainage reversals and a secondary contact zone revealed by the phylogeographical signal of Galaxias platei in Patagonia. Molecular Ecology (2008) 17: 5049-5061","FO","Peces","9064"
"FO:Peces:9066","Galaxias platei","Lago Puelo ",-42.0986111111111,-71.6175,"2008","2008","Zemlak, TS, EM Habit, SJ Walde, MA Battini, EDM Adams y DE Ruzzante. 2008. Across the southern Andes on fin: glacial refugia, drainage reversals and a secondary contact zone revealed by the phylogeographical signal of Galaxias platei in Patagonia. Molecular Ecology (2008) 17: 5049-5061","FO","Peces","9066"
"FO:Peces:9067","Galaxias platei","Lago Rivadavia ",-42.6166666666667,-71.6744444444445,"2008","2008","Zemlak, TS, EM Habit, SJ Walde, MA Battini, EDM Adams y DE Ruzzante. 2008. Across the southern Andes on fin: glacial refugia, drainage reversals and a secondary contact zone revealed by the phylogeographical signal of Galaxias platei in Patagonia. Molecular Ecology (2008) 17: 5049-5061","FO","Peces","9067"
"FO:Peces:9069","Galaxias platei","Lago Belgrano ",-47.8694444444445,-72.1461111111111,"2008","2008","Zemlak, TS, EM Habit, SJ Walde, MA Battini, EDM Adams y DE Ruzzante. 2008. Across the southern Andes on fin: glacial refugia, drainage reversals and a secondary contact zone revealed by the phylogeographical signal of Galaxias platei in Patagonia. Molecular Ecology (2008) 17: 5049-5061","FO","Peces","9069"
"FO:Peces:9071","Galaxias platei","Lago Yehuin ",-54.4,-67.7333333333333,"2008","2008","Zemlak, TS, EM Habit, SJ Walde, MA Battini, EDM Adams y DE Ruzzante. 2008. Across the southern Andes on fin: glacial refugia, drainage reversals and a secondary contact zone revealed by the phylogeographical signal of Galaxias platei in Patagonia. Molecular Ecology (2008) 17: 5049-5061","FO","Peces","9071"
"FO:Peces:9072","Galaxias platei","Lago Margarita ",-54.6666666666667,-67.8333333333333,"2008","2008","Zemlak, TS, EM Habit, SJ Walde, MA Battini, EDM Adams y DE Ruzzante. 2008. Across the southern Andes on fin: glacial refugia, drainage reversals and a secondary contact zone revealed by the phylogeographical signal of Galaxias platei in Patagonia. Molecular Ecology (2008) 17: 5049-5061","FO","Peces","9072"
"FO:Peces:13428","Aplochiton zebra","Arroyo Centinela ",-42.8086111111111,-71.6486111111111,"2013","2013","Cussac, V, E Habit, J González, MA Battini, JP Barriga y S Crichigno. 2012. Informe de avance: Los peces de agua dulce de la Patagonia: una puesta al día. URL: http://www.comahue-conicet.gob.ar/archivos/t7_cod118_Peces%20de%20agua%20dulce.pdf","FO","Peces","13428"
"FO:Peces:13429","Aplochiton zebra","Río Carrileufú",-42.4813888888889,-71.5672222222222,"2013","2013","Cussac, V, E Habit, J González, MA Battini, JP Barriga y S Crichigno. 2012. Informe de avance: Los peces de agua dulce de la Patagonia: una puesta al día. URL: http://www.comahue-conicet.gob.ar/archivos/t7_cod118_Peces%20de%20agua%20dulce.pdf","FO","Peces","13429"
"FO:Peces:13438","Hatcheria macraei","Lago Mascardi ",-41.3508333333333,-71.5458333333333,"2013","2013","Cussac, V, E Habit, J González, MA Battini, JP Barriga y S Crichigno. 2012. Informe de avance: Los peces de agua dulce de la Patagonia: una puesta al día. URL: http://www.comahue-conicet.gob.ar/archivos/t7_cod118_Peces%20de%20agua%20dulce.pdf","FO","Peces","13438"
"FO:Peces:13439","Hatcheria macraei","Lago Epuyén",-42.1894444444444,-71.5136111111111,"2013","2013","Cussac, V, E Habit, J González, MA Battini, JP Barriga y S Crichigno. 2012. Informe de avance: Los peces de agua dulce de la Patagonia: una puesta al día. URL: http://www.comahue-conicet.gob.ar/archivos/t7_cod118_Peces%20de%20agua%20dulce.pdf","FO","Peces","13439"
"FO:Peces:13440","Hatcheria macraei","Lago Rivadavia",-42.61,-71.6666666666667,"2013","2013","Cussac, V, E Habit, J González, MA Battini, JP Barriga y S Crichigno. 2012. Informe de avance: Los peces de agua dulce de la Patagonia: una puesta al día. URL: http://www.comahue-conicet.gob.ar/archivos/t7_cod118_Peces%20de%20agua%20dulce.pdf","FO","Peces","13440"
"FO:Peces:13441","Hatcheria macraei","Arroyo Nant y Fall",-43.2227777777778,-71.4213888888889,"2013","2013","Cussac, V, E Habit, J González, MA Battini, JP Barriga y S Crichigno. 2012. Informe de avance: Los peces de agua dulce de la Patagonia: una puesta al día. URL: http://www.comahue-conicet.gob.ar/archivos/t7_cod118_Peces%20de%20agua%20dulce.pdf","FO","Peces","13441"
"FO:Peces:13442","Hatcheria macraei","Arroyo Corintos",-43.13,-71.44,"2013","2013","Cussac, V, E Habit, J González, MA Battini, JP Barriga y S Crichigno. 2012. Informe de avance: Los peces de agua dulce de la Patagonia: una puesta al día. URL: http://www.comahue-conicet.gob.ar/archivos/t7_cod118_Peces%20de%20agua%20dulce.pdf","FO","Peces","13442"
"FO:Peces:13443","Hatcheria macraei","Arroyo Cabeza de Vaca",-43.4997222222222,-71.3477777777778,"2013","2013","Cussac, V, E Habit, J González, MA Battini, JP Barriga y S Crichigno. 2012. Informe de avance: Los peces de agua dulce de la Patagonia: una puesta al día. URL: http://www.comahue-conicet.gob.ar/archivos/t7_cod118_Peces%20de%20agua%20dulce.pdf","FO","Peces","13443"
"FO:Peces:13444","Hatcheria macraei","Arroyo Frío",-43.3094444444444,-71.4425,"2013","2013","Cussac, V, E Habit, J González, MA Battini, JP Barriga y S Crichigno. 2012. Informe de avance: Los peces de agua dulce de la Patagonia: una puesta al día. URL: http://www.comahue-conicet.gob.ar/archivos/t7_cod118_Peces%20de%20agua%20dulce.pdf","FO","Peces","13444"
"FO:Peces:11561","Odontesthes hatcheri","Lago Epuyén",-42.1666666666667,-71.5166666666667,"2015","2015","Conte-Grand, C, J Sommer, G Ortí y V Cussac. 2015. Populations of Odontesthes (Teleostei: Atheriniformes) in the Andean region of Southern South America: body shape and hybrid individuals. Neotropical Ichthyology, 13 (1): 137-150","FO","Peces","11561"
"FO:Peces:11562","Odontesthes hatcheri","Lago Rivadavia",-42.5,-71.75,"2015","2015","Conte-Grand, C, J Sommer, G Ortí y V Cussac. 2015. Populations of Odontesthes (Teleostei: Atheriniformes) in the Andean region of Southern South America: body shape and hybrid individuals. Neotropical Ichthyology, 13 (1): 137-150","FO","Peces","11562"
"FO:Peces:11563","Odontesthes hatcheri","Lago Rosario",-43.25,-71.3333333333333,"2015","2015","Conte-Grand, C, J Sommer, G Ortí y V Cussac. 2015. Populations of Odontesthes (Teleostei: Atheriniformes) in the Andean region of Southern South America: body shape and hybrid individuals. Neotropical Ichthyology, 13 (1): 137-150","FO","Peces","11563"
"FO:Peces:11566","Odontesthes hatcheri","Lago Buenos Aires",-46.4833333333333,-71.4666666666667,"2015","2015","Conte-Grand, C, J Sommer, G Ortí y V Cussac. 2015. Populations of Odontesthes (Teleostei: Atheriniformes) in the Andean region of Southern South America: body shape and hybrid individuals. Neotropical Ichthyology, 13 (1): 137-150","FO","Peces","11566"
"FO:Peces:11567","Odontesthes hatcheri","Lago Pueyrredón",-47.3833333333333,-71.9166666666667,"2015","2015","Conte-Grand, C, J Sommer, G Ortí y V Cussac. 2015. Populations of Odontesthes (Teleostei: Atheriniformes) in the Andean region of Southern South America: body shape and hybrid individuals. Neotropical Ichthyology, 13 (1): 137-150","FO","Peces","11567"
