Ref_ID,Origin of data,Type of document,Author,Year,Title,Journal or Editorial,Vol  Pag,To be reviewed,OLD REF_ID,Notes
1,,Book,"Basulto del Campo, S.",2003,El largo viaje de los salmones. Una crónica olvidada. Propagación y cultivo de especies acuáticas en Chile.,"Maval Ltda. Santiago, Chile.",299pp.,,1,
2,,Book,"Behnke, Robert J.; illustrated by  Joseph R. Tomelleri; froreword by Thomas McGuane.",2002,Trout and Salmon of North America,"The free press, New York.",359pp.,,2,
3,,Thesis,"Wood, Jonathan D.",1997,The distribution of feral salmonids in inland Chilean Waters.,"Unpublishes thesis to obtain the degree of M.Sc. In Aquaculture, University of Stirling",85pp.,,6,
4,,Unpub. Report,"Sanzana, José del Carmen",2002,Plan de manejo de la población de trucha arcoiris para la pesca deportiva en el lago Llanquihue.,Universidad Austral de Chile. Tesis para optar al título de ingeniero pesquero con mención en pesquerías.,83 pp.,,7,
5,,Unpub. Report,Fernando Jara S. & Doris Soto B.,1997,Recaptura salmones retornantes en río Petrohué.,Universidad Austral de Chile,19pp.,,8,
6,,Unpub. Report,Doris Soto B.and Ivan Arismendi V.,2001,"Evaluacion, ordenamiento y manejo  del potencial biológico para la pesca deportiva de la región de los lagos.",Gobierno Regional de Los Lagos Fondo Nacional de Desarrollo Regional (FNDR) código B.I.P. 20109755-0; Universidad Austral de Chile,,"Doublecheck 'Bagre'. What species? (Lado Pte Collico, Ranco)",9,
7,,Unpub. Report,"Soto, D.",2002,Estudio del ciclo reproductivo de las principales especies objetivo de la pesca deportiva en la X región.,Proyecto FIP  2000-24 (2000-2001),,,10,
8,,Unpub. Report,"Campos, Hugo, José Arenas, Wadimir Steffen, Gloria Agüero, Lorena Villalobos and Gastón Gonzales",1985,Investigación de la capacidad de cultivo de salmonideos de las principales huyas hidrográficas de país; III antecedentes limnológicos hoya lago Rupanco.,"CORFO, IFOP, Universidad Austral de Chile",405,"Where is Calle-Calle river? (tributary of Rupanco Lake, not the great Calle-Calle). That site have not been indexed yet.",13,
9,,Paper,"Martínez, Ginger; Nelson Bugueño e Irma Vila",1999,"Orestias acotanensis Parenti, 1984 en el salar de Ascotán.",Noticiero Mensual del Museo de Historia Natural,139: 7-12.,,14,
10,,Paper,"Vila, Irma; Leopoldo Fuentes, Marcelo Saavedra",1999,"Ictiofauna en los sistemas límnicos de la isla grande, Tierra del Fuego, Chile.",Revista Chilena de Historia Natural,72: 273-284,,16,
11,,Paper,"Comte S., Irma Vila",1992,Spawning of Basilichthys microlepidotus (Jenyns),Journal of Fish Biology,41: 971-981,,17,
12,,Paper,CORFO-IFOP,1990,Un legado a la salmonicultura. Proyecto de introducción de salmón del pacífico en Aysén.,Chile Pesquero,1: 51-56,,41,
13,,Unpub. Report,Edwin Niklitschek and Eduardo Aedo,2002,Estudio del ciclo reproductivo de las principales especies objetivo de la pesca deportiva en la XI región. FIP 2000-25,FIP 2000-25,75pp.,Sampling Method?,64,
14,,Unpub. Report,Gonzalo Gajardo,1997,"Caracterización genética, hematologica y química sanguinea de salmonideos silvestres y de cultivo.",FIP IT 95-35,61,"X Preguntar coordenadas, método y fecha de colecta de muestras y resultados de la colecta incluyendo especies y su abundancia.",66,
15,,Unpub. Report,Doris Soto and Fernando Jara,1996,Evaluación de salmonideos de vida libre en aguas interiores de las regiones X y XI.,FIP IT 95-31,159pp.,,67,
16,Mixed,Unpub. Report,"Zama, Akira and Eduardo Cárdenas G.",1984,"Introduction into Aysén Chile of the pacific salmon. N°9 Descriptive catalogue of marine and freshwater fishes from the Aysén region, southern Chile, with zoogeographical notes on fish fauna.",SERNAP - JICA,82pp.,,68,
17,,Unpub. Report,Misuo Sakai and Ambrosio C. Espinós,1992,"On the trout resouces in lake Buenos Aires, southern Argentina. Informe técnico N°4, Agencia de Cooperación Internacional del Japón (JICA)","Editorial Hemisferio Sur S.A., Buenos Aires, Argentina.",26pp.,,69,
18,,Unpub. Report,Paul C. Rizzo et al.,2001,Proyecto Hidroeléctrico Mapocho y Molina (EIA),CONAMA,259,,70,
19,,EIA,M & P Ltda.,2002,Estudio de Impacto Ambiental (EIA) proyecto central hidroeléctrica de Pasada la Higuera.,CONAMA E6-138,,,71,
20,,Paper,"Scasso, F. & H. Campos",1998,"Oncorhynchus mykiss (Pisces, Salmonidae) populations in lakes of different trophic state levels of the Biobio River Basin, Chile.",Verh. Internat.Verein.Limnol.,26: 2320-23.,,72,
21,,Paper,"Scasso, F.   & H. Campos",1999,"Comparison of two populations of silverside, Odontesthes bonariensis, (Pisces, Atherinopsidae) in eutrophied lakes from central chile.",Journal of Freshwater Ecology,14(1): 61-70,,73,
22,,Paper,"Evelyn Habit, Pedro Victoriano & Amadora Rodríguez-Ruiz",2003,Variaciones espacio-temporales del ensamble de peces de un sistema fluvial de bajo orden del centro-sur de Chile.,Revista Chilena de Historia Natural,"76: 3-14, 2003",,74,
23,,Unpub. Report,"Friedmann, Claudio and seven colaborators.",1996,"Consultoría análisis ambiental del proyecto de explotación de pozos en Parque Nacional Lauca, I región (EIA).","CD 100005, CONAMA",,,76,
24,,EIA,Electrowatt Ingenieros Consultores (Chile) S.A.,1996,Estudio de Impacto Ambiental Central Rucue.,CEDOC/CONAMA,,,79,
25,,Unpub. Report,"Campos, H., V. Ruiz, J.F. Gavilan y F. Alay",1993,"Peces del Río Biobío. Francesco Faranda, Oscar Parra (eds.)",Universidad de Concepción,100 p.,,89,
26,,Paper,"Habit, Evelyn.",1994,Contribución al conocimiento de la fauna íctica del río Itata.,"Bol. Soc. Biol. Concepción, Chile.",65: 143-147.,,91,
27,,Paper,"Habit, Evelyn",1994,Ictiofauna en canales de riego de la cuenca del río Itata durante la época de otoño - invierno.,Com. Mus. Hist. Nat. Concepción,8: 7-12.,,92,
28,,EIA,Ministerio de Obras Públicas (MOP) y Consultora Gran Vía.,1999,Estudio de Impacto Ambiental (EIA) proyecto de concesión embalse Illapel - IV región.,CONAMA,,,142,
29,,EIA,SRK y MN Ingenieros Lda.,1998,Estudio de Impacto Ambiental (EIA) proyecto embalse Corrales.,CONAMA,,X reportes de gente local (arcoiris y más).,144,
30,,EIA,Electrowatt Ingenieros Consultores S.A.,1996,"Estudio de Impacto Ambiental (EIA), proyecto central hidroeléctrica Ralco.",CONAMA,,,145,
31,,EIA,EIA,2000,"Estudio de Impacto Ambiental (EIA), proyecto Hacienda Topocalma, inmoviliaria general.",CONAMA,,,146,
32,,EIA,ESSAM S.A. y Universidad de Talca,2001,"Estudio de Impacto Ambiental (EIA), planta de tratamiento de aguas servidas de Curicó.",CONAMA,,X método y fechas de muestreo: anexo C.,147,
33,,EIA,Tecnologías y Servicios Ambientales TASAM S.A.,1995,"Estudio de Impacto Ambiental (EIA), proyecto central hidroeléctrica Loma Alta.",CONAMA,,X Río Maule en cruce del puente caminero 1 km aguas arriba de la central Curillinque.; método y fechas de muestreo: anexo C.,148,
34,,Unpub. Report,"Estai, E.",1999,"Desarrollo y manejo de una pesquería fluvial de trucha café (Salmo trutta fario) en río penitente, XII región. Informe Final.",FONTEC-CORFO,Código N° 96-08521,,150,
35,,Paper,"Dazarola, G.",1972,Contributión a l’etude de la faune ichtyologique de la Region Valparaíso Aconcagua (Chili).,Annales de Limnologie,8(1): 87-100,,166,
36,,Paper,"Golusda, P.",1927,Aclimatación y cultivo de especies salmonídeas en Chile.,Bol. Soc. Biol. Concepción,1 (1 y 2): 80-100.,,171,
37,,Paper,"Oliver, C.",1949,Catalogo de los peces fluviales de la ciudad de Concepción.,Boletin de la Sociedad de Biología de Concepción.,24: 51-60.,,172,
38,,EIA,Geotécnica consultores.,"1992, 1994",Estudio de Impacto Ambiental (EIA) Mina El Abra.,CONAMA,,"X La metodología y detalle de resultados en el anexo E, detalle de orestias en anexo D.",176,
39,,Paper,"Campos, H.",1985,Distribution of the fishes in the andean rivers in the South of Chile.,Archivs fûr Hydrobiologie,104(2):169-191.,,177,
40,,Paper,"Ruiz, VH., MT López, HI Moyano y M Man",1993,"Ictiología del Alto Biobío: aspectos taxonómicos, alimentarios, reproductivos, y ecológicos con una discusión sobre la hoya.",Gayana Zoológica,57(1): 77-88,,179,
41,,Paper,Urzúa et al.,1977,"Alimentación natural de Basilichthys australis (Eigenmann) en Tejas Verdes, Chile. (Atheriniformes, Atherinidae).","Biología Pesquera, Chile",9: 45-61,,181,
42,,Paper,Moreno y Moran,1981,"Sobre la introducción de Gambusia affinis holbrooki (Girard) y Carassius carassius (Linnaeus) en el río Maipo, Chile.",Boletín de la Sociedad de Biología de Concepción.,52: 95-102,,182,
43,,EIA,Geotécnica Consultores,1994,Estudio de impacto Ambiental (EIA) proyecto hidroeléctrico Alto Cachapoal.,CONAMA,,review position of the points based on PC: EIA Alto Cachapoal-fig. 4.5 mapas (folder w/pics.),183,
44,,Thesis,Capella J.,1992,"Nicho trófico de Basilichtys australis (Eigenmann) (Atherinidae) en precencia de Oncorhynchus mykiss (Walbaum) (Salmonidae). Un experimento de campo en peñaflor, Chile.","Tesis de Magister, Universidad de Chile (Santiago)",77pp.,,185,
45,,EIA,Celulosa Arauco y Constitución S.A.,1997,Estudio de Impacto Ambiental (EIA) proyecto Valdivia.,CONAMA/CEDOC,CD23,,191,
46,,Paper,"Habit, E., P. Victoriano, O. Parra",2002,Translocación de peces nativos en la cuenca del río Laja.,Gayana,66(2): 181-190.,,194,
47,,Paper,"Habit, Evelyn",1998,"Análisis de la dieta de Percilia gillissi (Pisces: percilidae) en poblaciones de río y canales de riego (cuenca de Itata, VIII región).",Theoria,7: 66-46.,,196,
48,,Paper,"Ruiz, Victor H.",1993,"Ictiofauna del río Andalién (Concepción, Chile).",Gayana Zoológica (Chile),57: 109-278.,,197,
49,,Paper,"Duarte W., R. Feito, C. Jara, C. Moreno y  AE Orellana",1971,Ictiofauna del sistema hidrográfico del río Maipo.,Bol. Mus. Nac. Hist. Nat. Chile,32: 227-268,,198,
50,,EIA,Centro de Ecología Aplicada Ltda.,2001,"Estudio de Impacto Ambiental (EIA) proyecto ALUMYSA. Anexo IV.A_1 Caracterización del habitat acuático del Rio Cuervo, Puerto Aysen.",CONAMA,,Ungroup natives,203,
51,,EIA,E.C. Rowe & Asoc.,1994,Estudio de Impacto Ambiental (EIA) proyecto Fachinal tranque de relave.,CONAMA,,,205,
52,,EIA,Gasoducto Gasandes S.A.,1996,"Estudio de Impacto Ambiental (EIA) Proyecto Gasoducto Gasandes, extensión a quinta región.",CONAMA,,,231,
53,,Paper,"Torres, P. Cubillos, V., Aedo, E., Silva, R., Garrido, O. y Aedo, J.E.",1995,"Prevalencia y aspectos patológicos de la difilobotriasis en salmones de retorno, Oncorhynchus kisutch, de Coyhaique, XIa Región de Chile.",Archivos de Medicina Veterinaria,27: 107-114.,,328,
54,,Paper,"Torres, P., E.  Aedo, L. Figueroa, I. Siegmund, R. Silva, N. Navarrete, S. Puga, F. Marín y E. Aedo",2000,"Infección por helmintos parásitos en salmón coho, Oncorhynchus kisutch, durante su retorno al río Simpson, Chile.",Bol. Chil. Parasitol.,55(1-2): 31-35.,,329,
55,,Paper,"Colihueque, N., N. Vergara and M. Parraguez",2003,Genetic characterization of naturalized populations of brown trout Salmo trutta L. in southern Chile using allozyme and microsatellite markers.,Aquaculture Research,34: 525-533.,,331,
56,,Paper,"Vila, I., E. Zeiss and H. Gibson",1978,"Prospecciones de sistemas hidrográficos para la introducción del ""salmon"" en Chile.","Biología Pesquera, Chile",10: 61-73.,,336,
57,,Unpub. Report,"Campos, H., J. Arenas, W. Steffen, G. Agüero, L. Villalobos, and G. Gonzales",1985,Investigación de la capacidad de cultivo de salmonideos de las principales hoyas hidrográficas de país; II antecedentes limnológicos hoya lago Villarrica.,Corporación de Fomento de la Producción - Instituto de Fomento Pesquero - Universidad Austral de Chile.,"Informe AP 86/28,","Several sites were not indexed because their location was not found on the map. Get the full report and try again. Not indexed: Rivers Guampoe, Huililco, Llafenco, Copiupulli, Añihueraque, Quilque, Suizo, Laguna Huife, La Poza and Cayisañi.",339,
58,,Unpub. Report,"Grosman, F.",1992,Algunos aspectos de la biología del salmón del pacífico (Oncorhynchus tshawytscha) presente en la Provincia del Chubut. (Informe técnico),"Ed. Hemisferio Sur, JICA - CEAN,",8:1-12.,,340,
59,,Paper,"Torres, P., Ruiz, E., Rebolledo, C., Mira, A., Cubillos, V., Navarrete, N., Gesche, W.,
Montefusco, A., Valdés, L. y Alberdi, A.",1990,"Parasitismo en peces y comunidades humanas ribereñas de los lagos Huillinco y Natri (Isla Grande de Chiloé), Chile.",Bol. Chil. Parasitol.,45:47-55.,,344,
60,,Paper,"Faúndez, V., Blanco G.,Vázquez E. & Sánchez J.A.",1997,Allozyme variability in brown trout Salmo trutta in Chile.,Freshwater Biology,37: 507-514.,,345,
61,,Paper,"Campos, H., J. Arenas, C. Jara, T. Gonser y R. Prins",1984,Macrozoobentos y fauna íctica de las aguas limnéticas de Chiloé y Aysén continentales (Chile).,Medio Ambiente,7(1): 52-64.,,351,
62,,Paper,"Campos, H.",1969,Reproducción de Aplochiton taeniatus Jenyns.,Bol. Mus. Nac. His. Nat. Chile,29:207-222.,,355,
63,,Paper,"Reyes, X.",1982,"Presencia de Hepatoxylon trichiuri (Holten, 1802) (Cestoda: Trypanorhyncha) en Oncorynchus tshawytscha y Sonmiosus pacificus capturados en Chile.","Investigaciones Marinas, Valparaiso",10(1-2): 40-45.,,386,
64,,Unpub. Report,"Cassigoli, J.",1999,Catastro de enfermedades de peces nativos circundantes a centros de cultivo de salmónidos.,Fondo de Investigación Pesquera - Instituto Tecnológico del Salmón - Universidad Austral de Chile - Aquatic Health,FIP 97-38,,768,
65,,Unpub. Report,"Soto, D., H. Campos, W. Steffen, R. Palma, P. Neira, G. Aguero, R. Arriagada, and D. Aviles.",1993,Estudio del potencial impacto ambiental de las actividades productivas y de servicio sobre el Lago Llanquihue.,Fondo Nacional de Desarrollo Regional Region de los Lagos - Universidad Austral de Chile,143pp,Seek complete report and doublecheck data and effort.,769,
66,,Paper,"Soto, D., H. Campos, W. Steffen, O. Parra, and L. Zuniga",1994,The Torres del Paine lake district (Chilean patagonia) - A case of potentially N-limited lakes and ponds.,Archiv Fur Hydrobiologie,Suppl. 99:181-197.,"Not plotted in the map yet. I need coverages for the area. Could plot the sites based on X,Y coordinates though.",933,
67,,Paper,"Habit, E., M. C. Belk, R. Cary Tuckfield, and O. Parra",2006,Response of the fish community to human-induced changes in the Biobio River in Chile.,Freshwater Biology,51:1-11,I requested detailed tables of captures. After several requests the tables were never sent to me and the record is based only on the paper. Fish presence absence pooled by zone.,939,
68,,Thesis,"Gutiérrez, J. M",2005,"Estudio del ensamble de peces de la subcuenca del río traiguén, IX región, y su relación con la calidad del agua.","Tesis para optar al grado de Licenciado en Recursos Naturales, Universidad Católica de Temuco.",98 pp.,,943,
69,,Unpub. Report,"Steffen, W.",2005,Antecedentes limnologicos de las cuencas hidrograficas costeras de los rios chaihuin y colun xª Region.,Informe final a The The Nature Conservancy - World Wildlife Fund,22 pp.,,966,
70,,Paper,"Soto, D., I. Arismendi, J. González, J. Sanzana, F. Jara, C. Jara, E. Guzman, and A. Lara",2006,"Southern Chile, trout and salmon country: invasion patterns and threats for native species.",Revista Chilena de Historia Natural,79:97-117.,,971,
71,,Unpub. Report,"Sakai, M., R. Aguirrebeña, and A. Nagasawa",1987,"Growth analysis by scale reading of cherry salmon (Oncorhynchus masou) stocked a closed-system lake ""Lagoon Don Poli"", southern Chile.","Internal Report 18, Japan International Cooperation Agency & Servicio Nacional de Pesca, Tokyo.",26pp.,,973,
72,,Paper,"Villalobos, L., S. Woelfl, O. Parra, and H. Campos",2003,"Lake Chapo: a baseline study of a deep, oligotrophic North Patagonian lake prior to its use for hydroelectricity generation: II. Biological properties.",Hydrobiologia,510: 225-237.,,985,
73,,Paper,"Campos, H.",1972,"Karyology of three Galaxiids fishes Galaxies maculatus, G. platei and Brachygalaxias bullocki.",Copeia,2:368-370.,,990,
74,,Museum collection,"Dyer, B.",1994,Specimens of Chilean fish deposited by B. Dyer in the University of Michigan Zoological Museum. in.,NEODAT II team databese http://www.neodat.org/.,,There are several sites plotted on the ocen that need to be relocated.,1040,
75,,Paper,"Busse, K.",1982,Brachigalaxias gothei n.sp. (Pisces: Galaxiidae) aus Chile.,Bonn. Zool. Beitr.,33:71-74.,,1045,
76,,Paper,"Busse, K.",1996,Wenig bekannte Fische: Die Aplochitoninen.,Aquar. u. Terrar. Z.,49:52-54.,,1046,
77,,Thesis,"Moorman, MC",2007,"The conservation implications of introduced trout and beaver on native fish in the Cape Horn Biosphere Reserve, Chile","Masters thesis, North Carolina University",57 pp.,"Check the date of the samplings.
Index biomass and length, etc.",1053,
78,Mixed,Book,"Eigenmann, Carl, H.",1927,The Fresh-water Fishes of Chile,Memoirs of the National Academy of Science,22: 1-80,Only reviewed galaxiidae in a first effort to summarize his work.,0,
79,Empirical,Museum Collection,California Academy of Science,1919,CAS Ichthyology Collection Database (online),,,,0,
80,Empirical,Paper,McDowall R.M. and Nakaya K.,1988,Morphological Divergence in the Two Species of Aplochiton Jenyns (Salmoniformes: Aplochitonidae): A Generalist and a Specialist,Copeia,No. 1 pp. 233-236,,0,
81,Empirical,Paper,"Alo D., Correa C., Arias C. and Cárdenas L.",2013,Diversity of Aplochiton Fishes (Galaxiidae) and the Taxonomic Resurrection of A. marinus,PLoS ONE,8(8): e71577,,0,
82,Empirical,Database (private),Centro de Ecología Aplicada (CEA); collector Luis Vega,2015,Base de datos CEA 2015,,,Data extracted from the Ministerio del Medio Ambiente database used for the freshwater fishes of Chile book.,0,
83,Empirical,Database (private),Base Datos EULA UdeC; various collectors,,Base de Datos EULA,,,"Data retrieved from the Ministerio del Medio Ambiente database. Most likely some of this data will be duplicated in published papers.
San Pedro data was published in Habit y Victoriano 2012; Porteño and Azul data was published in Elgueta et al. 2013.",0,
84,,Paper,McDowall R.M. and Nakaya K.,1987,Identity of the Galaxioid Fishes of the Genus Aplochiton Jenyns from Southern Chile,Japanese Journal of Ichthyology,34 (3): 377-383,"Using same specimens as McDowall and Nakaya 1988, plus 1 individual from estero Veto from the Instituto de la Patagonia and other fish from the Mcdowall 1971 paper.",0,
85,Empirical,Paper,Habit E. and Victoriano P.,2012,"Composición, origen y valor de conservación de la Ictiofauna del Río San Pedro (Cuenca del Río Valdivia, Chile)",Gayana Especial,10-23,,0,
86,Empirical,Paper,McDowall R.M.,1971,Fishes of the family aplochitonidae,Journal of the Royal Society of New Zealand,1 (1): 31-52,,0,"Three samples collected by McDowall, plus examination of museum collections: California Academy of Science (Eigenann), United States National Museum, Royal Ontario Museum, American Museum of Natural History, Swedish Natural History Museum, British Natural history museum, Musée National d'histoire Naturelle de Paris, Museo Nacional de chile (Aplochiton zebra collected by Philippi, lost)"
87,Empirical,Unpub. Thesis,"Moorman, MC.",2007,"The conservation implications of introduced trout and beaver on native fish in the Cape Horn biosphere reserve, Chile","Masters thesis, North Carolina University",57 pp.,,0,
