ID,OrigFunteReg,bibliographicCitation,associatedReferences
1,"OrigenReg: Zama, A., and Cárdenas, E. 1984. Introduction into Aysén Chile of the pacific salmon. N°9 Descriptive catalogue of marine and freshwater fishes from the Aysén region, southern Chile, with zoogeographical notes on fish fauna. Servicio Nacional de Pesca - Japanese International Cooperation Agency., FuenteReg: Servicio Nacional de Pesca (Puerto Aysen)","Zama, A., and Cárdenas, E. 1984. Introduction into Aysén Chile of the pacific salmon. N°9 Descriptive catalogue of marine and freshwater fishes from the Aysén region, southern Chile, with zoogeographical notes on fish fauna. Servicio Nacional de Pesca - Japanese International Cooperation Agency.",
2,"OrigenReg: Zama, A., and Cárdenas, E. 1984. Introduction into Aysén Chile of the pacific salmon. N°9 Descriptive catalogue of marine and freshwater fishes from the Aysén region, southern Chile, with zoogeographical notes on fish fauna. Servicio Nacional de Pesca - Japanese International Cooperation Agency. McDowall, R.M., and Nakaya, K. 1987. Identity of the galaxioid fishes of the genus Aplochiton Jenys from southern Chile. Japan Journal of Ichthyology 34: 377–383., FuenteReg: Instituto de la Patagonia, Punta Arenas","Zama, A., and Cárdenas, E. 1984. Introduction into Aysén Chile of the pacific salmon. N°9 Descriptive catalogue of marine and freshwater fishes from the Aysén region, southern Chile, with zoogeographical notes on fish fauna. Servicio Nacional de Pesca - Japanese International Cooperation Agency.","McDowall, R.M., and Nakaya, K. 1987. Identity of the galaxioid fishes of the genus Aplochiton Jenys from southern Chile. Japan Journal of Ichthyology 34: 377–383."
3,"OrigenReg: McDowall, R.M., and Nakaya, K. 1988. Morphological divergence in the two species of Aplochiton Jenyns (Salmoniformes: Aplochitonidae): a generalist and a specialist. Copeia 1: 233–236., FuenteReg: Laboratory of Marine Zoology, Hokkaido University (HUMZ)","McDowall, R.M., and Nakaya, K. 1988. Morphological divergence in the two species of Aplochiton Jenyns (Salmoniformes: Aplochitonidae): a generalist and a specialist. Copeia 1(1): 233–236.",
4,"OrigenReg: Alo, D., Correa, C., Arias, C., and Cardenas, L. 2013. Diversity of Aplochiton Fishes (Galaxiidea) and the Taxonomic Resurrection of A. marinus. PLoS ONE. doi/10.1371/journal.pone.0071577., FuenteReg: Museo Nacional de Historia Natural de Chile","Alò, D., Correa, C., Arias, C., and Cárdenas, L. 2013. Diversity of Aplochiton fishes (Galaxiidea) and the taxonomic resurrection of A. marinus. PLoS ONE 8(8): e71577.",
5,"OrigenReg: Alo, D., Correa, C., Arias, C., and Cardenas, L. 2013. Diversity of Aplochiton Fishes (Galaxiidea) and the Taxonomic Resurrection of A. marinus. PLoS ONE. doi/10.1371/journal.pone.0071577.,","Alò, D., Correa, C., Arias, C., and Cárdenas, L. 2013. Diversity of Aplochiton fishes (Galaxiidea) and the taxonomic resurrection of A. marinus. PLoS ONE 8(8): e71577.",
6,"OrigenReg: CEA para ENDESA, FuenteReg: Base de datos CEA 2015","CEA para ENDESA, Base de datos CEA 2015",
7,"OrigenReg: Base de Datos EULA UdeC, FuenteReg: Base Datos 2007","Base Datos EULA UdeC, Base Datos 2007",
8,"OrigenReg: Base de Datos EULA UdeC, FuenteReg: Base Datos 2009","Base Datos EULA UdeC, Base Datos 2009",
9,"OrigenReg: Base de Datos EULA UdeC, FuenteReg: Base Datos 2013","Base Datos EULA UdeC, Base Datos 2013",
10,"OrigenReg: Base de Datos EULA UdeC, FuenteReg: Base Datos 2008","Base Datos EULA UdeC, Base Datos 2008",
11,FuenteReg: McDowall & Nakaya 1987,"McDowall, R.M., and Nakaya, K. 1987. Identity of the galaxioid fishes of the genus Aplochiton Jenys from southern Chile. Japan Journal of Ichthyology 34: 377–383.",
12,FuenteReg: Campos et al. 1984,"Campos, H. 1984. Gonswana and Neotropical Galaxioid fish biogeography. In Evolutionary Ecology of Neotropical Freshwater Fishes. Edited by T.M. Zaret. Junk Publisher, The Hague Netherland.",
13,FuenteReg: McDowall 1971a,"McDowall, R.M. 1971. Fishes of the family Aplochitonidae. Journal of The Royal Society of New Zealand: 1(1):31-52.",
14,FuenteReg: Moorman et al. 2009,"Moorman, M.C. 2007. The Conservation Implications of Introduced Trout and Beaver onNative Fish in the Cape Horn Biosphere Reserve, ChileT. North Carolina State University.",
15,"OrigenReg: Base de Datos EULA UdeC, FuenteReg: Base Datos 2005","Base Datos EULA UdeC, Base Datos 2005",
16,"OrigenReg: Base de Datos EULA UdeC, FuenteReg: Base Datos 2006","Base Datos EULA UdeC, Base Datos 2006",
17,,,
18,FuenteReg: Eigenmann 1927 Estudio: Campos et al. 1993b,"Eigenmann, C.H. 1928. The fresh-water fishes of Chile. Memoirs of the National Academy of Science 22: 1–80.",
19,FuenteReg: Fowler 1951 Estudio: Campos et al. 1993b,"Fowler, H. 1951. Analysis of the fishes of Chile. Revista Chilena de Historia Natural: 263-323.",
20,FuenteReg: Gunther 1980 Estudio: Campos et al. 1993b,"Günther, A.C.L.G. 1880. An introduction to the study of fishes. Adam & Charles Black, Edinburgh.",
21,FuenteReg: Valenciennes 1833 Estudio: Arratia et al. 1981,"Cuvier, G., Cuvier, G., Axelrod, H.R., Baird, S.F., Valenciennes, Koninklijk Zoologisch Genootschap Natura Artis Magistra,  te A., and Congress, L. of. 1835. Histoire naturelle des poissons. Chez F. G. Levrault; [etc., etc.], Paris. doi:10.5962/bhl.title.12283.","Arratia, G. 1981. Generos de peces de aguas continentales de Chile. Publicación ocacional del Museo Nacional de Historia Natural, Chile: 34:-3-108."
22,FuenteReg: Gonzalez 2005,"Gonzáles, J. 2005. Evaluación de interferencias tróficas entre truchas y peces nativos en ríos del sur de Chile, a través de analísis de contenidos estomacales. Tesis de pregrado Biología Marina, Facultad de Ciencias, Universidad Austral de Chile.",
23,FuenteReg: Campos et al. 1996,"Campos, H., Gavilan, J., Murillo, V., and Alarcon, P. 1996. Presencia de Cheirodon australe (Pisces: Characidae) en Lago Tarahuín (Isla Grande de Chiloé, 42º40’S, Chile) y su Significado Zoogeográfico. Medio Ambiente 13: 69–79.",
24,"OrigenReg: Estudio peces CEA, FuenteReg: Entrevista Jorge Parra","Estudio peces CEA, Entrevista Jorge Parra",
25,"OrigenReg: Base de Datos EULA UdeC, FuenteReg: Base Datos 2014","Base Datos EULA UdeC, Base Datos 2014",
26,"OrigenReg: Base Datos CEA 2015,",Base Datos CEA 2015,
27,FuenteReg: Murillo & Ruiz 2002 Estudio: Vila et al. 2006,"Murillo, V., and Ruiz, V.H. 2002. El puye Galaxias globiceps Eigenmann 1927 (Osteichthyes: Galaxiidae): ¿una especie en peligro de extincion? Gayana (Concepción) 66: 191–197.","Vila, I., Veloso, A., Schlatter, R., and Ramírez, C. 2006. Macrófitas y vertebrados de los sistemas límnicos de Chile. In Editorial Universitaria. Editorial Universitaria."
28,"OrigenReg: Líneas bases XI CEA Ltda. Agosto 2015, FuenteReg: Líneas bases XI CEA Ltda. Agosto 2015",Líneas bases XI CEA Ltda. Agosto 2015,
29,"OrigenReg: Publicación, FuenteReg: Vila et al. 1999. Ictiofauna en los sistemas límnicos de la Isla Grande, Tierra del Fuego, Chile","Vila, I., Fuentes, L., and Saavedra, M. 1999. Ictiofauna en los sistemas límnicos de la isla grande, Tierra del Fuego, Chile. Revista Chilena de Historia Natural: 72:-273–284.",
30,FuenteReg: Campos & Ortiz 1992 Estudio: Campos et al. 1993b,"Campos, H., and Ortiz, J.C. 1992. Peces, Anfibios y Reptiles de Torres del Paine: ¿Qué pasó con la diversidad? In Biodiversidad en Parque Nacional Torres del Paine. Edited by W.F.C.N.- -1. (en imprenta).",
31,FuenteReg: Campos et al. 1984 Estudio: Campos et al. 1993b,"Campos, H. 1984. Gonswana and Neotropical Galaxioid fish biogeography. In Evolutionary Ecology of Neotropical Freshwater Fishes. Edited by T.M. Zaret. Junk Publisher, The Hague Netherland.",
32,FuenteReg: Venegas 2005,Venegas 2005,
33,FuenteReg: Vila et al. 1999,"Vila, I., Fuentes, L., and Contreras, M. 1999. Peces límnicos de Chile. Boletín del Museo Nacional de Historia Natural, Chile: 48:-61–75.",
34,"OrigenReg: Base de Datos EULA UdeC, FuenteReg: Base Datos 2009  2010","Base Datos EULA UdeC, Base Datos 2009  2010",
35,"OrigenReg: Base de Datos EULA UdeC, FuenteReg: Base Datos 2011","Base Datos EULA UdeC, Base Datos 2011",
36,"OrigenReg: Fishnet2, FuenteReg: Colecta BS Dyer","Fishnet2, Colecta BS Dyer",
37,FuenteReg: McDowall 1971b Estudio: Ruiz & Marchant 2004,"McDowall, R.M. 1971. The Galaxiid fishes of South America. Zoological Journal of the Limnological Society 50: 33–73.","Ruiz, V.H., and Marchand, M. 2004. Ictiofauna de aguas continentales chilenas. Universidad de Concepción."
38,"OrigenReg: Publicación, FuenteReg: Unmack et al 2009","Unmack, P.J., Habit, E.M., and Johnson, J.B. 2009. New records of Hatcheria macraei (Siluriformes, Trichomycteridae) from Chilean Province. Gayana 73(1): 102–110.",
39,FuenteReg: Unmack et al. 2009a,"Unmack, P., Bennin, A., Habit, E., Victoriano, P., and Johnson, J. 2009. Impact of ocean barriers, topography, and glaciation on the phylogeography of the catfish Trichomycterus areolatus (Teleostei: Trichomycteridae) in Chile. Biological Journal of the Linnean Society 97: 876–892. doi:10.1111/j.1095-8312.2009.01224.x.",
40,FuenteReg: Unmack et al. 2009b,"Unmack, P.J., Habit, E.M., and Johnson, J.B. 2009. New records of Hatcheria macraei (Siluriformes, Trichomycteridae) from Chilean Province. Gayana 73(1): 102–110.",
41,FuenteReg: Campos et al. 1998 Estudio: Ruiz & Marchant 2004,"Campos, H., Dazarola, G., Dyer, B.S., Fuentes, L., Gavilán, J.F., Huaquín, L., Martínez, G., Meléndez, R., Pequeño, G., Ponce, F., Ruiz, V.H., Sielfeld, W., Soto, D., Vega, R., and Vila, I. 1998. Categorías de conservación de peces nativos de aguas continentales de Chile. Boletín del Museo Nacional de Historia Natural, Chile 47: 101–122.","Ruiz, V.H., and Marchand, M. 2004. Ictiofauna de aguas continentales chilenas. Universidad de Concepción."
42,FuenteReg: Unmack et al. 2012,"Unmack, P.J., Barriga, J.P., Battini, M.A., Habit, E.M., and Johnson, J.B. 2012. Phylogeography of the catfish Hatcheria macraei reveals a negligible role of drainage divides in structuring populations. Molecular Ecology 21(4): 942–959. doi:10.1111/j.1365-294X.2011.05408.x.",
43,"OrigenReg: Francisco J. Neira 1984,","Neira, F.J. 1984. Biomorfología de las lampreas parásitas Geotria australis Gray, 1851 y Mordacia lapicida (Gray, 1851) (Petronizontiformes). Gayana Zoológica: 48(1-2): 3-40.",
44,FuenteReg: Perugia 1891 Estudio: Campos et al. 1993b,"Perugia, A. 1891. Appunti sopra alcuni pesci sud-americani conservati nel Museo Civico di Storia Naturale di Genova. Annali del Museo Civico di Storia Naturale “Giacomo Doria” 10 (Serie 2): 605–657.",
45,"OrigenReg: Unmack et al 2009,","Unmack, P.J., Habit, E.M., and Johnson, J.B. 2009. New records of Hatcheria macraei (Siluriformes, Trichomycteridae) from Chilean Province. Gayana 73(1): 102–110.",
46,FuenteReg: Eigenmann 1927,"Eigenmann, C.H. 1928. The fresh-water fishes of Chile. Memoirs of the National Academy of Science 22: 1–80.",
