"catalogNumber","verbatimEventDate","eventDate","recordedByID","recordedBy","dateIdentified","modified","datasetName","license","occurrenceID","eventRemarks","locality","decimalLatitude","decimalLongitude","coordinateUncertaintyInMeters","scientificName","vernacularName","taxonID","basisOfRecord"
327398176,"2025-11-14 10:54:06",2025-11-14,9957153,"","2025-11-20 18:06:39 UTC","2025-11-21 00:41:58 UTC","iNaturalist","CC-BY-NC","https://www.inaturalist.org/observations/327398176","","Ushuaia, AR-TF, AR",-54.8112222222,-68.2958805556,NA,"Actinopterygii","Ray-finned Fishes",47178,"HumanObservation"
326902158,"2025-10-29 16:56:29",2025-10-29,7693045,"Maximiliano Aguilar","2025-11-17 02:59:52 UTC","2025-11-22 22:10:47 UTC","iNaturalist","CC-BY-NC","https://www.inaturalist.org/observations/326902158","","Río Grande, Tierra del Fuego, Argentina",-53.8311319468,-67.8027268499,432,"Salmo trutta","Brown Trout",47518,"HumanObservation"
326411644,"2025-11-13 15:46:47",2025-11-13,3653366,"Mariana","2025-11-14 02:16:08 UTC","2025-11-14 17:29:50 UTC","iNaturalist","CC-BY-NC","https://www.inaturalist.org/observations/326411644","","Campamento Rio Cambaceres, Ruta Provincial J Km 58, Tierra del Fuego, Argentina",-54.8817805997,-67.2395745997,NA,"Salvelinus fontinalis","Brook Trout",49596,"HumanObservation"
321786319,"2025-10-18 17:57:37",2025-10-18,1900503,"Brett Monroe Garner","2025-10-19 07:37:01 UTC","2025-10-19 07:37:02 UTC","iNaturalist","","https://www.inaturalist.org/observations/321786319","","Natales, Magallanes and Antartica Chilena Region, CL",-52.692816508,-73.7604463943,18002,"Liparidae","Snailfishes",49032,"HumanObservation"
321134161,"2025/10/14 6:44 PM",2025-10-14,4444997,"Federico Muñoz","2025-10-15 23:28:32 UTC","2025-10-15 23:28:32 UTC","iNaturalist","CC0","https://www.inaturalist.org/observations/321134161","","V9410 Ushuaia, Tierra del Fuego, Argentina",-54.8076116,-68.3058409,6954,"Harpagifer bispinis","Magellanic plunderfish",615190,"HumanObservation"
321134158,"2025/10/14 6:44 PM",2025-10-14,4444997,"Federico Muñoz","2025-10-15 23:28:31 UTC","2025-10-15 23:28:31 UTC","iNaturalist","CC0","https://www.inaturalist.org/observations/321134158","","V9410 Ushuaia, Tierra del Fuego, Argentina",-54.8076116,-68.3058409,6954,"Harpagifer bispinis","Magellanic plunderfish",615190,"HumanObservation"
320759674,"2025/10/12 5:14 PM",2025-10-12,4444997,"Federico Muñoz","2025-10-14 00:34:18 UTC","2025-10-14 00:34:18 UTC","iNaturalist","CC0","https://www.inaturalist.org/observations/320759674","","V9410 Ushuaia, Tierra del Fuego, Argentina",-54.8076116,-68.3058409,6954,"Harpagifer bispinis","Magellanic plunderfish",615190,"HumanObservation"
320759672,"2025/10/12 5:03 PM",2025-10-12,4444997,"Federico Muñoz","2025-10-14 00:34:17 UTC","2025-10-14 00:34:17 UTC","iNaturalist","CC0","https://www.inaturalist.org/observations/320759672","","V9410 Ushuaia, Tierra del Fuego, Argentina",-54.8076116,-68.3058409,6954,"Patagonotothen","",90874,"HumanObservation"
320759665,"2025/10/12 4:09 PM",2025-10-12,4444997,"Federico Muñoz","2025-10-14 00:34:16 UTC","2025-10-14 00:34:16 UTC","iNaturalist","CC0","https://www.inaturalist.org/observations/320759665","","V9410 Ushuaia, Tierra del Fuego, Argentina",-54.8076116,-68.3058409,6954,"Harpagifer bispinis","Magellanic plunderfish",615190,"HumanObservation"
320759662,"2025/10/12 4:08 PM",2025-10-12,4444997,"Federico Muñoz","2025-10-14 00:34:15 UTC","2025-10-14 00:34:15 UTC","iNaturalist","CC0","https://www.inaturalist.org/observations/320759662","","V9410 Ushuaia, Tierra del Fuego, Argentina",-54.8076116,-68.3058409,6954,"Harpagifer bispinis","Magellanic plunderfish",615190,"HumanObservation"
320759660,"2025/10/12 4:06 PM",2025-10-12,4444997,"Federico Muñoz","2025-10-14 00:34:14 UTC","2025-10-14 00:34:14 UTC","iNaturalist","CC0","https://www.inaturalist.org/observations/320759660","","V9410 Ushuaia, Tierra del Fuego, Argentina",-54.8076116,-68.3058409,6954,"Harpagifer bispinis","Magellanic plunderfish",615190,"HumanObservation"
316196823,"2025-08-27 21:46:28",2025-08-27,5608874,"","2025-09-24 02:24:54 UTC","2025-09-24 02:53:29 UTC","iNaturalist","CC-BY-NC","https://www.inaturalist.org/observations/316196823","","Magallanes, Magallanes y la Antártica Chilena, Chile",-53.6909056,-70.9710244997,NA,"Actinopterygii","Ray-finned Fishes",47178,"HumanObservation"
316196624,"2025-08-28 11:24:54",2025-08-28,5608874,"","2025-09-24 02:23:14 UTC","2025-10-06 11:00:44 UTC","iNaturalist","CC-BY-NC","https://www.inaturalist.org/observations/316196624","","San Juan, Punta Arenas, Magallanes y la Antártica Chilena, Chile",-53.6405193482,-70.9466553479,539,"Patagonotothen","",90874,"HumanObservation"
316196477,"2025-08-28 11:03:04",2025-08-28,5608874,"","2025-09-24 02:22:20 UTC","2025-09-24 02:34:45 UTC","iNaturalist","CC-BY-NC","https://www.inaturalist.org/observations/316196477","","San Juan, Punta Arenas, Magallanes y la Antártica Chilena, Chile",-53.6405193482,-70.9466553479,539,"Patagonotothen","",90874,"HumanObservation"
315556164,"2025-09-20 08:15:34",2025-09-20,5282735,"Joaquín Cano","2025-09-21 16:16:58 UTC","2025-09-22 10:27:04 UTC","iNaturalist","CC-BY-NC","https://www.inaturalist.org/observations/315556164","","V9410 Ushuaia, Tierra del Fuego, Argentina",-54.8099715239,-68.3120297268,22,"Notothenioidei","Icefishes and allies",1303563,"HumanObservation"
309810461,"2025-08-27 21:23:25",2025-08-27,5608874,"","2025-08-28 20:47:09 UTC","2025-09-02 02:13:29 UTC","iNaturalist","CC-BY-NC","https://www.inaturalist.org/observations/309810461","No sé que especie en especifico","Punta Arenas, Magallanes y la Antártica Chilena, Chile",-53.6910537997,-70.9710639997,NA,"Nototheniidae","Cod Icefishes",85936,"HumanObservation"
309810228,"2025-08-27 21:46:35",2025-08-27,5608874,"","2025-08-28 20:45:48 UTC","2025-09-02 11:25:58 UTC","iNaturalist","CC-BY-NC","https://www.inaturalist.org/observations/309810228","","Magallanes, Magallanes y la Antártica Chilena, Chile",-53.6909056,-70.9710244997,NA,"Nototheniidae","Cod Icefishes",85936,"HumanObservation"
309795519,"2025-08-28 11:08:06",2025-08-28,5608874,"","2025-08-28 19:33:33 UTC","2025-09-19 18:42:02 UTC","iNaturalist","CC-BY-NC","https://www.inaturalist.org/observations/309795519","","Magallanes, CL-MA, CL",-53.6881971634,-70.9715844691,88,"Actinopterygii","Ray-finned Fishes",47178,"HumanObservation"
309794902,"2025-08-28 11:33:07",2025-08-28,5608874,"","2025-08-28 19:31:02 UTC","2025-09-02 02:13:24 UTC","iNaturalist","CC-BY-NC","https://www.inaturalist.org/observations/309794902","","Punta Arenas, Magallanes y la Antártica Chilena, Chile",-53.6862843514,-70.9728511423,201,"Patagonotothen","",90874,"HumanObservation"
284596843,"2025/04/01 1:11 PM",2025-04-01,2479418,"MatiasG","2025-05-27 17:15:09 UTC","2025-05-27 22:03:02 UTC","iNaturalist","CC-BY-ND","https://www.inaturalist.org/observations/284596843","a 100 m de profundidad en Seno Skyring. Grabado mediante ROV","Magallanes, Magallanes y la Antártica Chilena, Chile",-52.6259617053,-71.6380752957,977,"Patagonotothen wiltoni","Wilton's Patagonian Rockcod",618326,"HumanObservation"
269317390,"2025/02/04 4:33 PM",2025-02-04,1366509,"Frank Dietze","2025-04-08 17:35:31 UTC","2025-04-10 00:11:20 UTC","iNaturalist","","https://www.inaturalist.org/observations/269317390","Brook Trout hunted by a Cinclodes patagonicus","Ushuaia Department, Tierra del Fuego Province, Argentina",-54.6809118521,-67.8146034029,708,"Salvelinus fontinalis","Brook Trout",49596,"HumanObservation"
267792468,"2025/03/12 2:37 PM",2025-03-12,2460541,"","2025-03-30 21:41:36 UTC","2025-03-30 22:45:49 UTC","iNaturalist","CC-BY-NC","https://www.inaturalist.org/observations/267792468","","V9410 Ushuaia, Tierra del Fuego Province, Argentina",-54.8070766667,-68.3005866667,NA,"Notothenioidei","Icefishes and allies",1303563,"HumanObservation"
267040700,"2024/12/02 13:45",2024-12-02,6094872,"","2025-03-26 12:57:22 UTC","2025-04-14 07:52:14 UTC","iNaturalist","CC-BY-NC","https://www.inaturalist.org/observations/267040700","","Provincia de Última Esperanza, Magallanes y de la Antártica Chilena, Chile",-52.686872989,-73.7671005308,122,"Leptonotus blainvilleanus","Deep-bodied Pipefish",621457,"HumanObservation"
266895294,"2025-03-24 10:18:00",2025-03-24,5211529,"Javier Rendoll Cárcamo","2025-03-25 13:18:46 UTC","2025-03-25 13:19:00 UTC","iNaturalist","CC-BY-NC","https://www.inaturalist.org/observations/266895294","","Antártica Chilena, Cabo de Hornos, Magallanes y la Antártica Chilena, Chile",-54.9280889482,-68.3185055852,43,"Galaxias maculatus","Common Galaxias",321994,"HumanObservation"
264715991,"2025/03/09 10:50 AM",2025-03-09,4444997,"Federico Muñoz","2025-03-09 21:02:10 UTC","2025-03-09 21:02:10 UTC","iNaturalist","CC0","https://www.inaturalist.org/observations/264715991","","Ushuaia, Tierra del Fuego, Argentina",-54.8508456987,-68.5041282756,977,"Patagonotothen","",90874,"HumanObservation"
264680741,"2025/03/06 8:50 AM",2025-03-06,2038933,"Gail Ashton PhD","2025-03-09 16:54:08 UTC","2025-04-23 18:41:31 UTC","iNaturalist","CC-BY-NC","https://www.inaturalist.org/observations/264680741","SCUBA, <50ft","Magallanes and Chilean Antarctica, Chile",-54.4214011262,-70.4496799525,532,"Patagonotothen","",90874,"HumanObservation"
264307058,"2025/03/06 5:18 PM",2025-03-06,4444997,"Federico Muñoz","2025-03-07 15:06:33 UTC","2025-07-18 17:16:59 UTC","iNaturalist","CC0","https://www.inaturalist.org/observations/264307058","","4GVV+H7, Ushuaia, Tierra del Fuego, Argentina",-54.8560625,-68.4568125,173,"Perciformes","Perches, Scorpionfishes, Sticklebacks, and Allies",47233,"HumanObservation"
264307054,"2025/03/06 5:16 PM",2025-03-06,4444997,"Federico Muñoz","2025-03-07 15:06:31 UTC","2025-07-18 17:16:59 UTC","iNaturalist","CC0","https://www.inaturalist.org/observations/264307054","","4GVV+H7, Ushuaia, Tierra del Fuego, Argentina",-54.8560625,-68.4568125,173,"Perciformes","Perches, Scorpionfishes, Sticklebacks, and Allies",47233,"HumanObservation"
264307050,"2025/03/06 5:16 PM",2025-03-06,4444997,"Federico Muñoz","2025-03-07 15:06:31 UTC","2025-07-18 17:16:58 UTC","iNaturalist","CC0","https://www.inaturalist.org/observations/264307050","","4GVV+H7, Ushuaia, Tierra del Fuego, Argentina",-54.8560625,-68.4568125,173,"Perciformes","Perches, Scorpionfishes, Sticklebacks, and Allies",47233,"HumanObservation"
264307043,"2025/03/06 5:14 PM",2025-03-06,4444997,"Federico Muñoz","2025-03-07 15:06:29 UTC","2025-10-24 19:35:42 UTC","iNaturalist","CC0","https://www.inaturalist.org/observations/264307043","","4GVV+H7, Ushuaia, Tierra del Fuego, Argentina",-54.8560625,-68.4568125,173,"Actinopterygii","Ray-finned Fishes",47178,"HumanObservation"
264307041,"2025/03/06 5:13 PM",2025-03-06,4444997,"Federico Muñoz","2025-03-07 15:06:29 UTC","2025-10-24 19:35:27 UTC","iNaturalist","CC0","https://www.inaturalist.org/observations/264307041","","4GVV+H7, Ushuaia, Tierra del Fuego, Argentina",-54.8560625,-68.4568125,173,"Actinopterygii","Ray-finned Fishes",47178,"HumanObservation"
264307040,"2025/03/06 5:16 PM",2025-03-06,4444997,"Federico Muñoz","2025-03-07 15:06:29 UTC","2025-09-26 21:30:42 UTC","iNaturalist","CC0","https://www.inaturalist.org/observations/264307040","","4GVV+H7, Ushuaia, Tierra del Fuego, Argentina",-54.8560625,-68.4568125,173,"Nototheniidae","Cod Icefishes",85936,"HumanObservation"
264307033,"2025/03/06 5:12 PM",2025-03-06,4444997,"Federico Muñoz","2025-03-07 15:06:28 UTC","2025-03-07 15:06:28 UTC","iNaturalist","CC0","https://www.inaturalist.org/observations/264307033","","4GVV+H7, Ushuaia, Tierra del Fuego, Argentina",-54.8560625,-68.4568125,173,"Patagonotothen","",90874,"HumanObservation"
264307025,"2025/03/06 4:05 PM",2025-03-06,4444997,"Federico Muñoz","2025-03-07 15:06:26 UTC","2025-03-07 15:06:26 UTC","iNaturalist","CC0","https://www.inaturalist.org/observations/264307025","","4GVV+H7, Ushuaia, Tierra del Fuego, Argentina",-54.8560625,-68.4568125,173,"Patagonotothen","",90874,"HumanObservation"
263648847,"2025-03-01 11:37:24-03:00",2025-03-01,151757,"Jeffrey H. Skevington","2025-03-02 17:35:48 UTC","2025-07-18 17:14:23 UTC","iNaturalist","CC-BY-NC","https://www.inaturalist.org/observations/263648847","","Fiordo Garibaldi, Cabo de Hornos, Magallanes and Antartica Chilena Region, CL",-54.76503,-69.97792,12,"Nototheniidae","Cod Icefishes",85936,"HumanObservation"
262963430,"2025-01-10 16:25:57",2025-01-10,8360578,"Véronique","2025-02-24 18:32:27 UTC","2025-09-23 00:31:02 UTC","iNaturalist","CC-BY-NC-SA","https://www.inaturalist.org/observations/262963430","","tucuman 4230 3, V9410 Ushuaia, Tierra del Fuego, Argentine",-54.9003628869,-68.3464726433,6427,"Actinopterygii","Ray-finned Fishes",47178,"HumanObservation"
262822615,"2025-02-23 12:49:37",2025-02-23,8880435,"","2025-02-23 15:48:53 UTC","2025-05-29 01:57:34 UTC","iNaturalist","CC-BY-NC","https://www.inaturalist.org/observations/262822615","","Punta Arenas, Magallanes y la Antártica Chilena, Chile",-53.1631177297,-70.8888899168,4,"Odontesthes regia","Chilean Silverside",107358,"HumanObservation"
262007258,"2025/02/07 3:32 PM",2025-02-07,7940105,"Justin Hofman","2025-02-17 19:03:40 UTC","2025-04-16 04:56:29 UTC","iNaturalist","CC-BY-NC","https://www.inaturalist.org/observations/262007258","Taken with ROV between 300-400 feet","Magallanes Province, Magallanes and Chilean Antarctica, Chile",-52.9636818638,-72.9485943552,1953,"Sebastes oculatus","Patagonian Redfish",620534,"HumanObservation"
262007240,"2025/02/07 3:32 PM",2025-02-07,7940105,"Justin Hofman","2025-02-17 19:03:36 UTC","2025-07-07 08:26:35 UTC","iNaturalist","CC-BY-NC","https://www.inaturalist.org/observations/262007240","Taken with ROV between 300-400 feet","Magallanes Province, Magallanes and Chilean Antarctica, Chile",-52.9636818638,-72.9485943552,1953,"Coelorinchus fasciatus","Banded Whiptail",320531,"HumanObservation"
262007234,"2025/02/07 3:32 PM",2025-02-07,7940105,"Justin Hofman","2025-02-17 19:03:34 UTC","2025-02-19 23:39:46 UTC","iNaturalist","CC-BY-NC","https://www.inaturalist.org/observations/262007234","Taken with ROV between 300-400 feet","Magallanes Province, Magallanes and Chilean Antarctica, Chile",-52.9636818638,-72.9485943552,1953,"Sprattus fuegensis","Fuegian Sprat",611810,"HumanObservation"
261122998,"2025/02/08 1:40 PM",2025-02-08,4444997,"Federico Muñoz","2025-02-09 14:06:16 UTC","2025-04-15 01:33:03 UTC","iNaturalist","CC0","https://www.inaturalist.org/observations/261122998","","Río Grande, Tierra del Fuego, Argentina",-52.6649666153,-68.6034983293,122,"Salmo trutta","Brown Trout",47518,"HumanObservation"
260217039,"2025-01-31 15:57:49",2025-01-31,816774,"Charlotte Kirchner","2025-02-01 02:42:15 UTC","2025-02-01 13:20:06 UTC","iNaturalist","CC-BY","https://www.inaturalist.org/observations/260217039","","Ushuaia Department, Tierra del Fuego Province, Argentina",-54.87032,-68.2338866667,NA,"Patagonotothen tessellata","Black Southern Cod",618325,"HumanObservation"
257853683,"2024-12-15 12:55:42",2024-12-15,1364547,"agustin ramos","2025-01-08 21:05:48 UTC","2025-07-18 16:44:12 UTC","iNaturalist","","https://www.inaturalist.org/observations/257853683","","Ushuaia, Tierra del Fuego, Argentina",-54.855685,-68.4203954,NA,"Harpagifer bispinis","Magellanic plunderfish",615190,"HumanObservation"
256575457,"2024-12-28 12:19:00-03:00",2024-12-28,7493734,"André Terwei","2024-12-29 02:21:34 UTC","2025-04-17 06:15:04 UTC","iNaturalist","CC-BY-NC","https://www.inaturalist.org/observations/256575457","","Puerto San Juan de la Posesión, Région de Magallanes y de la Antártica Chilena, CL",-53.6307570572,-70.9336958361,8,"Genypterus blacodes","Pink Ling",125290,"HumanObservation"
255868047,"2024-12-21 16:00:58",2024-12-21,273418,"Ian Davies","2024-12-22 12:31:22 UTC","2024-12-23 22:46:03 UTC","iNaturalist","CC-BY","https://www.inaturalist.org/observations/255868047","","Senda Costera, Tierra del Fuego, AR",-54.847105,-68.4835283333,21,"Harpagifer bispinis","Magellanic plunderfish",615190,"HumanObservation"
255867651,"2024-12-21 16:16:44",2024-12-21,273418,"Ian Davies","2024-12-22 12:25:11 UTC","2025-04-16 07:35:41 UTC","iNaturalist","CC-BY","https://www.inaturalist.org/observations/255867651","","Senda Costera, Tierra del Fuego, AR",-54.847625,-68.4854583333,6,"Crossostomus chilensis","",622085,"HumanObservation"
255813506,"2024-12-21 16:16:10",2024-12-21,3803385,"Alli Smith","2024-12-21 23:05:45 UTC","2024-12-23 20:27:54 UTC","iNaturalist","CC-BY-NC","https://www.inaturalist.org/observations/255813506","","Argentina",-54.8476049,-68.4854167,NA,"Crossostomus chilensis","",622085,"HumanObservation"
255723630,"2024-12-20 19:01:22",2024-12-20,273418,"Ian Davies","2024-12-21 00:29:13 UTC","2024-12-21 00:29:14 UTC","iNaturalist","CC-BY","https://www.inaturalist.org/observations/255723630","","Tierra del Fuego, AR",-54.8545,-68.4115833333,5,"Harpagifer bispinis","Magellanic plunderfish",615190,"HumanObservation"
255723549,"2024-12-20 19:01:29",2024-12-20,3803385,"Alli Smith","2024-12-21 00:27:51 UTC","2024-12-21 00:33:18 UTC","iNaturalist","CC-BY-NC","https://www.inaturalist.org/observations/255723549","","Argentina",-54.8544298997,-68.4116767997,NA,"Harpagifer bispinis","Magellanic plunderfish",615190,"HumanObservation"
255340532,"2024-12-16 19:36:37-03:00",2024-12-16,7493734,"André Terwei","2024-12-16 23:56:23 UTC","2025-01-06 18:48:08 UTC","iNaturalist","CC-BY-NC","https://www.inaturalist.org/observations/255340532","","Surgidero Mc Klelland, Région de Magallanes y de la Antártica Chilena, CL",-53.6290583333,-69.6439583333,4,"Zoarcidae","Eelpouts",60631,"HumanObservation"
255217344,"2024-12-15 12:54:01",2024-12-15,4444997,"Federico Muñoz","2024-12-15 20:59:19 UTC","2024-12-15 20:59:33 UTC","iNaturalist","CC0","https://www.inaturalist.org/observations/255217344","","V9410 Ushuaia, Tierra del Fuego, Argentina",-54.8197666667,-68.3499611111,NA,"Harpagifer bispinis","Magellanic plunderfish",615190,"HumanObservation"
254502009,"2024/12/07 11:51 AM",2024-12-07,4444997,"Federico Muñoz","2024-12-08 12:36:57 UTC","2025-04-14 11:21:36 UTC","iNaturalist","CC0","https://www.inaturalist.org/observations/254502009","","Isla Martillo, Islas del Atlantico Sur, V9410 Ushuaia, Tierra del Fuego, Argentina",-54.9076018,-67.3822996,173,"Crossostomus chilensis","",622085,"HumanObservation"
253055428,"2022-12-24 12:04:08-03:00",2022-12-24,792425,"Nathan Weiss","2024-11-25 15:49:33 UTC","2025-04-13 01:24:30 UTC","iNaturalist","","https://www.inaturalist.org/observations/253055428","Small black eel found under a rock at low tide","Tierra del Fuego, Tierra del Fuego, AR",-54.8682666667,-67.44065,4,"Crossostomus chilensis","",622085,"HumanObservation"
252259348,"2024-11-18 12:21:56",2024-11-18,1876268,"Pablo","2024-11-19 10:50:08 UTC","2024-11-24 12:20:30 UTC","iNaturalist","CC-BY","https://www.inaturalist.org/observations/252259348","","Ushuaia, AR-TF, AR",-54.85495,-68.4147616667,15,"Crossostomus chilensis","",622085,"HumanObservation"
252259214,"2024-11-18 12:13:01",2024-11-18,1876268,"Pablo","2024-11-19 10:47:42 UTC","2024-11-24 12:22:17 UTC","iNaturalist","CC-BY","https://www.inaturalist.org/observations/252259214","","Ushuaia, AR-TF, AR",-54.85505675,-68.4146652222,NA,"Patagonotothen","",90874,"HumanObservation"
252217499,"2024-11-18 12:03:33",2024-11-18,1876268,"Pablo","2024-11-19 00:35:50 UTC","2024-11-24 12:24:18 UTC","iNaturalist","CC-BY","https://www.inaturalist.org/observations/252217499","","Ushuaia, AR-TF, AR",-54.8550884027,-68.4143868461,6,"Crossostomus chilensis","",622085,"HumanObservation"
252217390,"2024-11-18 11:57:06",2024-11-18,1876268,"Pablo","2024-11-19 00:34:44 UTC","2024-11-19 11:13:19 UTC","iNaturalist","CC-BY","https://www.inaturalist.org/observations/252217390","","Ushuaia, AR-TF, AR",-54.8550383333,-68.4144566667,5,"Harpagifer bispinis","Magellanic plunderfish",615190,"HumanObservation"
252175725,"2024/03/16 6:03 AM",2024-03-16,752052,"Pat Webster @underwaterpat","2024-11-18 17:50:51 UTC","2024-11-18 18:23:29 UTC","iNaturalist","CC-BY","https://www.inaturalist.org/observations/252175725","0-39fsw","Magallanes and Chilean Antarctica, Chile",-54.5202445492,-70.2012219986,354,"Patagonotothen squamiceps","Kelp Notothen",618324,"HumanObservation"
252175711,"2024/03/16 6:03 AM",2024-03-16,752052,"Pat Webster @underwaterpat","2024-11-18 17:50:43 UTC","2024-11-18 18:23:23 UTC","iNaturalist","CC-BY","https://www.inaturalist.org/observations/252175711","0-39fsw","Magallanes and Chilean Antarctica, Chile",-54.5202445492,-70.2012219986,354,"Patagonotothen","",90874,"HumanObservation"
252175708,"2024/03/16 6:03 AM",2024-03-16,752052,"Pat Webster @underwaterpat","2024-11-18 17:50:40 UTC","2025-10-09 19:40:43 UTC","iNaturalist","CC-BY","https://www.inaturalist.org/observations/252175708","0-39fsw","Magallanes and Chilean Antarctica, Chile",-54.5202445492,-70.2012219986,354,"Patagonotothen tessellata","Black Southern Cod",618325,"HumanObservation"
250216624,"2024-11-02 18:20:03",2024-11-02,1876268,"Pablo","2024-11-02 23:48:01 UTC","2025-04-09 02:25:13 UTC","iNaturalist","CC-BY","https://www.inaturalist.org/observations/250216624","Puyen chico","Tierra del Fuego National Park, AR-TF-US, AR-TF, AR",-54.8439433333,-68.568655,7,"Galaxias maculatus","Common Galaxias",321994,"HumanObservation"
250216612,"2024-11-02 15:57:43",2024-11-02,1876268,"Pablo","2024-11-02 23:47:55 UTC","2025-06-21 01:21:12 UTC","iNaturalist","CC-BY","https://www.inaturalist.org/observations/250216612","Salmón chinook juvenil","Tierra del Fuego National Park, AR-TF-US, AR-TF, AR",-54.8420866667,-68.5613116667,9,"Oncorhynchus","Pacific Salmons and Trouts",47522,"HumanObservation"
250216599,"2024-11-02 15:25:53",2024-11-02,1876268,"Pablo","2024-11-02 23:47:49 UTC","2024-11-07 22:06:22 UTC","iNaturalist","CC-BY","https://www.inaturalist.org/observations/250216599","Salmon chinook","Tierra del Fuego National Park, AR-TF-US, AR-TF, AR",-54.838685,-68.562275,7,"Salmoninae","Salmons and Trouts",342904,"HumanObservation"
249633634,"2024/10/27 2:23 PM",2024-10-27,2038933,"Gail Ashton PhD","2024-10-29 14:31:23 UTC","2024-10-29 14:53:16 UTC","iNaturalist","CC-BY-NC","https://www.inaturalist.org/observations/249633634","ROV 170-220ft","Magallanes and Chilean Antarctica, Chile",-54.53377335,-70.3117197841,488,"Notothenioidei","Icefishes and allies",1303563,"HumanObservation"
248437106,"2024-10-19 13:36:08",2024-10-19,1364547,"agustin ramos","2024-10-21 12:21:15 UTC","2025-08-21 12:57:28 UTC","iNaturalist","","https://www.inaturalist.org/observations/248437106","","Ushuaia, Tierra del Fuego, Argentina",-54.8565011997,-68.4199485,NA,"Harpagifer bispinis","Magellanic plunderfish",615190,"HumanObservation"
238962909,"2024-08-30 21:44:12",2024-08-30,4444997,"Federico Muñoz","2024-08-31 14:11:53 UTC","2024-11-24 16:09:55 UTC","iNaturalist","CC0","https://www.inaturalist.org/observations/238962909","","V9410 Ushuaia, Tierra del Fuego, Argentina",-54.8387472222,-68.3658361111,NA,"Patagonotothen","",90874,"HumanObservation"
238892427,"2024/08/24 10:06 PM",2024-08-24,4444997,"Federico Muñoz","2024-08-31 02:59:47 UTC","2024-11-24 16:09:50 UTC","iNaturalist","CC0","https://www.inaturalist.org/observations/238892427","","V9410 Ushuaia, Tierra del Fuego, Argentina",-54.8019121,-68.3029511,6410,"Patagonotothen","",90874,"HumanObservation"
238892422,"2024/08/24 10:04 PM",2024-08-24,4444997,"Federico Muñoz","2024-08-31 02:59:46 UTC","2024-11-24 16:09:49 UTC","iNaturalist","CC0","https://www.inaturalist.org/observations/238892422","","V9410 Ushuaia, Tierra del Fuego, Argentina",-54.8019121,-68.3029511,6410,"Patagonotothen","",90874,"HumanObservation"
238892421,"2024/08/24 10:04 PM",2024-08-24,4444997,"Federico Muñoz","2024-08-31 02:59:46 UTC","2024-11-24 16:09:48 UTC","iNaturalist","CC0","https://www.inaturalist.org/observations/238892421","","V9410 Ushuaia, Tierra del Fuego, Argentina",-54.8019121,-68.3029511,6410,"Patagonotothen","",90874,"HumanObservation"
238892420,"2024/08/24 10:03 PM",2024-08-24,4444997,"Federico Muñoz","2024-08-31 02:59:46 UTC","2024-11-24 16:09:47 UTC","iNaturalist","CC0","https://www.inaturalist.org/observations/238892420","","V9410 Ushuaia, Tierra del Fuego, Argentina",-54.8019121,-68.3029511,6410,"Patagonotothen","",90874,"HumanObservation"
238892417,"2024/08/24 10:00 PM",2024-08-24,4444997,"Federico Muñoz","2024-08-31 02:59:45 UTC","2024-11-24 16:09:44 UTC","iNaturalist","CC0","https://www.inaturalist.org/observations/238892417","","V9410 Ushuaia, Tierra del Fuego, Argentina",-54.8019121,-68.3029511,6410,"Patagonotothen","",90874,"HumanObservation"
238892416,"2024/08/24 10:01 PM",2024-08-24,4444997,"Federico Muñoz","2024-08-31 02:59:45 UTC","2024-11-24 16:09:46 UTC","iNaturalist","CC0","https://www.inaturalist.org/observations/238892416","","V9410 Ushuaia, Tierra del Fuego, Argentina",-54.8019121,-68.3029511,6410,"Patagonotothen","",90874,"HumanObservation"
238892414,"2024/08/24 10:00 PM",2024-08-24,4444997,"Federico Muñoz","2024-08-31 02:59:45 UTC","2024-11-24 16:09:44 UTC","iNaturalist","CC0","https://www.inaturalist.org/observations/238892414","","V9410 Ushuaia, Tierra del Fuego, Argentina",-54.8019121,-68.3029511,6410,"Patagonotothen","",90874,"HumanObservation"
238892411,"2024/08/24 9:59 PM",2024-08-24,4444997,"Federico Muñoz","2024-08-31 02:59:44 UTC","2024-11-24 16:09:43 UTC","iNaturalist","CC0","https://www.inaturalist.org/observations/238892411","","V9410 Ushuaia, Tierra del Fuego, Argentina",-54.8019121,-68.3029511,6410,"Patagonotothen","",90874,"HumanObservation"
238892410,"2024/08/24 9:54 PM",2024-08-24,4444997,"Federico Muñoz","2024-08-31 02:59:44 UTC","2024-11-24 16:09:42 UTC","iNaturalist","CC0","https://www.inaturalist.org/observations/238892410","","V9410 Ushuaia, Tierra del Fuego, Argentina",-54.8019121,-68.3029511,6410,"Patagonotothen","",90874,"HumanObservation"
238892409,"2024/08/24 9:54 PM",2024-08-24,4444997,"Federico Muñoz","2024-08-31 02:59:44 UTC","2024-11-24 16:09:41 UTC","iNaturalist","CC0","https://www.inaturalist.org/observations/238892409","","V9410 Ushuaia, Tierra del Fuego, Argentina",-54.8019121,-68.3029511,6410,"Patagonotothen","",90874,"HumanObservation"
238892405,"2024/08/24 9:43 PM",2024-08-24,4444997,"Federico Muñoz","2024-08-31 02:59:43 UTC","2024-11-24 16:09:38 UTC","iNaturalist","CC0","https://www.inaturalist.org/observations/238892405","","V9410 Ushuaia, Tierra del Fuego, Argentina",-54.8019121,-68.3029511,6410,"Patagonotothen","",90874,"HumanObservation"
238892397,"2024/08/24 9:37 PM",2024-08-24,4444997,"Federico Muñoz","2024-08-31 02:59:42 UTC","2024-11-24 16:09:33 UTC","iNaturalist","CC0","https://www.inaturalist.org/observations/238892397","","V9410 Ushuaia, Tierra del Fuego, Argentina",-54.8019121,-68.3029511,6410,"Patagonotothen","",90874,"HumanObservation"
238892396,"2024/08/24 9:37 PM",2024-08-24,4444997,"Federico Muñoz","2024-08-31 02:59:42 UTC","2024-11-24 16:09:25 UTC","iNaturalist","CC0","https://www.inaturalist.org/observations/238892396","","V9410 Ushuaia, Tierra del Fuego, Argentina",-54.8019121,-68.3029511,6410,"Patagonotothen","",90874,"HumanObservation"
238892391,"2024/08/24 9:34 PM",2024-08-24,4444997,"Federico Muñoz","2024-08-31 02:59:40 UTC","2024-11-24 16:09:23 UTC","iNaturalist","CC0","https://www.inaturalist.org/observations/238892391","","V9410 Ushuaia, Tierra del Fuego, Argentina",-54.8019121,-68.3029511,6410,"Patagonotothen","",90874,"HumanObservation"
238394332,"2023/01/12 9:35 AM",2023-01-12,8492862,"","2024-08-28 11:03:20 UTC","2024-08-28 23:31:25 UTC","iNaturalist","CC-BY-NC","https://www.inaturalist.org/observations/238394332","","Ushuaia, Tierra del Fuego, Argentina",-54.8546031133,-68.5261377216,3906,"Notothenioidei","Icefishes and allies",1303563,"HumanObservation"
205288392,"2024/03/22 6:28 PM",2024-03-22,5319847,"MS Roald Amundsen","2024-04-03 21:29:06 UTC","2024-04-03 21:29:06 UTC","iNaturalist","CC-BY-NC","https://www.inaturalist.org/observations/205288392","","Magallanes and Chilean Antarctica, Chile",-54.9318972499,-67.5962712758,30,"Patagonotothen tessellata","Black Southern Cod",618325,"HumanObservation"
205270614,"2022/03/20 7:04 PM",2022-03-20,3029606,"Sebastián Saiter V.","2024-04-03 19:07:55 UTC","2024-04-09 19:19:57 UTC","iNaturalist","CC-BY","https://www.inaturalist.org/observations/205270614","Encontrado por Pamela Espinoza a orillas del Canal Fitz Roy, Río Verde, Magallanes. 
Eduardo Faúndez sugiere Leptonotus blainvillianus.

Marzo de 2022.","Magallanes, Magallanes y la Antártica Chilena, Chile",-52.7106093319,-71.3999395464,695,"Leptonotus blainvilleanus","Deep-bodied Pipefish",621457,"HumanObservation"
204556875,"2024/03/24 4:08 PM",2024-03-24,752052,"Pat Webster @underwaterpat","2024-03-30 14:48:59 UTC","2024-04-09 19:17:26 UTC","iNaturalist","CC-BY","https://www.inaturalist.org/observations/204556875","Hiding out inside Chrysaora plocamia","Magallanes and Chilean Antarctica, Chile",-55.1002169926,-69.802659471,220,"Centrolophidae","Medusafishes",51416,"HumanObservation"
203470698,"2024-03-20 11:38:10",2024-03-20,641347,"Bradley Rasmussen","2024-03-22 14:18:13 UTC","2024-04-21 00:17:20 UTC","iNaturalist","CC-BY-NC","https://www.inaturalist.org/observations/203470698","","Magallanes Province, Magallanes and Chilean Antarctica, Chile",-53.7299033949,-70.9682726115,69,"Patagonotothen wiltoni","Wilton's Patagonian Rockcod",618326,"HumanObservation"
203469755,"2024-03-20 11:31:54",2024-03-20,641347,"Bradley Rasmussen","2024-03-22 14:07:49 UTC","2024-04-21 00:17:08 UTC","iNaturalist","CC-BY-NC","https://www.inaturalist.org/observations/203469755","","Magallanes Province, Magallanes and Chilean Antarctica, Chile",-53.6904469722,-70.9709009722,NA,"Patagonotothen cornucola","Nototenia",108966,"HumanObservation"
203469703,"2024-03-20 11:23:47",2024-03-20,641347,"Bradley Rasmussen","2024-03-22 14:07:21 UTC","2024-04-21 00:16:52 UTC","iNaturalist","CC-BY-NC","https://www.inaturalist.org/observations/203469703","","Magallanes Province, Magallanes and Chilean Antarctica, Chile",-53.69006,-70.971196,NA,"Patagonotothen sima","Falkland Notothen",618323,"HumanObservation"
203469650,"2024-03-20 11:21:19",2024-03-20,641347,"Bradley Rasmussen","2024-03-22 14:06:34 UTC","2024-04-21 00:16:33 UTC","iNaturalist","CC-BY-NC","https://www.inaturalist.org/observations/203469650","","Punta Arenas, Magallanes and Chilean Antarctica, Chile",-53.690167,-70.971191,NA,"Patagonotothen cornucola","Nototenia",108966,"HumanObservation"
203469519,"2024-03-20 11:17:26",2024-03-20,641347,"Bradley Rasmussen","2024-03-22 14:05:44 UTC","2024-04-21 00:14:32 UTC","iNaturalist","CC-BY-NC","https://www.inaturalist.org/observations/203469519","","Magallanes, CL-MA, CL",-53.6901659722,-70.971202,NA,"Patagonotothen cornucola","Nototenia",108966,"HumanObservation"
203388733,"2024-03-20 11:14:43",2024-03-20,641347,"Bradley Rasmussen","2024-03-21 19:58:16 UTC","2024-04-21 00:15:46 UTC","iNaturalist","CC-BY-NC","https://www.inaturalist.org/observations/203388733","","Punta Arenas, Magallanes and Chilean Antarctica, Chile",-53.6778169722,-70.973714,NA,"Patagonotothen cornucola","Nototenia",108966,"HumanObservation"
203388392,"2024-03-21 15:11:11",2024-03-21,641347,"Bradley Rasmussen","2024-03-21 19:54:10 UTC","2025-08-05 06:16:43 UTC","iNaturalist","CC-BY-NC","https://www.inaturalist.org/observations/203388392","","Punta Arenas, Magallanes and Chilean Antarctica, Chile",-53.108592,-70.8807589722,NA,"Galaxias maculatus","Common Galaxias",321994,"HumanObservation"
203295584,"2024-03-20 19:13:56",2024-03-20,641347,"Bradley Rasmussen","2024-03-21 00:03:12 UTC","2025-10-03 11:19:02 UTC","iNaturalist","CC-BY-NC","https://www.inaturalist.org/observations/203295584","Maybe?","Punta Arenas, Magallanes and Chilean Antarctica, Chile",-52.9190309722,-70.897164,NA,"Odontesthes","",90404,"HumanObservation"
314627257,"2025-08-13 15:06:05",2025-08-13,4379140,"Federico Ibarreta","2025-09-17 18:26:29 UTC","2025-11-26 20:19:05 UTC","iNaturalist","","https://www.inaturalist.org/observations/314627257","","Torres de Paine, Magallanes y la Antártica Chilena, Chile",-51.0415149016,-73.1809652969,8758,"Salmoninae","Salmons and Trouts",342904,"HumanObservation"
307180706,"2022/04/14 11:33 AM",2022-04-14,2226520,"Darío De la Fuente","2025-08-18 02:04:41 UTC","2025-08-18 05:36:08 UTC","iNaturalist","CC-BY","https://www.inaturalist.org/observations/307180706","","Última Esperanza, Magallanes y la Antártica Chilena, Chile",-51.1210514511,-73.1180859607,61,"Oncorhynchus tshawytscha","Chinook Salmon",54191,"HumanObservation"
307180705,"2022/04/14 10:39 AM",2022-04-14,2226520,"Darío De la Fuente","2025-08-18 02:04:40 UTC","2025-08-18 05:36:19 UTC","iNaturalist","CC-BY","https://www.inaturalist.org/observations/307180705","","Última Esperanza, Magallanes y la Antártica Chilena, Chile",-51.1218539722,-73.116819,NA,"Oncorhynchus tshawytscha","Chinook Salmon",54191,"HumanObservation"
301851678,"2007/02/04 00:15",2007-02-04,1188166,"","2025-07-28 15:46:17 UTC","2025-07-31 05:48:45 UTC","iNaturalist","","https://www.inaturalist.org/observations/301851678","","Última Esperanza, Magallanes and Chilean Antarctica, Chile",-50.0613789743,-74.5948103813,977,"Coelorinchus fasciatus","Banded Whiptail",320531,"HumanObservation"
301848821,"2007/02/04 00:16",2007-02-04,1188166,"","2025-07-28 15:34:51 UTC","2025-08-25 13:12:36 UTC","iNaturalist","","https://www.inaturalist.org/observations/301848821","","Última Esperanza, Magallanes and Chilean Antarctica, Chile",-50.0998646679,-74.6504124744,3906,"Cataetyx messieri","",347137,"HumanObservation"
295256532,"2024-11-13 14:12:08",2024-11-13,9494711,"Devi","2025-07-05 00:03:06 UTC","2025-07-11 22:46:38 UTC","iNaturalist","CC-BY-NC","https://www.inaturalist.org/observations/295256532","mandibula en el costado del rio serrano - a jaw that i found on the coast of serrano river","Torres de Paine, Magallanes y la Antártica Chilena, Chile",-51.2902727006,-73.1113448739,16857,"Salmoninae","Salmons and Trouts",342904,"HumanObservation"
265428927,"2025-03-14 17:50:17-03:00",2025-03-14,2645618,"Luke Padon","2025-03-15 17:30:46 UTC","2025-03-15 20:00:00 UTC","iNaturalist","CC-BY","https://www.inaturalist.org/observations/265428927","","Torres del Paine, Torres del Paine, Magallanes and Antartica Chilena Region, CL",-51.26713,-72.8465416667,3,"Salmo trutta","Brown Trout",47518,"HumanObservation"
265294951,"2025-03-13 18:25:10-03:00",2025-03-13,2645618,"Luke Padon","2025-03-14 16:43:06 UTC","2025-03-15 14:16:17 UTC","iNaturalist","CC-BY","https://www.inaturalist.org/observations/265294951","","Última Esperanza, CL-MA, CL",-51.2847416667,-72.8376083333,4,"Salmo trutta","Brown Trout",47518,"HumanObservation"
265266579,"2025-03-12 18:51:46-03:00",2025-03-12,2645618,"Luke Padon","2025-03-14 11:06:39 UTC","2025-03-15 15:09:58 UTC","iNaturalist","CC-BY","https://www.inaturalist.org/observations/265266579","","Última Esperanza, CL-MA, CL",-51.2827916667,-72.8402466667,14,"Salmo trutta","Brown Trout",47518,"HumanObservation"
254728025,"2024/04/17 5:49 PM",2024-04-17,6907523,"Roderich Barria Quintana","2024-12-10 16:12:39 UTC","2024-12-18 14:53:54 UTC","iNaturalist","CC-BY-NC","https://www.inaturalist.org/observations/254728025","","Última Esperanza, CL-MA, CL",-51.816758932,-72.1614906985,61,"Salmo trutta","Brown Trout",47518,"HumanObservation"
249574899,"2024/10/24 10:04 AM",2024-10-24,2038933,"Gail Ashton PhD","2024-10-29 01:16:52 UTC","2024-10-29 04:15:37 UTC","iNaturalist","CC-BY-NC","https://www.inaturalist.org/observations/249574899","ROV dive to 220ft","Última Esperanza, Magallanes and Chilean Antarctica, Chile",-51.8700025062,-73.2990143069,468,"Notothenioidei","Icefishes and allies",1303563,"HumanObservation"
249574896,"2024/10/24 10:04 AM",2024-10-24,2038933,"Gail Ashton PhD","2024-10-29 01:16:51 UTC","2024-10-29 01:37:57 UTC","iNaturalist","CC-BY-NC","https://www.inaturalist.org/observations/249574896","ROV dive to 220ft","Última Esperanza, Magallanes and Chilean Antarctica, Chile",-51.8700025062,-73.2990143069,468,"Perciformes","Perches, Scorpionfishes, Sticklebacks, and Allies",47233,"HumanObservation"
248805572,"2024-10-23 09:26:33-03:00",2024-10-23,2223040,"Timothy Kouloumpas","2024-10-23 21:48:35 UTC","2025-04-07 06:49:30 UTC","iNaturalist","","https://www.inaturalist.org/observations/248805572","","Parque Nacional Torres del Paine, Torres del Paine, Magallanes and Antartica Chilena Region, CL",-51.1790383333,-72.9569633333,9,"Salmo trutta","Brown Trout",47518,"HumanObservation"
248802067,"2024-10-23 09:48:02-03:00",2024-10-23,2223040,"Timothy Kouloumpas","2024-10-23 21:21:01 UTC","2025-05-31 02:16:35 UTC","iNaturalist","","https://www.inaturalist.org/observations/248802067","","Parque Nacional Torres del Paine, Torres del Paine, Magallanes and Antartica Chilena Region, CL",-51.1611028333,-72.9624716667,3,"Salmoninae","Salmons and Trouts",342904,"HumanObservation"
236789178,"2024-08-19 15:29:15-03:00",2024-08-19,3075903,"Hugo van Vliet","2024-08-19 20:50:43 UTC","2024-08-19 20:51:04 UTC","iNaturalist","CC-BY-NC","https://www.inaturalist.org/observations/236789178","","Angamos, Natales, Magallanes and Antartica Chilena Region, CL",-51.72478,-72.5010533333,4,"Odontesthes","",90404,"HumanObservation"
205658614,"2024-03-26 15:42:35-03:00",2024-03-26,2690892,"","2024-04-06 13:14:57 UTC","2025-03-03 17:58:31 UTC","iNaturalist","CC-BY-NC","https://www.inaturalist.org/observations/205658614","","Torres del Paine, CL-AI-CP, CL-MA, CL",-51.1170528333,-73.1228028333,6,"Sciaenidae","Drums",49172,"HumanObservation"
201677835,"2017-08-29",2017-08-29,3996971,"Karelian","2024-03-08 14:27:16 UTC","2024-12-25 20:02:38 UTC","iNaturalist","","https://www.inaturalist.org/observations/201677835","","Puerto Natales, Natales, Magallanes y la Antártica Chilena, Chile",-51.7324628396,-72.5134308636,99,"Patagonotothen tessellata","Black Southern Cod",618325,"HumanObservation"
189659925,"2019-01-05 15:09:10-05:00",2019-01-05,5941924,"","2023-11-01 13:11:58 UTC","2023-11-02 16:37:50 UTC","iNaturalist","","https://www.inaturalist.org/observations/189659925","","Cerro Castillo, Torres del Paine, Magallanes and Antartica Chilena Region, CL",-50.95118,-72.3858716667,35,"Salmo trutta","Brown Trout",47518,"HumanObservation"
159996669,"2023/03/29 2:52 PM",2023-03-29,2216853,"Leonardo Mondaca Lara","2023-05-06 02:35:46 UTC","2025-04-29 03:20:48 UTC","iNaturalist","CC-BY","https://www.inaturalist.org/observations/159996669","Entre las redes de centros de cultivo de salmónidos. Ejemplares ubicados entre 15-30 m de profundidad, fotografiados y devueltos al mar.
De unos 14 cm de largo (estimación visual aproximada).","Golfo Almirante Montt, Región de Magallanes y de la Antártica Chilena, Chile.",-51.7615758799,-72.8910954993,31,"Actinopterygii","Ray-finned Fishes",47178,"HumanObservation"
159996662,"2023/03/28 12:30 PM",2023-03-28,2216853,"Leonardo Mondaca Lara","2023-05-06 02:35:45 UTC","2025-04-29 03:20:41 UTC","iNaturalist","CC-BY","https://www.inaturalist.org/observations/159996662","Entre las redes de centros de cultivo de salmónidos. Ejemplares ubicados entre 15-30 m de profundidad, fotografiados y devueltos al mar.","Golfo Almirante Montt, Región de Magallanes y de la Antártica Chilena, Chile.",-51.7615758799,-72.8910954993,31,"Leptonotus blainvilleanus","Deep-bodied Pipefish",621457,"HumanObservation"
159996661,"2023/03/28 12:26 PM",2023-03-28,2216853,"Leonardo Mondaca Lara","2023-05-06 02:35:44 UTC","2025-04-29 03:20:41 UTC","iNaturalist","CC-BY","https://www.inaturalist.org/observations/159996661","Entre las redes de centros de cultivo de salmónidos. Ejemplares ubicados entre 15-30 m de profundidad, fotografiados y devueltos al mar.
De unos 12 cm de largo (estimación visual aproximada).","Golfo Almirante Montt, Región de Magallanes y de la Antártica Chilena, Chile.",-51.7615758799,-72.8910954993,31,"Actinopterygii","Ray-finned Fishes",47178,"HumanObservation"
146368192,"2023/01/04 6:58 PM",2023-01-04,1871455,"","2023-01-12 00:01:21 UTC","2023-01-12 00:01:21 UTC","iNaturalist","CC-BY-NC","https://www.inaturalist.org/observations/146368192","","Última Esperanza, Magallanes and Chilean Antarctica, Chile",-50.9106200202,-73.0263397728,19380,"Galaxias maculatus","Common Galaxias",321994,"HumanObservation"
132080309,"2019-02-04 12:42:27-05:00",2019-02-04,6058692,"","2022-08-24 00:19:04 UTC","2024-01-16 18:25:57 UTC","iNaturalist","CC-BY-NC","https://www.inaturalist.org/observations/132080309","","Lago del Toro, Torres del Paine, Magallanes and Antartica Chilena, CL",-51.279595,-72.8369916667,5,"Salmo trutta","Brown Trout",47518,"HumanObservation"
129099960,"2022/02/20 11:40 AM",2022-02-20,1185504,"Mason Maron","2022-08-02 05:18:49 UTC","2025-01-31 05:02:55 UTC","iNaturalist","","https://www.inaturalist.org/observations/129099960","","Puerto Natales, Natales, Magallanes and Chilean Antarctica, Chile",-51.7306136954,-72.5144961597,1264,"Actinopterygii","Ray-finned Fishes",47178,"HumanObservation"
129098984,"2022/02/15 7:11 AM",2022-02-15,1185504,"Mason Maron","2022-08-02 05:03:46 UTC","2022-08-07 13:08:18 UTC","iNaturalist","","https://www.inaturalist.org/observations/129098984","","Última Esperanza, Magallanes and Chilean Antarctica, Chile",-51.530768,-72.594588,NA,"Galaxias maculatus","Common Galaxias",321994,"HumanObservation"
110969599,"2022/04/08 9:26 AM PDT",2022-04-08,1185504,"Mason Maron","2022-04-10 15:27:45 UTC","2024-03-25 15:15:17 UTC","iNaturalist","","https://www.inaturalist.org/observations/110969599","","Puerto Natales, Natales, Magallanes and Chilean Antarctica, Chile",-51.7217549715,-72.5091172629,167,"Galaxias maculatus","Common Galaxias",321994,"HumanObservation"
105769910,"Wed Jan 26 2022 15:03:16 GMT-0300 (GMT-3)",2022-01-26,708557,"Erika Mutschke","2022-01-29 14:01:02 UTC","2025-01-16 13:14:08 UTC","iNaturalist","","https://www.inaturalist.org/observations/105769910","","Última Esperanza, CL-MA, CL",-50.4123852506,-75.3788882711,4,"Actinopterygii","Ray-finned Fishes",47178,"HumanObservation"
105525138,"Mon Jan 24 2022 19:33:08 GMT-0300 (GMT-3)",2022-01-24,708557,"Erika Mutschke","2022-01-24 23:22:14 UTC","2023-05-11 18:44:08 UTC","iNaturalist","","https://www.inaturalist.org/observations/105525138","","Isla Guarello, Natales, Magallanes y de la Antártica Chilena, CL",-50.3680428143,-75.3371905394,9,"Leptonotus blainvilleanus","Deep-bodied Pipefish",621457,"HumanObservation"
86659767,"2016/04/14 11:51 AM UTC",2016-04-14,1684167,"Nicolás Arcos","2021-07-12 01:23:24 UTC","2024-06-04 16:16:13 UTC","iNaturalist","CC-BY-NC","https://www.inaturalist.org/observations/86659767","","Ultima Esperanza, Magallanes y la Antártica Chilena, Chile",-51.1679506478,-72.8234161732,32660,"Salmonidae","Salmons, Trouts, and Whitefishes",47520,"HumanObservation"
49496863,"2016/11/17 9:34 AM HST",2016-11-17,572477,"Virginia","2020-06-13 21:18:25 UTC","2021-03-31 01:19:47 UTC","iNaturalist","","https://www.inaturalist.org/observations/49496863","","Magallanes Province, Magallanes and Chilean Antarctica, Chile",-52.0881402029,-70.7665580375,62500,"Eleginops maclovinus","Patagonian Blenny",541858,"HumanObservation"
47056351,"Sun Nov 17 2019 13:13:33 GMT-0300 (GMT-3)",2019-11-17,3046858,"Simón Stipetić","2020-05-24 01:35:57 UTC","2023-10-18 17:43:57 UTC","iNaturalist","","https://www.inaturalist.org/observations/47056351","","Güer Aike, Güer Aike, Santa Cruz, AR",-51.9858232598,-71.411314582,10381,"Salmo trutta","Brown Trout",47518,"HumanObservation"
39385111,"2000/03/13 5:34 AM PST",2000-03-13,1831095,"Douglas J. Long","2020-03-01 03:10:08 UTC","2025-07-07 08:07:48 UTC","iNaturalist","CC-BY-NC","https://www.inaturalist.org/observations/39385111","","Eyre Fjord, Natales, Magallanes and Chilean Antarctica, Chile",-49.2394879713,-73.9895554623,61,"Macruronus novaezelandiae","Blue Grenadier",338921,"HumanObservation"
31287922,"2019/01/10 4:57 PM EST",2019-01-10,2158335,"","2019-08-22 13:44:40 UTC","2023-08-15 03:25:08 UTC","iNaturalist","CC-BY-NC","https://www.inaturalist.org/observations/31287922","caught on fly in Rio Gallegos river, Tierra Del Fuego","Güer Aike Department, Santa Cruz Province, Argentina",-51.80705,-70.3775722222,4,"Salmo trutta","Brown Trout",47518,"HumanObservation"
2824486,"Fri Mar 11 2016 04:18:01 GMT-0800 (PST)",2016-03-11,3494,"Damon Tighe","2016-03-24 13:58:57 UTC","2025-09-13 15:39:29 UTC","iNaturalist","CC-BY-NC","http://www.inaturalist.org/observations/2824486","","Calle Pedro Montt, Puerto Natales, Magallanes and Antartica Chilena, CL",-51.72145,-72.5083083333,NA,"Genypterus chilensis","Red Cusk-eel",618673,"HumanObservation"
173459,"2010-01-14",2010-01-14,8074,"McCain McMurray","2013-01-06 07:47:57 UTC","2020-12-09 05:23:57 UTC","iNaturalist","CC-BY","http://www.inaturalist.org/observations/173459","Unsure of specific location and date","Argentina",-50.736455137,-74.531254,NA,"Salmo trutta","Brown Trout",47518,"HumanObservation"
328218958,"2025-11-11T16:28",2025-11-11,9816612,"Nico Hochanadel","2025-11-25 17:18:50 UTC","2025-11-25 21:36:03 UTC","iNaturalist","CC-BY-NC","https://www.inaturalist.org/observations/328218958","Brown trout 25 cm in length caught in Lago Jeinemeni. Healthy red dots running down the lateral line. Caught at mouth of little stream in heavy flow with high levels of sediment deposition into the lake. Winds ~15 km/hr, air temperature ~12°C","Chile Chico, Aysén Region, CL",-46.8419762262,-72.0140127128,26,"Salmo trutta","Brown Trout",47518,"HumanObservation"
327946722,"2025-11-10 21:02:45",2025-11-10,9821556,"","2025-11-23 22:56:21 UTC","2025-11-25 21:58:23 UTC","iNaturalist","CC-BY-NC","https://www.inaturalist.org/observations/327946722","Caught from Lago Jeinimeni in Jeinimeni Sector of Patagonia National Park. Fished at the mouth of an intermittent stream on the north side of the lake.  Partly cloudy with lmoderate wind (15 kph). Did not keep this fish, but other brown trout caught had full stomachs from a recent bug hatch; midges, beetles, and freshwater shrimp. Caught brown trout ranged in size from 18-45cm. ","Chile Chico, Aysén Region, CL",-46.83995,-72.0130527833,17,"Salmo trutta","Brown Trout",47518,"HumanObservation"
327162358,"2025-11-07 18:21:32",2025-11-07,9821536,"Margaret Lowell","2025-11-18 21:22:24 UTC","2025-11-19 15:20:04 UTC","iNaturalist","CC-BY-NC","https://www.inaturalist.org/observations/327162358","Caught from the start of the Jeinimeni river. Many were seen. Few were caught. Feeding frequently in the morning and evening when bugs were more common.","Chile Chico, Aysén, Chile",-46.8383944444,-72.01145,NA,"Salmo trutta","Brown Trout",47518,"HumanObservation"
324861786,"2025-11-02 07:16:28",2025-11-02,9821556,"","2025-11-04 12:46:43 UTC","2025-11-04 20:25:46 UTC","iNaturalist","CC-BY-NC","https://www.inaturalist.org/observations/324861786","A mature female and male rainbow trout caught with a handline and worms from a backwater pond of the Rio Tranquilo. During the morning (06:30-08:30), many trout were seen cruising the edges of the pond, which dropped of abruptly (~2m) from the edge of an adjacent peat moss bog. The water was extremely clear, with patches of several kinds of submerged aquatic vegetation visible. Aquatic rushes were present on the north and west sides of the pond. ","Cochrane, Aysén Region, CL",-47.3886133333,-72.5922083333,3,"Oncorhynchus mykiss","Rainbow Trout",47516,"HumanObservation"
309977800,"2015/12/26 11:53 AM",2015-12-26,9625072,"Agus","2025-08-29 14:55:08 UTC","2025-08-29 15:41:31 UTC","iNaturalist","CC-BY-NC","https://www.inaturalist.org/observations/309977800","","Lago Buenos Aires, Santa Cruz, Argentina",-46.5460587627,-71.6061890589,488,"Oncorhynchus mykiss","Rainbow Trout",47516,"HumanObservation"
309977329,"2016/02/11 11:49 AM",2016-02-11,9625072,"Agus","2025-08-29 14:52:57 UTC","2025-08-29 21:49:55 UTC","iNaturalist","CC-BY-NC","https://www.inaturalist.org/observations/309977329","","Lago Buenos Aires, Santa Cruz, Argentina",-46.5486024481,-71.6058693086,977,"Oncorhynchus mykiss","Rainbow Trout",47516,"HumanObservation"
306552811,"2024/10/05 1:26 PM",2024-10-05,9476244,"Daniel Martínez-Piña","2025-08-15 19:01:12 UTC","2025-10-27 14:36:43 UTC","iNaturalist","CC-BY-NC","https://www.inaturalist.org/observations/306552811","","Puerto Cisnes, Cisnes, Aysén, Chile",-44.7300119328,-72.6829547116,15,"Galaxias maculatus","Common Galaxias",321994,"HumanObservation"
299057748,"2025-07-16 12:07:49",2025-07-16,789765,"Jorge Alejandro Molina Vidal","2025-07-19 00:02:11 UTC","2025-07-22 13:42:18 UTC","iNaturalist","","https://www.inaturalist.org/observations/299057748","","Capitán Prat, CL-AI, CL",-47.2248793317,-72.4980450422,91,"Salmo trutta","Brown Trout",47518,"HumanObservation"
297101428,"2025-04-05 16:34:49",2025-04-05,742302,"","2025-07-11 19:53:59 UTC","2025-07-11 23:39:31 UTC","iNaturalist","CC-BY-NC","https://www.inaturalist.org/observations/297101428","","Chile",-45.7479845622,-74.5694399625,1680,"Trachurus murphyi","Chilean jack mackerel",114273,"HumanObservation"
272282363,"2022/01/25 12:58 PM",2022-01-25,8924084,"Javier Cruz Ormeño","2025-04-22 20:18:46 UTC","2025-05-04 03:03:32 UTC","iNaturalist","CC-BY-NC","https://www.inaturalist.org/observations/272282363","","Coihaique, Aysén, Chile",-45.5061685247,-72.0140332629,7813,"Salmo trutta","Brown Trout",47518,"HumanObservation"
272282362,"2022/01/25 12:58 PM",2022-01-25,8924084,"Javier Cruz Ormeño","2025-04-22 20:18:46 UTC","2025-05-04 03:03:32 UTC","iNaturalist","CC-BY-NC","https://www.inaturalist.org/observations/272282362","","Coihaique, Aysén, Chile",-45.516216654,-72.0229480293,1953,"Salmo trutta","Brown Trout",47518,"HumanObservation"
270036518,"2025-04-10 15:32:57",2025-04-10,8963645,"","2025-04-12 19:31:57 UTC","2025-04-24 17:34:48 UTC","iNaturalist","CC-BY-NC","https://www.inaturalist.org/observations/270036518","Fish skeleton on shoreline near Jorge Montt glacier,Aysen. No way to ID what species or even genus, but I wonder what ate it. Maybe a seabird or raptor, but also maybe a predatoey fish and it washed up. ","Tortel, Aysén, Chile",-48.2210527778,-73.4713444444,NA,"Actinopterygii","Ray-finned Fishes",47178,"HumanObservation"
269186954,"2024-11-23 09:31:00-03:00",2024-11-23,9055651,"","2025-04-07 21:19:19 UTC","2025-04-10 00:10:24 UTC","iNaturalist","CC-BY-NC","https://www.inaturalist.org/observations/269186954","","Río Claro, Coyhaique, Región de Aysén del General Carlos Ibáñez del Campo, CL",-45.6433572081,-72.1478386722,397,"Oncorhynchus mykiss","Rainbow Trout",47516,"HumanObservation"
267992197,"2024-08-15 21:40:00-04:00",2024-08-15,9051709,"","2025-04-01 00:41:33 UTC","2025-04-02 21:47:41 UTC","iNaturalist","CC-BY-NC","https://www.inaturalist.org/observations/267992197","","Río reserva nacional Río Simpson, Aysén, Región de Aysén del General Carlos Ibáñez del Campo, CL",-45.4780728014,-72.1541099729,120062,"Salmo trutta","Brown Trout",47518,"HumanObservation"
267822083,"2025-03-28 12:19:03",2025-03-28,9075215,"","2025-03-31 00:51:16 UTC","2025-03-31 12:27:17 UTC","iNaturalist","CC-BY-NC","https://www.inaturalist.org/observations/267822083","","Chile",-44.8618167086,-74.1371516883,9,"Centrolophidae","Medusafishes",51416,"HumanObservation"
267822066,"2025-03-28 12:19:04",2025-03-28,9075215,"","2025-03-31 00:51:09 UTC","2025-03-31 12:27:03 UTC","iNaturalist","CC-BY-NC","https://www.inaturalist.org/observations/267822066","","Chile",-44.8616073411,-74.1376177222,85,"Centrolophidae","Medusafishes",51416,"HumanObservation"
264693390,"2025-03-09 15:12:38-03:00",2025-03-09,151757,"Jeffrey H. Skevington","2025-03-09 18:23:02 UTC","2025-04-12 00:06:01 UTC","iNaturalist","CC-BY-NC","https://www.inaturalist.org/observations/264693390","","Puerto Chacabuco, Aysén, Aysén Region, CL",-45.462375,-72.8241416667,4,"Merluccius australis","Southern Hake",82350,"HumanObservation"
263667538,"2025-02-24 17:13:02-03:00",2025-02-24,3380317,"Daniel Torres","2025-03-02 20:05:01 UTC","2025-07-07 08:27:16 UTC","iNaturalist","","https://www.inaturalist.org/observations/263667538","","Parque Nacional Laguna San Rafael, Aysén, Región de Aysén del General Carlos Ibáñez del Campo, CL",-46.6723209401,-73.8557587298,11923,"Salilota australis","Tadpole codling",617503,"HumanObservation"
263667457,"2025-02-25 13:37:25-03:00",2025-02-25,3380317,"Daniel Torres","2025-03-02 20:04:16 UTC","2025-04-11 03:34:33 UTC","iNaturalist","","https://www.inaturalist.org/observations/263667457","","Glaciar San Rafael, Aysén, Región de Aysén del General Carlos Ibáñez del Campo, CL",-46.6849172612,-73.8388060663,1025,"Merluccius australis","Southern Hake",82350,"HumanObservation"
261902731,"2020-01-13 21:15:18",2020-01-13,7448644,"Manuel Alejandro Henríquez","2025-02-16 23:03:57 UTC","2025-02-17 03:25:16 UTC","iNaturalist","CC-BY-NC","https://www.inaturalist.org/observations/261902731","","km 2 camino a puerto aysen km 2, Coyhaique, Aysén, Chile",-45.5478447407,-72.0661148429,360,"Salmo trutta","Brown Trout",47518,"HumanObservation"
259158607,"2025-01-21 11:09:41",2025-01-21,6323443,"Daniel Patricio Carrizo Águila","2025-01-21 14:25:19 UTC","2025-01-21 14:25:19 UTC","iNaturalist","","https://www.inaturalist.org/observations/259158607","","Chile",-44.9395669,-73.1547357,12,"Sardina","",91865,"HumanObservation"
259158604,"2025-01-21 11:08:13",2025-01-21,6323443,"Daniel Patricio Carrizo Águila","2025-01-21 14:25:17 UTC","2025-01-21 14:25:17 UTC","iNaturalist","","https://www.inaturalist.org/observations/259158604","","Chile",-44.9395663,-73.1547374,12,"Atherinops","",86718,"HumanObservation"
259158600,"2025-01-21 11:06:32",2025-01-21,6323443,"Daniel Patricio Carrizo Águila","2025-01-21 14:25:14 UTC","2025-01-21 14:25:14 UTC","iNaturalist","","https://www.inaturalist.org/observations/259158600","","Chile",-44.9395681,-73.1547353,11,"Salmo salar","Atlantic Salmon",48648,"HumanObservation"
258665355,"2025-01-16 14:16:40",2025-01-16,3492576,"","2025-01-16 17:23:26 UTC","2025-11-26 18:17:18 UTC","iNaturalist","CC-BY-NC","https://www.inaturalist.org/observations/258665355","","Aysén, Chile",-46.6854802652,-73.8452032954,521,"Salilota australis","Tadpole codling",617503,"HumanObservation"
255593810,"2023/12/23 6:23 PM",2023-12-23,1757020,"Mariano Rodriguez","2024-12-19 15:42:38 UTC","2025-11-15 03:27:45 UTC","iNaturalist","","https://www.inaturalist.org/observations/255593810","","Lago Pueyrredon - Refugio Lago Pueyrredon",-47.4307456094,-71.9189054115,4,"Galaxias platei","Plate's Galaxias",614165,"HumanObservation"
253349453,"2024-10-06",2024-10-06,8440186,"Cristina Orena","2024-11-28 00:59:41 UTC","2025-08-05 06:16:20 UTC","iNaturalist","CC-BY-NC","https://www.inaturalist.org/observations/253349453","Observaciones: Se puede observar que, en comparación con la moneda, que mide 2.4 cm, el organismo mide 6.3 cm de altura aproximadamente. Presenta un cuerpo alargado con un color amarillo/café, con textura lisa y blanda. En la parte inferior tiene colores plateados, grisáceos y negros. También se observa un opérculo con color rojizo alrededor, aleta pectoral, ojo, una aleta caudal alargada y poco desarrollada. Presenta líneas negras en la parte lateral del organismo y puntos negros, simulando una línea en la parte superior. Este organismo es encontrado en la costa de Bahía acantilado.","Aysén, Chile",-45.3938249294,-72.7975478768,111,"Galaxias maculatus","Common Galaxias",321994,"HumanObservation"
246092519,"2019/04/18 12:01 PM",2019-04-18,4451562,"Omar Bravo Rodríguez","2024-10-07 03:30:25 UTC","2025-06-02 19:50:53 UTC","iNaturalist","","https://www.inaturalist.org/observations/246092519","","Coihaique, Aysén, Chile",-44.9990587935,-72.203632704,8,"Oncorhynchus kisutch","Coho Salmon",53692,"HumanObservation"
245874050,"2024/10/05 4:23 PM",2024-10-05,2435441,"Ernesto Octavio Guzman Tapia","2024-10-06 02:58:58 UTC","2024-10-07 14:02:28 UTC","iNaturalist","CC-BY-NC","https://www.inaturalist.org/observations/245874050","","Aysen, Aysén, Chile",-45.3855065186,-72.7962336359,15,"Galaxias maculatus","Common Galaxias",321994,"HumanObservation"
241324002,"2024/08/21 2:19 PM",2024-08-21,705586,"Heather Hawk","2024-09-12 18:20:22 UTC","2024-09-12 18:20:22 UTC","iNaturalist","CC-BY-NC","https://www.inaturalist.org/observations/241324002","","Capitán Prat Province, Aysén, Chile",-47.6635903376,-74.4254745739,21975,"Patagonotothen","",90874,"HumanObservation"
240686690,"2024-09-08 17:25:56",2024-09-08,789765,"Jorge Alejandro Molina Vidal","2024-09-09 02:29:06 UTC","2025-07-29 06:38:01 UTC","iNaturalist","","https://www.inaturalist.org/observations/240686690","","Cochrane, Aysén, Chile",-47.2786059858,-72.6946781203,503,"Percichthys trucha","Creole Perch",423999,"HumanObservation"
238463068,"2024-08-24 14:39:00-04:00",2024-08-24,8480891,"","2024-08-28 18:41:55 UTC","2025-08-05 06:16:22 UTC","iNaturalist","CC-BY-NC","https://www.inaturalist.org/observations/238463068","Fotos de Matías Hune ","Lago Cochrane, Cochrane, Región de Aysén del General Carlos Ibáñez del Campo, CL",-47.47322705,-72.44377305,28198,"Galaxias platei","Plate's Galaxias",614165,"HumanObservation"
237772912,"2024-08-24 16:10:25",2024-08-24,789765,"Jorge Alejandro Molina Vidal","2024-08-25 01:55:19 UTC","2024-08-25 01:55:26 UTC","iNaturalist","","https://www.inaturalist.org/observations/237772912","","Capitán Prat, CL-AI, CL",-47.2045542376,-72.4404610321,2072,"Galaxias platei","Plate's Galaxias",614165,"HumanObservation"
224304897,"2024-06-20 15:24:00-04:00",2024-06-20,7493734,"André Terwei","2024-06-22 01:49:03 UTC","2024-06-24 23:53:45 UTC","iNaturalist","CC-BY-NC","https://www.inaturalist.org/observations/224304897","","Sendero 2: Los Carpinteros, Cochrane, Région del Aisén, CL",-47.2229450994,-72.4964164523,22,"Salmo trutta","Brown Trout",47518,"HumanObservation"
213697796,"2024/02/29 5:13 PM",2024-02-29,2435441,"Ernesto Octavio Guzman Tapia","2024-05-05 14:42:13 UTC","2024-05-15 06:28:40 UTC","iNaturalist","CC-BY-NC","https://www.inaturalist.org/observations/213697796","","Aysen, Aysén, Chile",-45.4561208234,-72.4526246732,15,"Salmo trutta","Brown Trout",47518,"HumanObservation"
208997710,"2022-12-06 13:06:00-03:00",2022-12-06,7946587,"Ignacio Eyzaguirre","2024-04-24 00:17:16 UTC","2024-04-24 17:58:39 UTC","iNaturalist","","https://www.inaturalist.org/observations/208997710","","Lago Ardillas, Río Ibáñez, Región de Aysén del General Carlos Ibáñez del Campo, CL",-46.1620334079,-72.2053747533,203,"Oncorhynchus mykiss","Rainbow Trout",47516,"HumanObservation"
328435552,"2025-10-31 16:21:16",2025-10-31,9646680,"Noah barria","2025-11-27 03:04:04 UTC","2025-11-27 13:35:21 UTC","iNaturalist","CC-BY-NC","https://www.inaturalist.org/observations/328435552","Se observa un pez de simetría bilateral con aproximadamente 6-7 cm de largo, se observan sus dos aletas pectorales, con una aleta dorsal cercana a su aleta caudal, estas son de color amarillento, mientras que su cuerpo es de color marrón con su cabeza de color más rojizo, presenta manchas distribuidas aleatoriamente en su cabeza y cuerpo, aunque en su dorso se presentan además manchones de mayor tamaño ubicadas de forma lineal y uniforme. Este individuo se encontraba en un poza bajo una roca que se encontraba en el intermareal medio-bajo con sustrato arenoso mezclado con una gran variedad de conchas y rocas pequeñas (la roca fue devuelta a su posición original).","Campo en venta - 532R+VF, Ancud, Los Lagos, Chile",-41.8468746412,-73.9066449925,117,"Ophiogobius jenynsi","",614739,"HumanObservation"
327989537,"2025-11-22 16:34:56-03:00",2025-11-22,9116870,"","2025-11-24 02:33:57 UTC","2025-11-25 21:56:06 UTC","iNaturalist","CC-BY-NC","https://www.inaturalist.org/observations/327989537","","Puerto Cisnes, Cisnes, Región de Aysén del General Carlos Ibáñez del Campo, CL",-44.634836951,-72.6771416932,1325,"Oncorhynchus mykiss","Rainbow Trout",47516,"HumanObservation"
327989336,"2025-11-22 17:05:58-03:00",2025-11-22,9116870,"","2025-11-24 02:32:55 UTC","2025-11-25 21:56:09 UTC","iNaturalist","CC-BY-NC","https://www.inaturalist.org/observations/327989336","","Puerto Cisnes, Cisnes, Región de Aysén del General Carlos Ibáñez del Campo, CL",-44.6332061277,-72.6793825063,1325,"Salmo trutta","Brown Trout",47518,"HumanObservation"
326471787,"2025-11-14 10:44:42",2025-11-14,5493921,"Rocío Elisa","2025-11-14 14:33:18 UTC","2025-11-19 18:07:09 UTC","iNaturalist","CC-BY-NC","https://www.inaturalist.org/observations/326471787","","FM7W+47, 5560000 Cochamo, Los Lagos, Chile",-41.5373901279,-72.3043633997,5,"Eleginops maclovinus","Patagonian Blenny",541858,"HumanObservation"
323475650,"2025/04/18 15:00 PM",2025-04-18,5893060,"Daniel Fernando Vidal","2025-10-27 15:52:59 UTC","2025-11-08 12:46:22 UTC","iNaturalist","CC-BY-NC","https://www.inaturalist.org/observations/323475650","","Futaleufú, Chubut, Argentina",-42.8830845952,-71.6054141461,244,"Oncorhynchus mykiss","Rainbow Trout",47516,"HumanObservation"
323035241,"2025-04-20 16:27:00-03:00",2025-04-20,5893060,"Daniel Fernando Vidal","2025-10-25 19:28:09 UTC","2025-11-08 12:46:29 UTC","iNaturalist","CC-BY-NC","https://www.inaturalist.org/observations/323035241","","Lago Futalaufquen, Chubut, AR",-42.8839411748,-71.6044733284,225,"Oncorhynchus mykiss","Rainbow Trout",47516,"HumanObservation"
323034986,"2025-04-20 14:57:00-03:00",2025-04-20,5893060,"Daniel Fernando Vidal","2025-10-25 19:26:51 UTC","2025-11-08 12:46:33 UTC","iNaturalist","CC-BY-NC","https://www.inaturalist.org/observations/323034986","","Lago Futalaufquen, Chubut, AR",-42.8838248431,-71.6025154375,69,"Salmo trutta","Brown Trout",47518,"HumanObservation"
322845012,"2025/10/23 10:36 AM",2025-10-23,50445,"Nicolas Olejnik","2025-10-24 22:05:40 UTC","2025-10-27 06:49:40 UTC","iNaturalist","CC-BY","https://www.inaturalist.org/observations/322845012","","Futaleufú Department, Chubut Province, Argentina",-42.7263058217,-71.7416448265,31,"Salmo trutta","Brown Trout",47518,"HumanObservation"
322136349,"2025-10-18 17:04:58",2025-10-18,9118863,"","2025-10-20 22:56:41 UTC","2025-10-21 05:14:00 UTC","iNaturalist","CC-BY-NC","https://www.inaturalist.org/observations/322136349","","CL",-42.1018611667,-74.0514916667,20,"Alosidae","Shads and Sardines",1416131,"HumanObservation"
321940258,"2025/10/19 11:46 AM",2025-10-19,2479418,"MatiasG","2025-10-19 22:31:30 UTC","2025-11-05 23:53:36 UTC","iNaturalist","CC-BY-ND","https://www.inaturalist.org/observations/321940258","","Chiloé, CL-LL, CL",-42.5776235622,-73.7528165761,2,"Pinguipes chilensis","Chilean Sandperch",559300,"HumanObservation"
321940255,"2025/10/19 11:48 AM",2025-10-19,2479418,"MatiasG","2025-10-19 22:31:30 UTC","2025-11-27 13:44:33 UTC","iNaturalist","CC-BY-ND","https://www.inaturalist.org/observations/321940255","","Chiloé, CL-LL, CL",-42.577698615,-73.7528755847,2,"Pinguipes chilensis","Chilean Sandperch",559300,"HumanObservation"
321940253,"2025/10/19 11:51 AM",2025-10-19,2479418,"MatiasG","2025-10-19 22:31:29 UTC","2025-11-27 13:48:21 UTC","iNaturalist","CC-BY-ND","https://www.inaturalist.org/observations/321940253","","Chiloé, CL-LL, CL",-42.5775564096,-73.752854127,2,"Helcogrammoides cunninghami","Cunningham's Triplefin",446098,"HumanObservation"
321940251,"2025/10/19 12:00 PM",2025-10-19,2479418,"MatiasG","2025-10-19 22:31:29 UTC","2025-10-20 01:56:42 UTC","iNaturalist","CC-BY-ND","https://www.inaturalist.org/observations/321940251","","Chiloé, CL-LL, CL",-42.577600717,-73.7527996578,2,"Cottoperca trigloides","Mimic Bull Blenny",609395,"HumanObservation"
321940249,"2025/10/19 12:05 PM",2025-10-19,2479418,"MatiasG","2025-10-19 22:31:28 UTC","2025-10-20 01:56:40 UTC","iNaturalist","CC-BY-ND","https://www.inaturalist.org/observations/321940249","","Chiloé, CL-LL, CL",-42.5776609568,-73.7528596984,2,"Cottoperca trigloides","Mimic Bull Blenny",609395,"HumanObservation"
321294095,"2025-10-11 13:25:00-03:00",2025-10-11,5893060,"Daniel Fernando Vidal","2025-10-16 20:25:23 UTC","2025-11-17 22:46:38 UTC","iNaturalist","CC-BY-NC","https://www.inaturalist.org/observations/321294095","","Lago Futalaufquen, Chubut, AR",-42.8068694569,-71.6750953307,2759,"Salvelinus fontinalis","Brook Trout",49596,"HumanObservation"
321286467,"2023/01/06 1:06 PM",2023-01-06,1802925,"Luca","2025-10-16 19:40:02 UTC","2025-10-16 20:20:48 UTC","iNaturalist","CC-BY-NC","https://www.inaturalist.org/observations/321286467","","Cajón Del Azul, Río Azul, El Bolsón, Río Negro, Argentina",-41.8531652,-71.620102,206,"Actinopterygii","Ray-finned Fishes",47178,"HumanObservation"
320561444,"2025/10/04 1:41 PM",2025-10-04,556694,"Marcelo Andrés Rojas González","2025-10-13 02:21:51 UTC","2025-10-26 01:40:26 UTC","iNaturalist","CC-BY-NC","https://www.inaturalist.org/observations/320561444","","Llanquihue, CL-LL, CL",-41.6446669092,-72.6748771489,122,"Congiopodus peruvianus","Horsefish",505380,"HumanObservation"
319556793,"2025/09/18 11:49 AM",2025-09-18,8965046,"Ricardo Montiel","2025-10-08 13:30:44 UTC","2025-10-26 01:40:42 UTC","iNaturalist","","https://www.inaturalist.org/observations/319556793","","Melinka, Aysén, Chile",-43.8917728241,-73.7360828064,15,"Sicyases sanguineus","Common Chilean clingfish",505078,"HumanObservation"
315135548,"2025-09-19 19:31:19",2025-09-19,7836950,"José Raimundo Peranchiguay","2025-09-20 01:03:44 UTC","2025-09-23 19:54:18 UTC","iNaturalist","CC-BY-NC","https://www.inaturalist.org/observations/315135548","","Isla Teuquelin, Los Lagos, Chile",-42.4656870137,-73.2360451296,23,"Nototheniidae","Cod Icefishes",85936,"HumanObservation"
298508759,"2025/07/16 12:23 PM",2025-07-16,2479418,"MatiasG","2025-07-16 20:18:19 UTC","2025-07-17 06:28:36 UTC","iNaturalist","CC-BY-ND","https://www.inaturalist.org/observations/298508759","","Chiloé, CL-LL, CL",-42.5772662864,-73.7527547457,4,"Leptonotus blainvilleanus","Deep-bodied Pipefish",621457,"HumanObservation"
297916407,"2025/06/27 12:05 PM",2025-06-27,6312514,"Tahiel Elal","2025-07-14 15:49:51 UTC","2025-07-14 19:03:22 UTC","iNaturalist","","https://www.inaturalist.org/observations/297916407","","Futaleufú, Chubut, Argentina",-42.8901105712,-71.6092836688,31,"Salmo trutta","Brown Trout",47518,"HumanObservation"
295180275,"2025-07-04 10:16:03",2025-07-04,3813648,"Miguel Patiño M.","2025-07-04 18:41:57 UTC","2025-08-06 03:19:16 UTC","iNaturalist","","https://www.inaturalist.org/observations/295180275","","Pargua, Calbuco, Los Lagos, Chile",-41.7933463889,-73.4591598333,NA,"Odontesthes regia","Chilean Silverside",107358,"HumanObservation"
294173113,"2025/06/29 5:12 PM",2025-06-29,2479418,"MatiasG","2025-06-30 22:22:25 UTC","2025-07-05 21:51:14 UTC","iNaturalist","CC-BY-ND","https://www.inaturalist.org/observations/294173113","","Chiloé, CL-LL, CL",-42.5733402024,-73.7444189687,4,"Agonopsis chiloensis","Snailfish",607870,"HumanObservation"
288636537,"2025/06/03 1:52 PM",2025-06-03,9398833,"","2025-06-11 02:36:17 UTC","2025-06-11 03:09:46 UTC","iNaturalist","CC-BY-NC","https://www.inaturalist.org/observations/288636537","Restos sacados de fecas de nutrias en el estero del río Chepu, Chiloé. Tamaño menor a una moneda de 10 pesos","Río Chepu, Ancud, Los Lagos, Chile",-42.0867839419,-73.9594764128,8799,"Actinopterygii","Ray-finned Fishes",47178,"HumanObservation"
288636536,"2025/06/03 1:51 PM",2025-06-03,9398833,"","2025-06-11 02:36:17 UTC","2025-06-18 02:37:24 UTC","iNaturalist","CC-BY-NC","https://www.inaturalist.org/observations/288636536","Restos sacados de fecas de nutrias en el estero del río Chepu, Chiloé. Tamaño menor a una moneda de 10 pesos","Río Chepu, Ancud, Los Lagos, Chile",-42.0867839419,-73.9594764128,8799,"Salmoniformes","Salmons, pikes and mudminnows",47521,"HumanObservation"
288636534,"2025/06/03 1:50 PM",2025-06-03,9398833,"","2025-06-11 02:36:17 UTC","2025-06-11 03:07:08 UTC","iNaturalist","CC-BY-NC","https://www.inaturalist.org/observations/288636534","Restos sacados de fecas de nutrias en el estero del río Chepu, Chiloé. Tamaño menor a una moneda de 10 pesos","Río Chepu, Ancud, Los Lagos, Chile",-42.0867839419,-73.9594764128,8799,"Actinopterygii","Ray-finned Fishes",47178,"HumanObservation"
288636533,"2025/06/03 1:50 PM",2025-06-03,9398833,"","2025-06-11 02:36:16 UTC","2025-06-11 03:07:01 UTC","iNaturalist","CC-BY-NC","https://www.inaturalist.org/observations/288636533","Restos sacados de fecas de nutrias en el estero del río Chepu, Chiloé. Tamaño menor a una moneda de 10 pesos","Río Chepu, Ancud, Los Lagos, Chile",-42.0867839419,-73.9594764128,8799,"Actinopterygii","Ray-finned Fishes",47178,"HumanObservation"
288636532,"2025/06/03 1:48 PM",2025-06-03,9398833,"","2025-06-11 02:36:16 UTC","2025-06-11 03:06:53 UTC","iNaturalist","CC-BY-NC","https://www.inaturalist.org/observations/288636532","Restos sacados de fecas de nutrias en el estero del río Chepu, Chiloé. Tamaño menor a una moneda de 10 pesos","Río Chepu, Ancud, Los Lagos, Chile",-42.0867839419,-73.9594764128,8799,"Actinopterygii","Ray-finned Fishes",47178,"HumanObservation"
288635517,"2025/06/03 1:15 PM",2025-06-03,9398833,"","2025-06-11 02:31:21 UTC","2025-06-11 03:05:03 UTC","iNaturalist","CC-BY-NC","https://www.inaturalist.org/observations/288635517","Resto sacados de fecas de nutrias del estero en la cuenca del río Chepu, Chiloé. Tamaño menor a una moneda de 10 pesos","Río Chepu, Ancud, Los Lagos, Chile",-42.0867839419,-73.9594764128,8799,"Actinopterygii","Ray-finned Fishes",47178,"HumanObservation"
288635516,"2025/06/03 1:13 PM",2025-06-03,9398833,"","2025-06-11 02:31:21 UTC","2025-06-11 03:05:10 UTC","iNaturalist","CC-BY-NC","https://www.inaturalist.org/observations/288635516","Resto sacados de fecas de nutrias del estero en la cuenca del río Chepu, Chiloé. Tamaño menor a una moneda de 10 pesos","Río Chepu, Ancud, Los Lagos, Chile",-42.0867839419,-73.9594764128,8799,"Actinopterygii","Ray-finned Fishes",47178,"HumanObservation"
288635515,"2025/06/03 1:12 PM",2025-06-03,9398833,"","2025-06-11 02:31:20 UTC","2025-06-11 03:00:47 UTC","iNaturalist","CC-BY-NC","https://www.inaturalist.org/observations/288635515","Resto sacados de fecas de nutrias del estero en la cuenca del río Chepu, Chiloé. Tamaño menor a una moneda de 10 pesos","Río Chepu, Ancud, Los Lagos, Chile",-42.0867839419,-73.9594764128,8799,"Actinopterygii","Ray-finned Fishes",47178,"HumanObservation"
288633977,"2025/06/03 2:35 PM",2025-06-03,9398833,"","2025-06-11 02:21:51 UTC","2025-06-12 22:19:13 UTC","iNaturalist","CC-BY-NC","https://www.inaturalist.org/observations/288633977","Resto sacados de fecas de nutrias del estero en la cuenca del río Chepu, Chiloé. Tamaño menor a una moneda de 10 pesos","Río Chepu, Ancud, Los Lagos, Chile",-42.0867839419,-73.9594764128,8799,"Actinopterygii","Ray-finned Fishes",47178,"HumanObservation"
284353142,"2025-05-10 12:41:00-04:00",2025-05-10,9360857,"Juan Coronado","2025-05-26 19:56:11 UTC","2025-08-05 22:37:39 UTC","iNaturalist","CC-BY-NC","https://www.inaturalist.org/observations/284353142","","Caleta La Arena, Región de Los Lagos, CL",-41.6915583015,-72.6519757039,561,"Salmonidae","Salmons, Trouts, and Whitefishes",47520,"HumanObservation"
283704603,"2025-02-27 17:51:56",2025-02-27,7775907,"Marty Barria barria","2025-05-24 18:23:38 UTC","2025-05-26 14:26:57 UTC","iNaturalist","","https://www.inaturalist.org/observations/283704603","","Quemchi, Los Lagos, Chile",-42.1445960833,-73.4771880833,NA,"Thyrsites atun","Snoek",47258,"HumanObservation"
278599818,"2025-05-04 19:47:10",2025-05-04,6616097,"raulbvc barria","2025-05-05 00:35:02 UTC","2025-05-24 23:14:19 UTC","iNaturalist","","https://www.inaturalist.org/observations/278599818","","Quemchi, Los Lagos, Chile",-42.1423792947,-73.4772337228,10,"Eleginops maclovinus","Patagonian Blenny",541858,"HumanObservation"
278257797,"2025/05/03 12:20 PM",2025-05-03,2479418,"MatiasG","2025-05-04 02:05:25 UTC","2025-05-05 00:26:02 UTC","iNaturalist","CC-BY-ND","https://www.inaturalist.org/observations/278257797","","Chiloé, CL-LL, CL",-42.5391124057,-73.6295760221,4,"Leptonotus blainvilleanus","Deep-bodied Pipefish",621457,"HumanObservation"
278254283,"2025/05/03 12:38 PM",2025-05-03,2479418,"MatiasG","2025-05-04 01:50:18 UTC","2025-05-23 13:55:57 UTC","iNaturalist","CC-BY-ND","https://www.inaturalist.org/observations/278254283","","Chiloé, CL-LL, CL",-42.539174152,-73.6286554192,8,"Sebastes oculatus","Patagonian Redfish",620534,"HumanObservation"
278254269,"2025/05/03 12:22 PM",2025-05-03,2479418,"MatiasG","2025-05-04 01:50:15 UTC","2025-05-04 01:50:15 UTC","iNaturalist","CC-BY-ND","https://www.inaturalist.org/observations/278254269","","Chiloé, CL-LL, CL",-42.5392611088,-73.6284783934,8,"Patagonotothen cornucola","Nototenia",108966,"HumanObservation"
275017811,"2025/04/27 12:50 PM",2025-04-27,2479418,"MatiasG","2025-04-27 20:38:19 UTC","2025-04-28 22:53:19 UTC","iNaturalist","CC-BY-ND","https://www.inaturalist.org/observations/275017811","","Chiloé, CL-LL, CL",-42.5731153726,-73.7450857361,8,"Leptonotus blainvilleanus","Deep-bodied Pipefish",621457,"HumanObservation"
275017760,"2025/04/27 12:14 PM",2025-04-27,2479418,"MatiasG","2025-04-27 20:38:15 UTC","2025-04-28 22:53:10 UTC","iNaturalist","CC-BY-ND","https://www.inaturalist.org/observations/275017760","","Chiloé, CL-LL, CL",-42.5727587487,-73.7450696429,8,"Cottoperca trigloides","Mimic Bull Blenny",609395,"HumanObservation"
271819913,"2025-04-20 15:43:38-04:00",2025-04-20,6121442,"","2025-04-20 21:58:44 UTC","2025-04-22 14:31:09 UTC","iNaturalist","CC-BY-NC","https://www.inaturalist.org/observations/271819913","","Ruta V-69, Cochamó, Región de Los Lagos, CL",-41.6511783333,-72.3059083333,6,"Cottoperca trigloides","Mimic Bull Blenny",609395,"HumanObservation"
271303904,"2025-04-18 15:55:38",2025-04-18,7836950,"José Raimundo Peranchiguay","2025-04-18 21:42:55 UTC","2025-04-22 16:46:59 UTC","iNaturalist","CC-BY-NC","https://www.inaturalist.org/observations/271303904","","Isla Teuquelin, Los Lagos, Chile",-42.4582971859,-73.2423235103,126,"Leptonotus blainvilleanus","Deep-bodied Pipefish",621457,"HumanObservation"
271262652,"2022-10-08 14:10:37",2022-10-08,6312514,"Tahiel Elal","2025-04-18 18:18:17 UTC","2025-04-18 18:51:13 UTC","iNaturalist","","https://www.inaturalist.org/observations/271262652","","Futaleufú, Chubut, Argentina",-42.8894761997,-71.6099815997,NA,"Oncorhynchus mykiss","Rainbow Trout",47516,"HumanObservation"
271096286,"Tue Apr 15 2025 15:10:02 GMT -0300 (GMT)",2025-04-15,3339749,"","2025-04-17 22:06:30 UTC","2025-05-03 12:26:49 UTC","iNaturalist","CC-BY-NC","https://www.inaturalist.org/observations/271096286","","Futaleufú, AR-CH, AR",-43.2690086365,-71.6896820068,4,"Oncorhynchus mykiss","Rainbow Trout",47516,"HumanObservation"
269882397,"2024-03-30 11:59:31",2024-03-30,7775907,"Marty Barria barria","2025-04-12 01:04:20 UTC","2025-05-22 03:29:45 UTC","iNaturalist","","https://www.inaturalist.org/observations/269882397","","Chiloé, CL-LL, CL",-42.1277850148,-73.3825641498,792,"Sicyases sanguineus","Common Chilean clingfish",505078,"HumanObservation"
269881966,"2024-04-19",2024-04-19,7775907,"Marty Barria barria","2025-04-12 01:00:41 UTC","2025-04-16 17:17:30 UTC","iNaturalist","","https://www.inaturalist.org/observations/269881966","Cojinova del sur","Chiloé, CL-LL, CL",-42.0569058945,-73.5338489598,369,"Seriolella caerulea","White Warehou",112483,"HumanObservation"
269662355,"2021-02-12 13:04:59-03:00",2021-02-12,9116870,"","2025-04-10 19:10:10 UTC","2025-04-11 01:45:36 UTC","iNaturalist","CC-BY-NC","https://www.inaturalist.org/observations/269662355","","Puerto Cisnes, Cisnes, Región de Aysén del General Carlos Ibáñez del Campo, CL",-44.6358916667,-72.678305,10,"Salmo trutta","Brown Trout",47518,"HumanObservation"
269661589,"2020-10-29 16:43:08-03:00",2020-10-29,9116870,"","2025-04-10 19:04:43 UTC","2025-04-10 19:16:26 UTC","iNaturalist","CC-BY-NC","https://www.inaturalist.org/observations/269661589","","Océano Pacífico, Región de Aysén del General Carlos Ibáñez del Campo, CL",-44.62352,-72.665275,5,"Prolatilus jugularis","Pacific Sandperch",619293,"HumanObservation"
269187481,"2025-02-08 20:54:00-03:00",2025-02-08,9055651,"","2025-04-07 21:22:48 UTC","2025-04-10 00:12:08 UTC","iNaturalist","CC-BY-NC","https://www.inaturalist.org/observations/269187481","","Ensenada, Puerto Varas, Región de Los Lagos, CL",-41.1519749312,-72.2858012182,761,"Salmo trutta","Brown Trout",47518,"HumanObservation"
269187158,"2025-02-09 12:59:47-03:00",2025-02-09,9055651,"","2025-04-07 21:20:49 UTC","2025-04-07 21:30:36 UTC","iNaturalist","CC-BY-NC","https://www.inaturalist.org/observations/269187158","","Lago Todos Los Santos, Puerto Varas, Región de Los Lagos, CL",-41.0832172624,-72.2499609461,16,"Oncorhynchus mykiss","Rainbow Trout",47516,"HumanObservation"
267987581,"2025-03-24 10:26:54",2025-03-24,7632081,"Raul Longobardi","2025-04-01 00:06:54 UTC","2025-04-10 00:10:30 UTC","iNaturalist","","https://www.inaturalist.org/observations/267987581","","Bariloche, Río Negro, Argentina",-41.3519833015,-71.59881033,1633,"Salmo trutta","Brown Trout",47518,"HumanObservation"
267617966,"2025-02-17 18:27:28-03:00",2025-02-17,9055651,"","2025-03-30 00:34:09 UTC","2025-08-05 06:16:19 UTC","iNaturalist","CC-BY-NC","https://www.inaturalist.org/observations/267617966","","Lago Todos Los Santos, Puerto Varas, Región de Los Lagos, CL",-41.2273749903,-72.264595,20,"Galaxias maculatus","Common Galaxias",321994,"HumanObservation"
267616976,"2025-02-13 18:12:00-03:00",2025-02-13,9055651,"","2025-03-30 00:28:23 UTC","2025-03-30 23:58:42 UTC","iNaturalist","CC-BY-NC","https://www.inaturalist.org/observations/267616976","","Vicente Perez Rosales, CL-LL-LL, CL-LL, CL",-41.0913748596,-72.2510748218,94,"Odontesthes mauleanum","",107357,"HumanObservation"
267616713,"2025-02-21 19:57:00-03:00",2025-02-21,9055651,"","2025-03-30 00:26:35 UTC","2025-03-30 17:30:57 UTC","iNaturalist","CC-BY-NC","https://www.inaturalist.org/observations/267616713","","Lago Todos Los Santos, Puerto Varas, Región de Los Lagos, CL",-41.2276475037,-72.2654384408,59,"Percichthys chilensis","",619069,"HumanObservation"
263500549,"2025/02/05 11:12 AM",2025-02-05,824054,"Eric Schmidt","2025-03-01 15:37:13 UTC","2025-03-03 17:05:24 UTC","iNaturalist","CC-BY","https://www.inaturalist.org/observations/263500549","","Chiloé, Los Lagos, Chile",-42.6141681,-73.5684329,NA,"Gobiesox marmoratus","Austral Clingfish",481592,"HumanObservation"
263495471,"2025-03-01 09:56:40",2025-03-01,7775907,"Marty Barria barria","2025-03-01 14:53:02 UTC","2025-05-24 18:21:27 UTC","iNaturalist","","https://www.inaturalist.org/observations/263495471","Un pez de la familia salariinae./A fish of the family salariinae.","Chile",-42.1287321451,-73.4136787802,978,"Hypsoblennius sordidus","Bull Blenny",103217,"HumanObservation"
263155737,"2016/02/18 10:46 AM",2016-02-18,2445036,"Martín Ferrari","2025-02-26 13:49:47 UTC","2025-07-21 17:36:27 UTC","iNaturalist","CC-BY-NC","https://www.inaturalist.org/observations/263155737","","Futaleufú, Chubut, Argentina",-42.7262035433,-71.7423929857,4,"Percichthys","",90919,"HumanObservation"
262262271,"2025-02-14 09:34:25",2025-02-14,5268396,"Daniel Stange","2025-02-19 11:56:07 UTC","2025-04-16 09:39:12 UTC","iNaturalist","CC-BY-NC","https://www.inaturalist.org/observations/262262271","","Chile",-41.8209855478,-73.6235646531,21,"Leptonotus blainvilleanus","Deep-bodied Pipefish",621457,"HumanObservation"
262261997,"2025-02-13 10:50:24",2025-02-13,5268396,"Daniel Stange","2025-02-19 11:51:21 UTC","2025-04-16 09:38:59 UTC","iNaturalist","CC-BY-NC","https://www.inaturalist.org/observations/262261997","","Chile",-41.8208706128,-73.6225128919,20,"Leptonotus blainvilleanus","Deep-bodied Pipefish",621457,"HumanObservation"
260404866,"2025/02/01 4:23 PM",2025-02-01,2479418,"MatiasG","2025-02-02 17:53:00 UTC","2025-04-14 04:25:04 UTC","iNaturalist","CC-BY-ND","https://www.inaturalist.org/observations/260404866","","Chiloé, CL-LL, CL",-42.5777458836,-73.7541038706,4,"Hypsoblennius sordidus","Bull Blenny",103217,"HumanObservation"
260404853,"2025/02/01 3:14 PM",2025-02-01,2479418,"MatiasG","2025-02-02 17:52:56 UTC","2025-04-14 04:25:03 UTC","iNaturalist","CC-BY-ND","https://www.inaturalist.org/observations/260404853","","Chiloé, CL-LL, CL",-42.5777063822,-73.7529667125,4,"Helcogrammoides cunninghami","Cunningham's Triplefin",446098,"HumanObservation"
260182403,"2025-01-29 20:22:40",2025-01-29,774395,"Leonardo Tempesta","2025-01-31 19:30:57 UTC","2025-08-01 17:34:52 UTC","iNaturalist","CC-BY-NC","https://www.inaturalist.org/observations/260182403","","Manao s/n Hueihue, Ancud, Los Lagos, Chile",-41.8956930615,-73.5172539577,74,"Helcogrammoides","",88755,"HumanObservation"
259578623,"2025-01-15 21:24:25-03:00",2025-01-15,8830171,"THE UGU","2025-01-25 22:27:03 UTC","2025-02-24 05:31:54 UTC","iNaturalist","","https://www.inaturalist.org/observations/259578623","","Llanquihue, CL-LL, CL",-41.4488833333,-71.957475,41,"Salvelinus fontinalis","Brook Trout",49596,"HumanObservation"
259019187,"2025/01/12 11:52 PM",2025-01-12,1064018,"Joaquin Valentinuzzi","2025-01-20 03:09:16 UTC","2025-01-21 04:17:16 UTC","iNaturalist","CC-BY","https://www.inaturalist.org/observations/259019187","","Bariloche, Río Negro, Argentina",-41.8530685745,-71.6158819277,665,"Salmoninae","Salmons and Trouts",342904,"HumanObservation"
258389257,"2025-01-13 14:59:25",2025-01-13,7976936,"Chris","2025-01-13 17:59:58 UTC","2025-09-23 09:22:30 UTC","iNaturalist","","https://www.inaturalist.org/observations/258389257","Eran pesces de un color muy oscuro de unos 10 a 20 cms","Futaleufu, Futaleufú, Los Lagos, Chile",-43.1839753979,-71.8594432622,62,"Actinopterygii","Ray-finned Fishes",47178,"HumanObservation"
258346366,"2025-01-10 22:37:17",2025-01-10,774395,"Leonardo Tempesta","2025-01-13 06:01:04 UTC","2025-01-13 06:46:24 UTC","iNaturalist","CC-BY-NC","https://www.inaturalist.org/observations/258346366","","Dalcahue, Los Lagos, Chile",-42.3837778803,-73.9168528095,23,"Salmoninae","Salmons and Trouts",342904,"HumanObservation"
257849564,"2025-01-08 15:23:35",2025-01-08,7734309,"Matias (Dodo)","2025-01-08 20:38:37 UTC","2025-11-06 00:05:10 UTC","iNaturalist","","https://www.inaturalist.org/observations/257849564","Lo pescamos con chancharro, por si acaso ","Puerto Cisnes, Cisnes, Aysén, Chile",-44.7299184537,-72.6822812855,1068,"Pinguipes chilensis","Chilean Sandperch",559300,"HumanObservation"
257580062,"2024-12-20 15:00:00",2024-12-20,8264637,"Antonia","2025-01-06 12:01:42 UTC","2025-07-11 09:41:03 UTC","iNaturalist","","https://www.inaturalist.org/observations/257580062","","Ancud, Los Lagos, Chile",-41.8724466836,-73.7714824453,234,"Leptonotus blainvilleanus","Deep-bodied Pipefish",621457,"HumanObservation"
256537339,"2024-12-27 18:15:31",2024-12-27,8828079,"Fabian Osvaldo Villegas Cardenas","2024-12-28 20:10:59 UTC","2025-10-28 00:21:03 UTC","iNaturalist","","https://www.inaturalist.org/observations/256537339","","5502531 Llanquihue, Puerto Montt, Los Lagos, Chile",-41.4734797361,-72.9342764989,202,"Poeciliinae","Live-bearers",788516,"HumanObservation"
256537035,"2024-12-27 18:15:11",2024-12-27,8828079,"Fabian Osvaldo Villegas Cardenas","2024-12-28 20:08:01 UTC","2025-05-23 09:26:46 UTC","iNaturalist","","https://www.inaturalist.org/observations/256537035","","5502531 Llanquihue, Puerto Montt, Los Lagos, Chile",-41.4734797361,-72.9342764989,202,"Amphilophus citrinellus × Vieja melanurus","Blood Parrot Cichlid",1475104,"HumanObservation"
256537017,"2024-12-27 18:15:06",2024-12-27,8828079,"Fabian Osvaldo Villegas Cardenas","2024-12-28 20:07:47 UTC","2024-12-28 20:08:00 UTC","iNaturalist","","https://www.inaturalist.org/observations/256537017","","5502531 Llanquihue, Puerto Montt, Los Lagos, Chile",-41.4734797361,-72.9342764989,202,"Myloplus","",90083,"HumanObservation"
256536970,"2024-12-27 18:14:53",2024-12-27,8828079,"Fabian Osvaldo Villegas Cardenas","2024-12-28 20:07:21 UTC","2024-12-29 18:34:59 UTC","iNaturalist","","https://www.inaturalist.org/observations/256536970","","5502531 Llanquihue, Puerto Montt, Los Lagos, Chile",-41.4734797361,-72.9342764989,202,"Cyprinus rubrofuscus","Amur Carp",187316,"HumanObservation"
256536878,"2024-12-27 18:14:33",2024-12-27,8828079,"Fabian Osvaldo Villegas Cardenas","2024-12-28 20:06:25 UTC","2024-12-29 18:34:57 UTC","iNaturalist","","https://www.inaturalist.org/observations/256536878","","5502531 Llanquihue, Puerto Montt, Los Lagos, Chile",-41.4734797361,-72.9342764989,202,"Poecilia reticulata","Guppy",173412,"HumanObservation"
256224251,"",NA,8828079,"Fabian Osvaldo Villegas Cardenas","2024-12-26 01:28:15 UTC","2025-07-08 08:58:38 UTC","iNaturalist","","https://www.inaturalist.org/observations/256224251","","5504750 Puerto Montt, Los Lagos, Chile",-41.4729461643,-72.9362717271,164,"Actinopterygii","Ray-finned Fishes",47178,"HumanObservation"
256224177,"",NA,8828079,"Fabian Osvaldo Villegas Cardenas","2024-12-26 01:26:41 UTC","2024-12-27 17:02:49 UTC","iNaturalist","","https://www.inaturalist.org/observations/256224177","","5504750 Puerto Montt, Los Lagos, Chile",-41.4729514398,-72.9362016544,359,"Amphiprion","Anemonefishes",57742,"HumanObservation"
255875896,"2024/12/17 2:52 PM",2024-12-17,4998548,"Cesar Ormazabal","2024-12-22 14:23:45 UTC","2025-08-05 06:16:19 UTC","iNaturalist","CC-BY-NC","https://www.inaturalist.org/observations/255875896","Puerto Raúl Marín Balmaceda, Rampa Punta Remolino Río Palena.","Aysen, Aysén, Chile",-43.8507712997,-72.9455573997,NA,"Galaxias maculatus","Common Galaxias",321994,"HumanObservation"
254978950,"",NA,8823127,"maximo pro","2024-12-13 11:36:22 UTC","2025-07-18 16:31:29 UTC","iNaturalist","","https://www.inaturalist.org/observations/254978950","","5502237 Llanquihue, Puerto Montt, Los Lagos, Chile",-41.4693539866,-72.9424404725,5209,"Sebastes oculatus","Patagonian Redfish",620534,"HumanObservation"
254978518,"",NA,8823127,"maximo pro","2024-12-13 11:27:21 UTC","2024-12-15 15:58:42 UTC","iNaturalist","","https://www.inaturalist.org/observations/254978518","","5502237 Llanquihue, Puerto Montt, Los Lagos, Chile",-41.4693539866,-72.9424404725,5209,"Salmoninae","Salmons and Trouts",342904,"HumanObservation"
