CM_row_id,prim_key,correccion,Remove_from_master,.locality,.decimalLatitude,.decimalLongitude,.year,.eventDate,.recordedBy,.individualCount,.bibliographicCitation,.canonicalName,.scientificName
1,gbif | APN-PM-849,Locality: Lago Azara,,Lago Azara,,,,,,,,,
2,agui | MAguilar.Lit.Review.1163,coord  48.9978/72.2456,,,-48.9978,-72.2456,,,,,,,
3,agui | MAguilar.Lit.Review.1182,coord correctas49.0093/72.2437,,,-49.0093,-72.2437,,,,,,,
4,agui | MAguilar.Lit.Review.471,localityLagura Pescado; coord  47.82058/72.1659,,Lagura Pescado,-47.82058,-72.1659,,,,,,,
5,agui | MAguilar.Lit.Review.1424,coord  47.82/72.118; year 2001; RecordedBy D Milano; individualCount132,,,-47.82,-72.118,2001,,Daniela Milano,132,,,
6,agui | MAguilar.Lit.Review.951,coord  47.82/72.118; year 2001; RecordedBy D Milano; individualCount132,,,-47.82,-72.118,2001,,Daniela Milano,132,,,
7,agui | MAguilar.Lit.Review.926,coord  47.82/72.118; year 2001; RecordedBy D Milano; individualCount132,,,-47.82,-72.118,2001,,Daniela Milano,132,,,
8,agui | MAguilar.Lit.Review.15,coord  47.82/72.118,,,-47.82,-72.118,,,,,,,
9,agui | MAguilar.Lit.Review.470,coord  47.82/72.118; year 2001; RecordedBy D Milano; individualCount132,,,-47.82,-72.118,2001,,Daniela Milano,132,,,
10,agui | MAguilar.Lit.Review.468,coord  47.7666/71.9660,,,-47.7666,-71.966,,,,,,,
11,gbif | urn:catalog:CAS:ICH:63844,coord correcta: 47.576798/71.3810877,,,-47.576798,-71.3810877,,,,,,,
12,agui | MAguilar.Lit.Review.172,coord  47.2936/71.97; year2001,,,-47.2936,-71.97,2001,,,,,,
13,gbif | FFPAT086-11,CanonicalName: Odontesthes hatcheri,,,,,,,,,,Odontesthes hatcheri,"Odontesthes hatcheri (Eigenmann, 1909)"
14,agui | MAguilar.Lit.Review.1161,coord  47.2936/71.97; year2001,,,-47.2936,-71.97,2001,,,,,,
15,agui | MAguilar.Lit.Review.1181,coord  47.4369/71.9176; year 2001,,,-47.4369,-71.9176,2001,,,,,,
16,agui | MAguilar.Lit.Review.950,coord  47.2936/71.97; year2001,,,-47.2936,-71.97,2001,,,,,,
17,agui | MAguilar.Lit.Review.33,coord  47.2936/71.97; year2001,,,-47.2936,-71.97,2001,,,,,,
18,agui | MAguilar.Lit.Review.956,coord  47.3169/71.9409; Year 2001,,,-47.3169,-71.9409,2001,,,,,,
19,agui | MAguilar.Lit.Review.53,coord  47.3169/71.9409; Year 2001,,,-47.3169,-71.9409,2001,,,,,,
20,agui | MAguilar.Lit.Review.121,coord 47.3103/71.9328; year 2001,,,-47.3103,-71.9328,2001,,,,,,
21,agui | MAguilar.Lit.Review.958,coord  47.4369/71.9176; year 2001,,,-47.4369,-71.9176,2001,,,,,,
22,agui | MAguilar.Lit.Review.66,coord  47.4369/71.9176; year 2001,,,-47.4369,-71.9176,2001,,,,,,
23,agui | MAguilar.Lit.Review.472,coord  50.32363/72.29108,,,-50.32363,-72.29108,,,,,,,
24,inat | http://www.inaturalist.org/observations/122375,Locality: Lago Menéndez,,Lago Menéndez,,,,,,,,,
25,agui | MAguilar.Lit.Review.21,coord 42.2010/71.8483,,,-42.201,-71.8483,,,,,,,
26,agui | MAguilar.Lit.Review.87,coord  42.21261/71.83461,,,-42.21261,-71.83461,,,,,,,
27,agui | MAguilar.Lit.Review.368,42.46416/71.60573,,,-42.46416,-71.60573,,,,,,,
28,agui | MAguilar.Lit.Review.423,42.45/71.6667,,,-42.45,-71.6667,,,,,,,
29,agui | MAguilar.Lit.Review.932,41.3125/71.7825; eventDate 28/01/1997; year 1997; recordedBy D. Milano,,,-41.3125,-71.7825,1997,1997-01-28,Daniela Milano,,,,
30,agui | MAguilar.Lit.Review.166,"41.3125/71.7825, eventDate 28/01/1997; year 1997; recordedBy D. Milano",,,-41.3125,-71.7825,1997,1997-01-28,Daniela Milano,,,,
31,inat | https://www.inaturalist.org/observations/221918038,Locality: Río Manso superior,,Río Manso superior,,,,,,,,,
32,agui | MAguilar.Lit.Review.404,coord 41.3167/71.7833,,,-41.3167,-71.7833,,,,,,,
33,agui | MAguilar.Lit.Review.417,"41.3125/71.7825, eventDate 28/01/1997; year 1997; recordedBy D. Milano",,,-41.3125,-71.7825,1997,1997-01-28,Daniela Milano,,,,
34,agui | MAguilar.Lit.Review.1,43.0373/71.74189,,,-43.0373,-71.74189,,,,,,,
35,agui | MAguilar.Lit.Review.44,43.069/71.696,,,-43.069,-71.696,,,,,,,
36,agui | MAguilar.Lit.Review.69,43.02/71.748,,,-43.02,-71.748,,,,,,,
37,agui | MAguilar.Lit.Review.58,43.02/71.748,,,-43.02,-71.748,,,,,,,
38,agui | MAguilar.Lit.Review.72,43.02/71.748,,,-43.02,-71.748,,,,,,,
39,agui | MAguilar.Lit.Review.71,43.02/71.748,,,-43.02,-71.748,,,,,,,
40,agui | MAguilar.Lit.Review.70,coord 43.02/71.748,,,-43.02,-71.748,,,,,,,
41,agui | MAguilar.Lit.Review.434,42.73032/71.75,,,-42.73032,-71.75,,,,,,,
42,agui | MAguilar.Lit.Review.934,42.66616/71.677583,,,-42.66616,-71.677583,,,,,,,
43,agui | MAguilar.Lit.Review.909,42.66616/71.677583,,,-42.66616,-71.677583,,,,,,,
44,agui | MAguilar.Lit.Review.945,42.6092/71.6647; Year 1998 (febrero) y 2000 (febrero; mayo y septiembre),,,-42.6092,-71.6647,2000,,,,,,
45,agui | MAguilar.Lit.Review.921,42.6092/71.6647; Year 1998 (febrero) y 2000 (febrero; mayo y septiembre),,,-42.6092,-71.6647,2000,,,,,,
46,agui | MAguilar.Lit.Review.276,coord  42.5903/71.6543,,,-42.5903,-71.6543,,,,,,,
47,agui | MAguilar.Lit.Review.955,coord  42.5903/71.6543; year 2000/2001,,,-42.5903,-71.6543,2001,,,,,,
48,agui | MAguilar.Lit.Review.928,coord  42.5903/71.6543; year 2000/2001,,,-42.5903,-71.6543,2001,,,,,,
49,agui | MAguilar.Lit.Review.957,coord 42.6092/71.6647; Year1998/2000,,,-42.6092,-71.6647,1998,,,,,,
50,agui | MAguilar.Lit.Review.930,coord 42.6092/71.6647; Year1998/2000,,,-42.6092,-71.6647,1998,,,,,,
51,agui | MAguilar.Lit.Review.651,cooordenada 41.3721/71.7736,,,-41.3721,-71.7736,,,,,,,
52,agui | MAguilar.Lit.Review.1323,cooordenada 41.3721/71.7736,,,-41.3721,-71.7736,,,,,,,
53,agui | MAguilar.Lit.Review.656,coord 41.3167/71.7833,,,-41.3167,-71.7833,,,,,,,
54,agui | MAguilar.Lit.Review.912,coord 41.3167/71.7833,,,-41.3167,-71.7833,,,,,,,
55,agui | MAguilar.Lit.Review.8,coord 41.3167/71.7833,,,-41.3167,-71.7833,,,,,,,
56,agui | MAguilar.Lit.Review.942,"41.3125/71.7825, eventDate 28/01/1997; year 1997; recordedBy D. Milano",,,-41.3125,-71.7825,1997,1997-01-28,Daniela Milano,,,,
57,agui | MAguilar.Lit.Review.917,"41.3125/71.7825, eventDate 28/01/1997; year 1997; recordedBy D. Milano",,,-41.3125,-71.7825,1997,1997-01-28,Daniela Milano,,,,
58,agui | MAguilar.Lit.Review.22,"41.3125/71.7825, eventDate 28/01/1997; year 1997; recordedBy D. Milano",,,-41.3125,-71.7825,1997,1997-01-28,Daniela Milano,,,,
59,agui | MAguilar.Lit.Review.88,correctas 41.3161/71.7796,,,-41.3161,-71.7796,,,,,,,
60,agui | MAguilar.Lit.Review.89,coord  41.3182/71.7744,,,-41.3182,-71.7744,,,,,,,
61,inat | https://www.inaturalist.org/observations/21466572,locality: Río Arrayanes,,Río Arrayanes,,,,,,,,,
62,inat | https://www.inaturalist.org/observations/198318000,locality: Río Arrayanes,,Río Arrayanes,,,,,,,,,
63,agui | MAguilar.Lit.Review.371,year: 2000,,,,,2000,,,,,,
64,agui | MAguilar.Lit.Review.435,42.76666/71.74; year2000,,,-42.76666,-71.74,2000,,,,,,
65,inat | https://www.inaturalist.org/observations/198016044,Locality: laguna Escondida,,laguna Escondida,,,,,,,,,
66,agui | MAguilar.Lit.Review.1119,"coord correcta:-43.527676, -71.555252",,,-43.527676,-71.555252,,,,,,,
67,agui | MAguilar.Lit.Review.1120,"coord correcta:-43.527676, -71.555252",,,-43.527676,-71.555252,,,,,,,
68,agui | MAguilar.Lit.Review.48,coord  43.17202/71.728,,,-43.17202,-71.728,,,,,,,
69,agui | MAguilar.Lit.Review.63,coord  43.17202/71.728,,,-43.17202,-71.728,,,,,,,
70,agui | MAguilar.Lit.Review.5,year: 2000,,,,,2000,,,,,,
71,agui | MAguilar.Lit.Review.657,cooordenada 41.3567/71.734,,,-41.3567,-71.734,,,,,,,
72,agui | MAguilar.Lit.Review.1320,cooordenada 41.3567/71.734,,,-41.3567,-71.734,,,,,,,
73,agui | MAguilar.Lit.Review.24,Remove; dato erroneo no hay platei en Hess,remove,,,,,,,,,,
74,agui | MAguilar.Lit.Review.57,"Esto puede ser un error, dudamos que en esta cuenca haya Olivaichthys viedmensis",remove,,,,,,,,,,
75,agui | MAguilar.Lit.Review.100,coord  41.35618/71.7327,,,-41.35618,-71.7327,,,,,,,
76,agui | MAguilar.Lit.Review.62,nunca se pesco perca en toda la cuenca del Rio Manso dato erroneo,,,,,,,,,,,
77,agui | MAguilar.Lit.Review.1304,coord 41.30874/71.68982,,,-41.30874,-71.68982,,,,,,,
78,agui | MAguilar.Lit.Review.1306,coord 41.3167/71.7833,,,-41.3167,-71.7833,,,,,,,
79,agui | MAguilar.Lit.Review.416,coord  41.3083/71.69169999,,,-41.3083,-71.69169999,,,,,,,
80,agui | MAguilar.Lit.Review.105,Coord  41.3066/71.69051,,,-41.3066,-71.69051,,,,,,,
81,inat | https://www.inaturalist.org/observations/147830684,Locality: Arroyo Colihuel,,Arroyo Colihuel,,,,,,,,,
82,agui | MAguilar.Lit.Review.836,coord  42.2/71.5,,,-42.2,-71.5,,,,,,,
83,gbif | KJ499172,coord correcta: 42.6362/71.6791,,,-42.6362,-71.6791,,,,,,,
84,agui | MAguilar.Lit.Review.486,recordedBy: Barriga JP & Battini MA,,,,,,,Barriga JP & Battini MA,,,,
85,agui | MAguilar.Lit.Review.614,42.46416/71.60573,,,-42.46416,-71.60573,,,,,,,
86,agui | MAguilar.Lit.Review.1151,coord  42.2/71.5,,,-42.2,-71.5,,,,,,,
87,agui | MAguilar.Lit.Review.76,coord  42.4583/71.6666,,,-42.4583,-71.6666,,,,,,,
88,agui | MAguilar.Lit.Review.59,coord 42.45342/71.666666,,,-42.45342,-71.666666,,,,,,,
89,agui | MAguilar.Lit.Review.79, 42.4624/71.7248,,,-42.4624,-71.7248,,,,,,,
90,agui | MAguilar.Lit.Review.78,coord  42.4583333/71.6666667,,,-42.4583333,-71.6666667,,,,,,,
91,agui | MAguilar.Lit.Review.424,Coord 42.37771/71.6486 Arroyo del Turco,,Arroyo del Turco,-42.37771,-71.6486,,,,,,,
92,agui | MAguilar.Lit.Review.612,42.0959/71.6293,,,-42.0959,-71.6293,,,,,,,
93,agui | MAguilar.Lit.Review.868,42.0959/71.6293,,,-42.0959,-71.6293,,,,,,,
94,agui | MAguilar.Lit.Review.6,42.0959/71.6293,,,-42.0959,-71.6293,,,,,,,
95,agui | MAguilar.Lit.Review.872, 42.1536/71.6389,,,-42.1536,-71.6389,,,,,,,
96,agui | MAguilar.Lit.Review.32, 42.1536/71.6389,,,-42.1536,-71.6389,,,,,,,
97,agui | MAguilar.Lit.Review.874,coord  42.1079/71.6303,,,-42.1079,-71.6303,,,,,,,
98,agui | MAguilar.Lit.Review.52,coord  42.1079/71.6303,,,-42.1079,-71.6303,,,,,,,
99,agui | MAguilar.Lit.Review.116,coord  42.15040/71.64181,,,-42.1504,-71.64181,,,,,,,
100,agui | MAguilar.Lit.Review.876,42.1536/71.6389,,,-42.1536,-71.6389,,,,,,,
101,agui | MAguilar.Lit.Review.65,42.1536/71.6389,,,-42.1536,-71.6389,,,,,,,
102,agui | MAguilar.Lit.Review.120,42.150404/71.641808,,,-42.150404,-71.641808,,,,,,,
103,agui | MAguilar.Lit.Review.118,coord  42.150404/71.641808,,,-42.150404,-71.641808,,,,,,,
104,agui | MAguilar.Lit.Review.659,  41.5167/71.5833,,,-41.5167,-71.5833,,,,,,,
105,agui | MAguilar.Lit.Review.914,41.4981/71.6919,,,-41.4981,-71.6919,,,,,,,
106,agui | MAguilar.Lit.Review.653,  41.5167/71.5833,,,-41.5167,-71.5833,,,,,,,
107,agui | MAguilar.Lit.Review.1324,  41.5167/71.5833,,,-41.5167,-71.5833,,,,,,,
108,agui | MAguilar.Lit.Review.944,"coord 41.4981/71.6919, year 1997; recordedBy D. Milano",,,-41.4981,-71.6919,1997,,Daniela Milano,,,,
109,agui | MAguilar.Lit.Review.919,"coord 41.4981/71.6919, year 1997; recordedBy D. Milano",,,-41.4981,-71.6919,1997,,Daniela Milano,,,,
110,agui | MAguilar.Lit.Review.29,"coord 41.4981/71.6919, year 1997; recordedBy D. Milano",,,-41.4981,-71.6919,1997,,Daniela Milano,,,,
111,agui | MAguilar.Lit.Review.109,coord  41.51228/71.66505,,,-41.51228,-71.66505,,,,,,,
112,agui | MAguilar.Lit.Review.111,coord  41.5099/71.6675,,,-41.5099,-71.6675,,,,,,,
113,agui | MAguilar.Lit.Review.1303,coord 41.3077/71.5275,,,-41.3077,-71.5275,,,,,,,
114,agui | MAguilar.Lit.Review.654,capturado en marzo 1997 según Flores y Semenas 2002,,,,,1997,1997-03,,,,,
115,agui | MAguilar.Lit.Review.650,capturado en marzo 1997 según Flores y Semenas 2002,,,,,1997,1997-03,,,,,
116,agui | MAguilar.Lit.Review.444,No encotramos el Lago Owen pero el punto esta cerca del Lago Bagillt (43.27/71.68),,,-43.27,-71.68,,,,,,,
117,agui | MAguilar.Lit.Review.1179,Year1998/2000,,,,,1998,,,,,,
118,agui | MAguilar.Lit.Review.67,Year1998/2000,,,,,1998,,,,,,
119,inat | https://www.inaturalist.org/observations/72688859,LocalityLago Mascardi; coord  41.2711/71.6281,,Lago Mascardi,-41.2711,-71.6281,,,,,,,
120,agui | MAguilar.Lit.Review.532,Para nosotros es dudoso que haya Salmo Salar en Puelo,remove,,,,,,,,,,
121,agui | MAguilar.Lit.Review.837,coord  42.6/71.67,,,-42.6,-71.67,,,,,,,
122,agui | MAguilar.Lit.Review.623,41.26666667/71.6333333,,,-41.26666667,-71.6333333,,,,,,,
123,agui | MAguilar.Lit.Review.168,year 2002; recordedBy D. Milano,,,,,2002,,Daniela Milano,,,,
124,agui | MAguilar.Lit.Review.454,Coord correctas 44.22/71.7176,,,-44.22,-71.7176,,,,,,,
125,agui | MAguilar.Lit.Review.433,42.7167/71.7333,,,-42.7167,-71.7333,,,,,,,
126,agui | MAguilar.Lit.Review.370,42.66616/71.677583,,,-42.66616,-71.677583,,,,,,,
127,agui | MAguilar.Lit.Review.430,42.6092/71.6647; Year 1998 (febrero) y 2000 (febrero; mayo y septiembre),,,-42.6092,-71.6647,1998,,,,,,
128,agui | MAguilar.Lit.Review.681, 42.1536/71.6389,,,-42.1536,-71.6389,,,,,,,
129,agui | MAguilar.Lit.Review.935,41.26666667/71.6333333,,,-41.26666667,-71.6333333,,,,,,,
130,agui | MAguilar.Lit.Review.910,41.26666667/71.6333333,,,-41.26666667,-71.6333333,,,,,,,
131,agui | MAguilar.Lit.Review.1305,41.26666667/71.6333333,,,-41.26666667,-71.6333333,,,,,,,
132,agui | MAguilar.Lit.Review.12,41.26666667/71.6333333,,,-41.26666667,-71.6333333,,,,,,,
133,agui | MAguilar.Lit.Review.940,"coord  41.26667/71.6333; year1995/1996, recordedBy D. Milano",,,-41.26667,-71.6333,1995,,Daniela Milano,,,,
134,agui | MAguilar.Lit.Review.915,coord  41.26667/71.6333; year1995/1996; recordedBy D. Milano,,,-41.26667,-71.6333,1995,,Daniela Milano,,,,
135,agui | MAguilar.Lit.Review.30,coord  41.26667/71.6333; year1995/1996;recordedBy D. Milano,,,-41.26667,-71.6333,1995,,Daniela Milano,,,,
136,agui | MAguilar.Lit.Review.112,coord   41.26667/71.63333,,,-41.26667,-71.63333,,,,,,,
137,agui | MAguilar.Lit.Review.113,coord  41.2711/71.6281,,,-41.2711,-71.6281,,,,,,,
138,agui | MAguilar.Lit.Review.415,year1995/1996; recordedBy D. Milano,,,,,1995,,Daniela Milano,,,,
139,gbif | CENPAT-CONICET:CNPICT:CNPICT2013/5,"registro dudoso, nosotros no pescamos GM en Puelo, puede ser Gplatei ",,,,,,,,,,,
140,inat | https://www.inaturalist.org/observations/103445989,LocalityLago Buenos Aires; coord  46.52911/71.62715,,Lago Buenos Aires,-46.52911,-71.62715,,,,,,,
141,inat | https://www.inaturalist.org/observations/166511824,Locality : Lago Futalaufquén,,Lago Futalaufquén,,,,,,,,,
142,agui | MAguilar.Lit.Review.620,coord  41.34514/71.618776,,,-41.34514,-71.618776,,,,,,,
143,agui | MAguilar.Lit.Review.1410, 42.1536/71.6389,,,-42.1536,-71.6389,,,,,,,
144,inat | https://www.inaturalist.org/observations/162246891,punto cae mas cerca del río Azul que del Lago Puelo,,,,,,,,,,,
145,agui | MAguilar.Lit.Review.359,locality: L. Puelo,,Lago Puelo,,,,,,,,,
146,agui | MAguilar.Lit.Review.421," 42.1536/71.6389, year 2002; recordedBy D. Milano",,,-42.1536,-71.6389,2002,,Daniela Milano,,,,
147,agui | MAguilar.Lit.Review.418,"coord  41.34514/71.618776; eventDate 14/02/97; year1997, recordedBy D. Milano",,,-41.34514,-71.618776,1997,1997-02-14,Daniela Milano,,,,
148,agui | MAguilar.Lit.Review.1159, 42.1536/71.6389,,,-42.1536,-71.6389,,,,,,,
149,agui | MAguilar.Lit.Review.1178,42.1536/71.6389,,,-42.1536,-71.6389,,,,,,,
150,agui | MAguilar.Lit.Review.437, 42.888355/71.614675,,,-42.888355,-71.614675,,,,,,,
151,agui | MAguilar.Lit.Review.908,42.0959/71.6293,,,-42.0959,-71.6293,,,,,,,
152,agui | MAguilar.Lit.Review.920," 42.1536/71.6389, year 2002; recordedBy D. Milano",,,-42.1536,-71.6389,2002,,Daniela Milano,,,,
153,agui | MAguilar.Lit.Review.927,coord  42.1079/71.6303,,,-42.1079,-71.6303,,,,,,,
154,agui | MAguilar.Lit.Review.929,42.1536/71.6389; year 2002,,,-42.1536,-71.6389,2002,,,,,,
155,agui | MAguilar.Lit.Review.941,"coord  41.34514/71.618776; eventDate 14/02/97; year1997, recordedBy D. Milano",,,-41.34514,-71.618776,1997,1997-02-14,Daniela Milano,,,,
156,agui | MAguilar.Lit.Review.916,"coord  41.34514/71.618776; eventDate 14/02/97; year1997, recordedBy D. Milano",,,-41.34514,-71.618776,1997,1997-02-14,Daniela Milano,,,,
157,agui | MAguilar.Lit.Review.27,"coord  41.34514/71.618776; eventDate 14/02/97; year1997, recordedBy D. Milano",,,-41.34514,-71.618776,1997,1997-02-14,Daniela Milano,,,,
158,agui | MAguilar.Lit.Review.106,coord  41.3457/71.6178,,,-41.3457,-71.6178,,,,,,,
159,agui | MAguilar.Lit.Review.107,coord coorcta41.3457/71.6117,,,-41.3457,-71.6117,,,,,,,
160,inat | https://www.inaturalist.org/observations/69102805,locality:Lago Mascardi,,Lago Mascardi,,,,,,,,,
161,inat | https://www.inaturalist.org/observations/253674048,locality: Río Futaleufú,,Río Futaleufú,,,,,,,,,
162,inat | https://www.inaturalist.org/observations/199128821,locality: lago Mascardi,,Lago Mascardi,,,,,,,,,
163,agui | MAguilar.Lit.Review.946,"coord 44.13/71.57; year:2000 y 2002, el dato corresponde a Ferriz 2003",,,-44.13,-71.57,2000,,,,,,
164,agui | MAguilar.Lit.Review.922,coord 44.13/71.57; year:2000 y 2002; el dato corresponde a Ferriz 2003,,,-44.13,-71.57,2000,,,,,,
165,agui | MAguilar.Lit.Review.39,coord 44.13/71.57,,,-44.13,-71.57,,,,,,,
166,agui | MAguilar.Lit.Review.133,coord 44.12914/71.56785,,,-44.12914,-71.56785,,,,,,,
167,agui | MAguilar.Lit.Review.445,"LocalityRío Nant y Fall, punto cae en la tierra  43.2228333/71.4215",,Río Nant y Fall,-43.2228333,-71.4215,,,,,,,
168,agui | MAguilar.Lit.Review.865,presunto G.maculatus,remove,,,,,,,,,,
169,agui | MAguilar.Lit.Review.655,41.26666667/71.6333333,,,-41.26666667,-71.6333333,,,,,,,
170,agui | MAguilar.Lit.Review.1318,41.26666667/71.6333333,,,-41.26666667,-71.6333333,,,,,,,
171,agui | MAguilar.Lit.Review.582,"no podemos localizar el Rio Glyn, el pto cae en la tierra",,,-43.519107,-71.596377,,,,,,,
172,agui | MAguilar.Lit.Review.938,coord 41.5167/71.5833,,,-41.5167,-71.5833,,,,,,,
173,agui | MAguilar.Lit.Review.913,coord 41.5167/71.5833,,,-41.5167,-71.5833,,,,,,,
174,agui | MAguilar.Lit.Review.1313,coord 41.5167/71.5833,,,-41.5167,-71.5833,,,,,,,
175,agui | MAguilar.Lit.Review.1325,coord 41.5167/71.5833,,,-41.5167,-71.5833,,,,,,,
176,agui | MAguilar.Lit.Review.943, 41.51624/71.58072; year 1997; recordedBy D. Milano,,,-41.51624,-71.58072,1997,,Daniela Milano,,,,
177,agui | MAguilar.Lit.Review.918, 41.51624/71.58072; year 1997; recordedBy D. Milano,,,-41.51624,-71.58072,1997,,Daniela Milano,,,,
178,agui | MAguilar.Lit.Review.36, 41.51624/71.58072; year 1997; recordedBy D. Milano,,,-41.51624,-71.58072,1997,,Daniela Milano,,,,
179,agui | MAguilar.Lit.Review.126,coord  41.51169/71.55572,,,-41.51169,-71.55572,,,,,,,
180,agui | MAguilar.Lit.Review.127,coord 41.5114/71.5535,,,-41.5114,-71.5535,,,,,,,
181,agui | MAguilar.Lit.Review.627,registro dudoso¡¡¡ no tenemos registro de pejerrey en el Steffen,,,,,,,,,,,
182,agui | MAguilar.Lit.Review.628,"Esto puede ser un error, dudamos que en esta cuenca haya Olivaichthys viedmensis",remove,,,,,,,,,,
183,agui | MAguilar.Lit.Review.629,nunca se pesco perca en toda la cuenca del Rio Manso dato erroneo,remove,,,,,,,,,,
184,agui | MAguilar.Lit.Review.644,No tenemos registro que en Lago Steffen haya S. salar,remove,,,,,,,,,,
185,agui | MAguilar.Lit.Review.624,41.3723/71.7622,,,-41.3723,-71.7622,,,,,,,
186,agui | MAguilar.Lit.Review.630,coord  41.3721/71.7753,,,-41.3721,-71.7753,,,,,,,
187,agui | MAguilar.Lit.Review.631,coord  41.366667/71.766667,,,-41.366667,-71.766667,,,,,,,
188,inat | https://www.inaturalist.org/observations/243887750,Locality: Río Epuyén,,Río Epuyén,,,,,,,,,
189,inat | https://www.inaturalist.org/observations/72226604,Locality Lago Mascardi; canonical Name: Oncorhychus mykiss,,Lago Mascardi,,,,,,,,Oncorhychys mykiss,"Oncorhynchus mykiss (Walbaum, 1792)"
190,agui | MAguilar.Lit.Review.167,"year1997, eventDate21/02/1997; recordedBy D. Milano",,,,,1997,1997-02-21,Daniela Milano,,,,
191,inat | https://www.inaturalist.org/observations/195530571,Locality: Lago Steffen,,Lago Steffen,,,,,,,,,
192,inat | https://www.inaturalist.org/observations/249817833,Locality: Lago Epuyén,,Lago Epuyén,,,,,,,,,
193,gbif | CENPAT-CONICET-CNPICT-CNPICT1983/105,no sabemos que Aplochiton es¡¡¡¡,,,,,,,,,,,
194,inat | https://www.inaturalist.org/observations/146577770,no pordemos constatar cae en la tierra,,,,,,,,,,,
195,agui | MAguilar.Lit.Review.736,coord correctas42.9833/71.5167,,,-42.9833,-71.5167,,,,,,,
196,agui | MAguilar.Lit.Review.737,coord correctas42.9833/71.5167,,,-42.9833,-71.5167,,,,,,,
197,agui | MAguilar.Lit.Review.56,coord correctas42.9833/71.5167,,,-42.9833,-71.5167,,,,,,,
198,agui | MAguilar.Lit.Review.738, 42.9833/71.5167,,,-42.9833,-71.5167,,,,,,,
199,agui | MAguilar.Lit.Review.129,"coord  -42,9833/71.5167",,,-42.9833,-71.5167,,,,,,,
200,,"El Hoyo es un pueblo, podria ser el rio Epuyen",,,,,,,,,,,
201,agui | MAguilar.Lit.Review.80,coord  43.86/71.518,,,-43.86,-71.518,,,,,,,
202,agui | MAguilar.Lit.Review.1310,41.3631/71.546,,,-41.3631,-71.546,,,,,,,
203,agui | MAguilar.Lit.Review.1307,Remove; 40°46´/71°39´,remove,,,,,,,,,,
204,agui | MAguilar.Lit.Review.590,"no podemos localizar el Rio Chiquito, el pto cae en la tierra",,,,,,,,,,,
205,agui | MAguilar.Lit.Review.948,"coord 44.308/71.504; year:2000 y 2002, el dato corresponde a Ferriz 2003",,,-44.308,-71.504,2000,,,,,,
206,agui | MAguilar.Lit.Review.924,"coord 44.308/71.504; year:2000 y 2002, el dato corresponde a Ferriz 2003",,,-44.308,-71.504,2000,,,,,,
207,agui | MAguilar.Lit.Review.31,coord 44.308/71.504 ,,,-44.308,-71.504,,,,,,,
208,agui | MAguilar.Lit.Review.115,coord  44.3077/71.5031,,,-44.3077,-71.5031,,,,,,,
209,agui | MAguilar.Lit.Review.949,"coord 44.28/71.523; year:2000 y 2002, el dato corresponde a Ferriz 2003",,,-44.28,-71.523,2000,,,,,,
210,agui | MAguilar.Lit.Review.925,"coord 44.28/71.5231.102; year:2000 y 2002, el dato corresponde a Ferriz 2003",,,-44.28,-71.5231,2000,,,,,,
211,agui | MAguilar.Lit.Review.25,coord 44.28/71.523,,,-44.28,-71.523,,,,,,,
212,agui | MAguilar.Lit.Review.1044,coord 42.6092/71.6647,,,-42.6092,-71.6647,,,,,,,
213,agui | MAguilar.Lit.Review.3,42.2/71.5,,,-42.2,-71.5,,,,,,,
214,agui | MAguilar.Lit.Review.19,coord 42.1936/71.5106,,,-42.1936,-71.5106,,,,,,,
215,agui | MAguilar.Lit.Review.81,coord correctas42.1913/71.5122,,,-42.1913,-71.5122,,,,,,,
216,agui | MAguilar.Lit.Review.60,coord  42.183333331/71.516666668,,,-42.183333331,-71.516666668,,,,,,,
217,agui | MAguilar.Lit.Review.82,coord  42.2/71.5,,,-42.2,-71.5,,,,,,,
218,agui | MAguilar.Lit.Review.1312,coord  41.51074/71.50699,,,-41.51074,-71.50699,,,,,,,
219,agui | MAguilar.Lit.Review.652,coord  41.3801/71.4971,,,-41.3801,-71.4971,,,,,,,
220,agui | MAguilar.Lit.Review.1321,coord  41.3801/71.4971,,,-41.3801,-71.4971,,,,,,,
221,agui | MAguilar.Lit.Review.622,coord  41.3801/71.4971,,,-41.3801,-71.4971,,,,,,,
222,agui | MAguilar.Lit.Review.639,coord correctas41.37788/71.49653,,,-41.37788,-71.49653,,,,,,,
223,agui | MAguilar.Lit.Review.640,coord  41.3767/71.4922,,,-41.3767,-71.4922,,,,,,,
224,agui | MAguilar.Lit.Review.407,coord 41.5167/71.5833,,,-41.5167,-71.5833,,,,,,,
225,agui | MAguilar.Lit.Review.420, 41.51624/71.58072; year 1997; recordedBy D. Milano,,,-41.51624,-71.58072,1997,,Daniela Milano,,,,
226,agui | MAguilar.Lit.Review.9,coord  41.3801/71.4971,,,-41.3801,-71.4971,,,,,,,
227,agui | MAguilar.Lit.Review.99,coord correctas41.37788/71.49653,,,-41.37788,-71.49653,,,,,,,
228,agui | MAguilar.Lit.Review.98,coord  41.3767/71.4922,,,-41.3767,-71.4922,,,,,,,
229,agui | MAguilar.Lit.Review.585,coord  43.535822/71.470886,,,-43.535822,-71.470886,,,,,,,
230,inat | https://www.inaturalist.org/observations/151401307,Locality: Río Nant y Falt,,Río Nant y Falt,,,,,,,,,
231,agui | MAguilar.Lit.Review.47,coord  43.81021/71.4723,,,-43.81021,-71.4723,,,,,,,
232,agui | MAguilar.Lit.Review.97,coord  43.81021/71.4723,,,-43.81021,-71.4723,,,,,,,
233,agui | MAguilar.Lit.Review.96,coord  43.8188/71.46098,,,-43.8188,-71.46098,,,,,,,
234,agui | MAguilar.Lit.Review.581,coord  43.5337539/71.4677006,,,-43.5337539,-71.4677006,,,,,,,
235,agui | MAguilar.Lit.Review.428,Locality: Lago Lezama,,Lago Lezama,,,,,,,,,
236,agui | MAguilar.Lit.Review.658,coord  41.3801/71.4971,,,-41.3801,-71.4971,,,,,,,
237,agui | MAguilar.Lit.Review.584,"no podemos localizar el Rio Manguera, el pto cae en la tierra",,,-43.309809,-71.442311,,,,,,,
238,agui | MAguilar.Lit.Review.490,year: 2007; recordedBy: Barriga JP & Battini MA,,,,,2007,,Barriga JP & Battini MA,,,,
239,agui | MAguilar.Lit.Review.488,year: 2007; recordedBy: Barriga JP & Battini MA,,,,,2007,,Barriga JP & Battini MA,,,,
240,agui | MAguilar.Lit.Review.455,coord 44.2/71.60,,,-44.2,-71.6,,,,,,,
241,agui | MAguilar.Lit.Review.453,coord 44.294/71.49 Lago León,,Lago León,-44.294,-71.49,,,,,,,
242,agui | MAguilar.Lit.Review.579,"no podemos localizar el Rio Manguera, el pto cae en la tierra",,,-43.309809,-71.442311,,,,,,,
243,agui | MAguilar.Lit.Review.427,  42.448978/71.436157 Locality Río Blanco,,Río Blanco,-42.448978,-71.436157,,,,,,,
244,agui | MAguilar.Lit.Review.487,year: 2007; recordedBy: Barriga JP & Battini MA,,,,,2007,,Barriga JP & Battini MA,,,,
245,agui | MAguilar.Lit.Review.442,"LocalityRío Nant y Fall, punto cae en la tierra  43.2228333/71.4215",,Río Nant y Fall,-43.2228333,-71.4215,,,,,,,
246,agui | MAguilar.Lit.Review.613,42.2/71.5,,,-42.2,-71.5,,,,,,,
247,agui | MAguilar.Lit.Review.369,42.2/71.5,,,-42.2,-71.5,,,,,,,
248,agui | MAguilar.Lit.Review.667,coord  42.2057/71.4966,,,-42.2057,-71.4966,,,,,,,
249,agui | MAguilar.Lit.Review.867, Laguna Foyel coord 41.75065/71.446089,,Laguna Foyel,-41.75065,-71.446089,,,,,,,
250,agui | MAguilar.Lit.Review.459,"LocalityLago Engaño,  coord 43.86/71.518",,Lago Engaño,-43.86,-71.518,,,,,,,
251,agui | MAguilar.Lit.Review.1180,coord 42.816666/71.716666; year 2000,,,-42.816666,-71.716666,2000,,,,,,
252,agui | MAguilar.Lit.Review.426,Si es Lago Cisne coord es 42.6/71.9167 (id 11949); la coord de Cussacet al 2004 cae cerca del Rio Blanco,,Lago Cisne,-42.6,-71.9167,,,,,,,
253,agui | MAguilar.Lit.Review.16,coord  42.9/71.3979 (posible laguna Carao),,,-42.9,-71.3979,,,,,,,
254,agui | MAguilar.Lit.Review.75,coord  42.9/71.3979 (posible laguna Carao),,,-42.9,-71.3979,,,,,,,
255,agui | MAguilar.Lit.Review.457,coord 44.28/71.523,,,-44.28,-71.523,,,,,,,
256,agui | MAguilar.Lit.Review.449,coord 43.8188/71.46098,,,-43.8188,-71.46098,,,,,,,
257,agui | MAguilar.Lit.Review.835,coord  43.2619/71.3442,,,-43.2619,-71.3442,,,,,,,
258,agui | MAguilar.Lit.Review.438,coord correctas42.9833/71.5167,,,-42.9833,-71.5167,,,,,,,
259,agui | MAguilar.Lit.Review.50,LocalityLago Carlos Pellegrini; coord  42.4883/71.3931,,Lago Carlos Pellegrini,-42.4883,-71.3931,,,,,,,
260,gbif | KY001660,coord correcta: 43.2619/71.3442,,,-43.2619,-71.3442,,,,,,,
261,agui | MAguilar.Lit.Review.489,year: 2007; recordedBy: Barriga JP & Battini MA,,,,,2007,,Barriga JP & Battini MA,,,,
262,agui | MAguilar.Lit.Review.170,year 2009; recordedBy JP Barriga,,,,,2009,,Juan Pablo Barriga,,,,
263,gbif | KJ499176,coord correcta: 43.2619/71.3442,,,-43.2619,-71.3442,,,,,,,
264,agui | MAguilar.Lit.Review.35,coord 43.25859999/71.3463999,,,-43.25859999,-71.3463999,,,,,,,
265,agui | MAguilar.Lit.Review.43,coord corresta43.2667/71.3333,,,-43.2667,-71.3333,,,,,,,
266,agui | MAguilar.Lit.Review.277,coord  43.2619/71.3442,,,-43.2619,-71.3442,,,,,,,
267,agui | MAguilar.Lit.Review.1149,coord  43.2619/71.3442,,,-43.2619,-71.3442,,,,,,,
268,agui | MAguilar.Lit.Review.55,coord  43.2619/71.3442,,,-43.2619,-71.3442,,,,,,,
269,agui | MAguilar.Lit.Review.125,coord 43.25859999/71.3463999,,,-43.25859999,-71.3463999,,,,,,,
270,agui | MAguilar.Lit.Review.42,42.88889/71.34881,,,-42.88889,-71.34881,,,,,,,
271,agui | MAguilar.Lit.Review.136,coord  42.8882/71.34907,,,-42.8882,-71.34907,,,,,,,
272,agui | MAguilar.Lit.Review.68,coord 42.888/71.349,,,-42.888,-71.349,,,,,,,
273,agui | MAguilar.Lit.Review.51,"no pudimos encontrar a la Lagura Polco, pero el punto cae en cualquier lado",,,,,,,,,,,
274,gbif | FFPAT042-11,canonicalName: Hatcheria macraei; coord correcta 43.25917/71.33759,,,-43.25917,-71.33759,,,,,,Hatcheria macraei,"Hatcheria macraei (Girard, 1855)"
275,agui | MAguilar.Lit.Review.456,coord 44.1267/71.102,,,-44.1267,-71.102,,,,,,,
276,agui | MAguilar.Lit.Review.4,Laguna Foyel 41.7506/71.446,,Laguna Foyel,-41.7506,-71.446,,,,,,,
277,agui | MAguilar.Lit.Review.45,coord  41.75065/71.44597,,,-41.75065,-71.44597,,,,,,,
278,agui | MAguilar.Lit.Review.91, Laguna Foyel coord 41.75065/71.446089,,Laguna Foyel,-41.75065,-71.446089,,,,,,,
279,agui | MAguilar.Lit.Review.92, Laguna Foyel coord 41.75065/71.446089,,Laguna Foyel,-41.75065,-71.446089,,,,,,,
280,agui | MAguilar.Lit.Review.40,42.8846/71.26831,,,-42.8846,-71.26831,,,,,,,
281,agui | MAguilar.Lit.Review.134,coord  42.88462/71.26801,,,-42.88462,-71.26801,,,,,,,
282,gbif | d5c57e42-47fa-40b4-85f0-138e4786203a,no podemos decir nada,,,,,,,,,,,
283,agui | MAguilar.Lit.Review.436,coord  42.9833/71.5167 Laguna Terraplén,,Laguna Terraplén,-42.9833,-71.5167,,,,,,,
284,agui | MAguilar.Lit.Review.14,"Localitylago Bagillt, coord 43.27/71.68",,Lago Bagillt,-43.27,-71.68,,,,,,,
285,agui | MAguilar.Lit.Review.73,"Localitylago Bagillt, coord 43.27/71.68",,Lago Bagillt,-43.27,-71.68,,,,,,,
286,agui | MAguilar.Lit.Review.460,"punto en la tierra hay que marcar una coordenada sobre el rio, no sabemos en que parte del rio fue",,,,,,,,,,,
287,agui | MAguilar.Lit.Review.947,"coord 44.1267/71.102; year:2000 y 2002, el dato corresponde a Ferriz 2003",,,-44.1267,-71.102,2000,,,,,,
288,agui | MAguilar.Lit.Review.923,"coord 44.1267/71.102; year:2000 y 2002, el dato corresponde a Ferriz 2003",,,-44.1267,-71.102,2000,,,,,,
289,agui | MAguilar.Lit.Review.37,coord 44.1267/71.102,,,-44.1267,-71.102,,,,,,,
290,agui | MAguilar.Lit.Review.130,coord correcto:44.12187/71.10211,,,-44.12187,-71.10211,,,,,,,
291,agui | MAguilar.Lit.Review.478,"esste punto es del lado Chileno, dato sacado de un Soto 2001 (ver en Cussac et al 2004)",,,,,,,,,,,
292,inat | https://www.inaturalist.org/observations/187833010,no tenemos como comprobar,,,,,,,,,,,
293,inat | https://www.inaturalist.org/observations/187833057,Locality: Rio Lapataia,,Rio Lapataia,,,,,,,,,
294,inat | https://www.inaturalist.org/observations/250216624,no tenemos como comprobar,,,,,,,,,,,
295,inat | https://www.inaturalist.org/observations/142030334,no tenemos como comprobar,,,,,,,,,,,
296,inat | https://www.inaturalist.org/observations/63008495,no tenemos como comprobar pero parece Rio Lapataia,,Rio Lapataia,,,,,,,,,
297,agui | MAguilar.Lit.Review.393,"esta mal la coord, podria ser 54.798921/68.231359",,,-54.798921,-68.231359,,,,,,,
298,agui | MAguilar.Lit.Review.866,capturado en marzo de 1984 por pescador artesanal,,,,,1984,,,,,,
299,inat | https://www.inaturalist.org/observations/109099669,no tenemos como comprobar,,,,,,,,,,,
300,inat | https://www.inaturalist.org/observations/193814654,no tenemos como comprobar,,,,,,,,,,,
301,,no podemos decir nada,,,,,,,,,,,
302,inat | https://www.inaturalist.org/observations/142026939,locality: desembocadura Rio Olivia,,desembocadura Rio Olivia,,,,,,,,,
303,inat | https://www.inaturalist.org/observations/187904953,Locality: río Olivia,,río Olivia,,,,,,,,,
304,inat | https://www.inaturalist.org/observations/147055006,Parece Río Olivia,,Rio Olivia,,,,,,,,,
305,inat | https://www.inaturalist.org/observations/107069166,Locality: Río Lasifashaj,,Río Lasifashaj,,,,,,,,,
306,,coord correctade Bahia Thetis: 54.644722/65.25083333,,Bahia Thetis,-54.644722,-65.25083333,,,,,,,
307,agui | MAguilar.Lit.Review.953, 54.62817/67.99046; year 2001; recordedBy D. Milano; individualCount2,,,-54.62817,-67.99046,2001,,Daniela Milano,2,,,
308,agui | MAguilar.Lit.Review.1428, 54.62817/67.99046,,,-54.62817,-67.99046,,,,,,,
309,agui | MAguilar.Lit.Review.28, 54.62817/67.99046,,,-54.62817,-67.99046,,,,,,,
310,agui | MAguilar.Lit.Review.954,coord  54.6431/67.7928; year2001; recordedBy D. Milano; individualCount10,,,-54.6431,-67.7928,2001,,Daniela Milano,10,,,
311,agui | MAguilar.Lit.Review.20,coord  54.6431/67.7928,,,-54.6431,-67.7928,,,,,,,
312,agui | MAguilar.Lit.Review.85,coord  54.63333/67.8; Year 2001,,,-54.63333,-67.8,2001,,,,,,
313,agui | MAguilar.Lit.Review.84,coord  54.6578257/67.8040388,,,-54.6578257,-67.8040388,,,,,,,
314,agui | MAguilar.Lit.Review.1165,coord  54.6431/67.7928,,,-54.6431,-67.7928,,,,,,,
315,agui | MAguilar.Lit.Review.178,year: 2001; recordedBy D. Milano; individualCount: 10,,,,,2001,,Daniela Milano,10,,,
316,agui | MAguilar.Lit.Review.1427,coord  54.6431/67.7928,,,-54.6431,-67.7928,,,,,,,
317,agui | MAguilar.Lit.Review.952,year: 2001; individualCount:7,,,,,2001,,,7,,,
318,agui | MAguilar.Lit.Review.177,year: 2001; individualCount:7,,,,,2001,,,7,,,
319,agui | MAguilar.Lit.Review.364,locality: L. Chepelmut,,Lago Chepelmut,,,,,,,,,
320,agui | MAguilar.Lit.Review.382,locality: L. Chepelmut,,Lago Chepelmut,,,,,,,,,
321,,locality: Lago Chepelmut,,Lago Chepelmut,,,,,,,,,
322,gbif | CENPAT-CONICET-CNPICT-CNPICT1996/31,no podemos decir nada,,,,,,,,,,,
323,inat | https://www.inaturalist.org/observations/36240337,no podemos decir nada,,,,,,,,,,,
324,,???? Coord en la tierra,,,,,,,,,,,
325,inat | https://www.inaturalist.org/observations/106084695,"no tenemos como comprobar, pero suponemos que es Bahia Varela",,,,,,,,,,,
326,agui | MAguilar.Lit.Review.883," coord  54.873749/67.28643; En bibliographicCitation Es Lattuca, M. E., Boy, C. C., Vanella, F. A., Barrantes, M. E., & Fernández, D. A. (2018). Thermal responses of three native fishes from estuarine areas of the Beagle Channel, and their implications for climate change. Hydrobiologia, 808(1), 235-249.",,,-54.873749,-67.28643,,,,,"Lattuca, M. E., Boy, C. C., Vanella, F. A., Barrantes, M. E., & Fernández, D. A. (2018). Thermal responses of three native fishes from estuarine areas of the Beagle Channel, and their implications for climate change. Hydrobiologia, 808(1), 235-249.",,
327,inat | https://www.inaturalist.org/observations/195165906,Locality: parece el Río Cambaceres,,Río Cambaceres,,,,,,,,,
328,agui | MAguilar.Lit.Review.481,coord  54.6431/67.7928,,,-54.6431,-67.7928,,,,,,,
329,agui | MAguilar.Lit.Review.366,???? Coord en la tierra,,,,,,,,,,,
330,gbif | CENPAT-CONICET-CNPICT-CNPICT1967/9,no tenemos como comprobar,,,,,,,,,,,
