dataset.x,id_CC_old.x,match_id.x,fieldgood,fieldbad,logodd.ratio,precent.good,percent.bad,checked
vert,16,9,11,1,0.778151250383644,84.6153846153846,7.69230769230769,
agui,18,13,7,0,0.903089986991944,53.8461538461538,0,
mma2,26,18,8,2,0.477121254719662,61.5384615384615,15.3846153846154,ok
mma2,44,28,6,0,0.845098040014257,46.1538461538462,0,
agui,45,29,8,0,0.954242509439325,61.5384615384615,0,
agui,56,38,8,0,0.954242509439325,61.5384615384615,0,
agui,57,39,9,1,0.698970004336019,69.2307692307692,7.69230769230769,
mma2,58,40,8,1,0.653212513775344,61.5384615384615,7.69230769230769,
agui,61,42,9,1,0.698970004336019,69.2307692307692,7.69230769230769,
agui,62,43,10,1,0.740362689494244,76.9230769230769,7.69230769230769,
mma2,65,45,8,2,0.477121254719662,61.5384615384615,15.3846153846154,ok
agui,72,49,9,1,0.698970004336019,69.2307692307692,7.69230769230769,
agui,73,50,10,1,0.740362689494244,76.9230769230769,7.69230769230769,
mma2,89,58,8,2,0.477121254719662,61.5384615384615,15.3846153846154,ok
mma2,91,59,8,2,0.477121254719662,61.5384615384615,15.3846153846154,ok
agui,93,60,9,1,0.698970004336019,69.2307692307692,7.69230769230769,
agui,94,61,9,1,0.698970004336019,69.2307692307692,7.69230769230769,
agui,98,64,9,1,0.698970004336019,69.2307692307692,7.69230769230769,
agui,99,65,9,1,0.698970004336019,69.2307692307692,7.69230769230769,
mma2,101,66,8,2,0.477121254719662,61.5384615384615,15.3846153846154,ok
mma2,105,68,8,2,0.477121254719662,61.5384615384615,15.3846153846154,ok
idig,113,74,9,0,1,69.2307692307692,0,
agui,122,81,9,1,0.698970004336019,69.2307692307692,7.69230769230769,
agui,125,82,9,1,0.698970004336019,69.2307692307692,7.69230769230769,
gbif,130,85,11,0,1.07918124604762,84.6153846153846,0,
mma2,141,94,8,2,0.477121254719662,61.5384615384615,15.3846153846154,ok
agui,146,96,9,1,0.698970004336019,69.2307692307692,7.69230769230769,
mma2,147,97,8,2,0.477121254719662,61.5384615384615,15.3846153846154,ok
agui,153,101,9,1,0.698970004336019,69.2307692307692,7.69230769230769,
mma2,175,118,6,0,0.845098040014257,46.1538461538462,0,
mma2,194,128,8,1,0.653212513775344,61.5384615384615,7.69230769230769,
agui,301,230,9,1,0.698970004336019,69.2307692307692,7.69230769230769,
agui,302,231,7,0,0.903089986991944,53.8461538461538,0,
mma2,303,232,9,1,0.698970004336019,69.2307692307692,7.69230769230769,
agui,311,238,9,0,1,69.2307692307692,0,
agui,312,239,11,0,1.07918124604762,84.6153846153846,0,
agui,319,246,11,0,1.07918124604762,84.6153846153846,0,
agui,329,256,11,0,1.07918124604762,84.6153846153846,0,
agui,330,257,11,0,1.07918124604762,84.6153846153846,0,
agui,336,263,11,0,1.07918124604762,84.6153846153846,0,
agui,345,270,8,0,0.954242509439325,61.5384615384615,0,
agui,346,271,9,0,1,69.2307692307692,0,
agui,351,276,11,0,1.07918124604762,84.6153846153846,0,
agui,362,277,7,0,0.903089986991944,53.8461538461538,0,
agui,363,278,7,0,0.903089986991944,53.8461538461538,0,
idig,369,282,9,0,1,69.2307692307692,0,
agui,379,291,11,0,1.07918124604762,84.6153846153846,0,
agui,383,294,7,0,0.903089986991944,53.8461538461538,0,
agui,384,295,7,0,0.903089986991944,53.8461538461538,0,
agui,396,307,11,0,1.07918124604762,84.6153846153846,0,
agui,400,311,9,1,0.698970004336019,69.2307692307692,7.69230769230769,
agui,401,312,7,0,0.903089986991944,53.8461538461538,0,
agui,402,313,9,1,0.698970004336019,69.2307692307692,7.69230769230769,
agui,403,314,7,0,0.903089986991944,53.8461538461538,0,
agui,408,320,11,0,1.07918124604762,84.6153846153846,0,
agui,419,329,8,0,0.954242509439325,61.5384615384615,0,
agui,420,330,9,1,0.698970004336019,69.2307692307692,7.69230769230769,
agui,421,331,7,0,0.903089986991944,53.8461538461538,0,
agui,422,332,9,1,0.698970004336019,69.2307692307692,7.69230769230769,
agui,423,333,7,0,0.903089986991944,53.8461538461538,0,
mma2,544,449,9,1,0.698970004336019,69.2307692307692,7.69230769230769,
gbif,549,451,7,4,0.204119982655925,53.8461538461538,30.7692307692308,ok
agui,552,455,10,1,0.740362689494244,76.9230769230769,7.69230769230769,
agui,559,461,7,0,0.903089986991944,53.8461538461538,0,
agui,560,462,7,0,0.903089986991944,53.8461538461538,0,
mma2,902,802,8,2,0.477121254719662,61.5384615384615,15.3846153846154,ok
agui,967,858,9,1,0.698970004336019,69.2307692307692,7.69230769230769,
agui,968,859,7,0,0.903089986991944,53.8461538461538,0,
agui,969,860,9,1,0.698970004336019,69.2307692307692,7.69230769230769,
agui,970,861,7,0,0.903089986991944,53.8461538461538,0,
mma2,988,874,7,1,0.602059991327962,53.8461538461538,7.69230769230769,
mma2,990,875,7,1,0.602059991327962,53.8461538461538,7.69230769230769,
mma2,992,876,7,1,0.602059991327962,53.8461538461538,7.69230769230769,
mma2,994,877,7,1,0.602059991327962,53.8461538461538,7.69230769230769,
mma2,1021,895,8,1,0.653212513775344,61.5384615384615,7.69230769230769,
mma2,1052,914,9,1,0.698970004336019,69.2307692307692,7.69230769230769,
mma2,1125,984,8,2,0.477121254719662,61.5384615384615,15.3846153846154,ok
agui,1175,1029,7,0,0.903089986991944,53.8461538461538,0,
agui,1177,1031,7,0,0.903089986991944,53.8461538461538,0,
agui,1210,1062,9,1,0.698970004336019,69.2307692307692,7.69230769230769,
agui,1211,1063,7,0,0.903089986991944,53.8461538461538,0,
agui,1212,1064,9,1,0.698970004336019,69.2307692307692,7.69230769230769,
agui,1213,1065,7,0,0.903089986991944,53.8461538461538,0,
agui,1273,1118,7,0,0.903089986991944,53.8461538461538,0,
agui,1294,1138,7,0,0.903089986991944,53.8461538461538,0,
gbif,1339,1181,10,0,1.04139268515823,76.9230769230769,0,
agui,1365,1207,11,0,1.07918124604762,84.6153846153846,0,
agui,1366,1208,11,0,1.07918124604762,84.6153846153846,0,
agui,1383,1225,10,1,0.740362689494244,76.9230769230769,7.69230769230769,
fish database correa-boisjoly,1400,1241,9,1,0.698970004336019,69.2307692307692,7.69230769230769,
agui,1435,1276,8,0,0.954242509439325,61.5384615384615,0,
fishgis_metadatabase_ccorrea,2074,1283,8,0,0.954242509439325,61.5384615384615,0,
mma2,1442,1284,8,1,0.653212513775344,61.5384615384615,7.69230769230769,
agui,1444,1285,9,1,0.698970004336019,69.2307692307692,7.69230769230769,
agui,1445,1286,7,0,0.903089986991944,53.8461538461538,0,
agui,1446,1287,7,0,0.903089986991944,53.8461538461538,0,
agui,1458,1295,10,1,0.740362689494244,76.9230769230769,7.69230769230769,
subpesca-1,1466,1303,9,1,0.698970004336019,69.2307692307692,7.69230769230769,
subpesca-1,1468,1305,9,1,0.698970004336019,69.2307692307692,7.69230769230769,
subpesca-1,1470,1307,9,1,0.698970004336019,69.2307692307692,7.69230769230769,
subpesca-1,1480,1317,9,1,0.698970004336019,69.2307692307692,7.69230769230769,
subpesca-1,1481,1318,9,1,0.698970004336019,69.2307692307692,7.69230769230769,
agui,1505,1337,10,1,0.740362689494244,76.9230769230769,7.69230769230769,
agui,1521,1347,10,0,1.04139268515823,76.9230769230769,0,
agui,1522,1348,7,0,0.903089986991944,53.8461538461538,0,
agui,1531,1356,10,1,0.740362689494244,76.9230769230769,7.69230769230769,
subpesca-1,1537,1362,9,1,0.698970004336019,69.2307692307692,7.69230769230769,
subpesca-1,1540,1365,9,1,0.698970004336019,69.2307692307692,7.69230769230769,
subpesca-1,1541,1366,9,1,0.698970004336019,69.2307692307692,7.69230769230769,
subpesca-1,1565,1382,9,1,0.698970004336019,69.2307692307692,7.69230769230769,
agui,1605,1416,7,0,0.903089986991944,53.8461538461538,0,
agui,1622,1432,10,1,0.740362689494244,76.9230769230769,7.69230769230769,
agui,1623,1433,10,1,0.740362689494244,76.9230769230769,7.69230769230769,
mma2,1676,1479,8,2,0.477121254719662,61.5384615384615,15.3846153846154,ok
agui,1678,1480,9,1,0.698970004336019,69.2307692307692,7.69230769230769,
agui,1679,1481,10,1,0.740362689494244,76.9230769230769,7.69230769230769,
agui,1680,1482,9,1,0.698970004336019,69.2307692307692,7.69230769230769,
agui,1681,1483,10,1,0.740362689494244,76.9230769230769,7.69230769230769,
agui,1682,1484,9,1,0.698970004336019,69.2307692307692,7.69230769230769,
agui,1683,1485,10,1,0.740362689494244,76.9230769230769,7.69230769230769,
mma2,1686,1486,8,2,0.477121254719662,61.5384615384615,15.3846153846154,ok
subpesca-1,1700,1494,9,1,0.698970004336019,69.2307692307692,7.69230769230769,
subpesca-1,1702,1496,9,1,0.698970004336019,69.2307692307692,7.69230769230769,
subpesca-1,1704,1498,9,1,0.698970004336019,69.2307692307692,7.69230769230769,
subpesca-1,1705,1499,9,1,0.698970004336019,69.2307692307692,7.69230769230769,
vert,1728,1515,11,1,0.778151250383644,84.6153846153846,7.69230769230769,
agui,1739,1528,7,0,0.903089986991944,53.8461538461538,0,
agui,1740,1529,7,0,0.903089986991944,53.8461538461538,0,
agui,1742,1531,7,0,0.903089986991944,53.8461538461538,0,
agui,1748,1538,10,1,0.740362689494244,76.9230769230769,7.69230769230769,
agui,1787,1572,10,1,0.740362689494244,76.9230769230769,7.69230769230769,
agui,1794,1579,11,0,1.07918124604762,84.6153846153846,0,
agui,1795,1580,11,0,1.07918124604762,84.6153846153846,0,
agui,1815,1595,8,0,0.954242509439325,61.5384615384615,0,
agui,1816,1596,9,0,1,69.2307692307692,0,
agui,1817,1597,8,0,0.954242509439325,61.5384615384615,0,
agui,1818,1598,8,0,0.954242509439325,61.5384615384615,0,
agui,1819,1599,8,0,0.954242509439325,61.5384615384615,0,
agui,1823,1600,9,0,1,69.2307692307692,0,
agui,1824,1601,8,0,0.954242509439325,61.5384615384615,0,
agui,1825,1602,8,0,0.954242509439325,61.5384615384615,0,
agui,1826,1603,8,0,0.954242509439325,61.5384615384615,0,
agui,1827,1604,9,0,1,69.2307692307692,0,
agui,1828,1605,8,0,0.954242509439325,61.5384615384615,0,
agui,1829,1606,8,0,0.954242509439325,61.5384615384615,0,
agui,1830,1607,8,0,0.954242509439325,61.5384615384615,0,
agui,1848,1620,11,0,1.07918124604762,84.6153846153846,0,
subpesca-1,1880,1645,9,1,0.698970004336019,69.2307692307692,7.69230769230769,
subpesca-1,1903,1660,9,1,0.698970004336019,69.2307692307692,7.69230769230769,
subpesca-1,1905,1662,9,1,0.698970004336019,69.2307692307692,7.69230769230769,
subpesca-1,1907,1664,9,1,0.698970004336019,69.2307692307692,7.69230769230769,
subpesca-1,1909,1666,9,1,0.698970004336019,69.2307692307692,7.69230769230769,
agui,1974,1730,11,0,1.07918124604762,84.6153846153846,0,
agui,1978,1731,9,0,1,69.2307692307692,0,
agui,1979,1732,8,0,0.954242509439325,61.5384615384615,0,
agui,1980,1733,8,0,0.954242509439325,61.5384615384615,0,
agui,1981,1734,7,0,0.903089986991944,53.8461538461538,0,
agui,1995,1748,9,1,0.698970004336019,69.2307692307692,7.69230769230769,
mma2,1996,1749,8,1,0.653212513775344,61.5384615384615,7.69230769230769,
mma2,1999,1750,8,1,0.653212513775344,61.5384615384615,7.69230769230769,
subpesca-1,2011,1760,9,1,0.698970004336019,69.2307692307692,7.69230769230769,
subpesca-1,2051,1797,9,1,0.698970004336019,69.2307692307692,7.69230769230769,
subpesca-1,2052,1798,9,1,0.698970004336019,69.2307692307692,7.69230769230769,
subpesca-1,2100,1843,9,1,0.698970004336019,69.2307692307692,7.69230769230769,
subpesca-1,2103,1846,9,1,0.698970004336019,69.2307692307692,7.69230769230769,
mma2,2155,1892,8,2,0.477121254719662,61.5384615384615,15.3846153846154,
mma2,2157,1893,8,2,0.477121254719662,61.5384615384615,15.3846153846154,
agui,2159,1894,9,1,0.698970004336019,69.2307692307692,7.69230769230769,
agui,2160,1895,10,1,0.740362689494244,76.9230769230769,7.69230769230769,
agui,2161,1896,9,1,0.698970004336019,69.2307692307692,7.69230769230769,
agui,2162,1897,10,1,0.740362689494244,76.9230769230769,7.69230769230769,
agui,2163,1898,9,1,0.698970004336019,69.2307692307692,7.69230769230769,
agui,2164,1899,10,1,0.740362689494244,76.9230769230769,7.69230769230769,
mma2,2167,1900,8,2,0.477121254719662,61.5384615384615,15.3846153846154,
agui,2173,1903,9,1,0.698970004336019,69.2307692307692,7.69230769230769,
agui,2174,1904,10,1,0.740362689494244,76.9230769230769,7.69230769230769,
agui,2175,1905,9,1,0.698970004336019,69.2307692307692,7.69230769230769,
agui,2176,1906,10,1,0.740362689494244,76.9230769230769,7.69230769230769,
agui,2182,1912,7,0,0.903089986991944,53.8461538461538,0,
agui,2199,1929,9,1,0.698970004336019,69.2307692307692,7.69230769230769,
mma2,2202,1931,8,2,0.477121254719662,61.5384615384615,15.3846153846154,
subpesca-1,2237,1963,9,1,0.698970004336019,69.2307692307692,7.69230769230769,
subpesca-1,2239,1965,9,1,0.698970004336019,69.2307692307692,7.69230769230769,
agui,2257,1979,7,0,0.903089986991944,53.8461538461538,0,
agui,2258,1980,7,0,0.903089986991944,53.8461538461538,0,
subpesca-1,2285,2004,9,1,0.698970004336019,69.2307692307692,7.69230769230769,
subpesca-1,2286,2005,9,1,0.698970004336019,69.2307692307692,7.69230769230769,
subpesca-1,2288,2007,9,1,0.698970004336019,69.2307692307692,7.69230769230769,
subpesca-1,2319,2033,9,1,0.698970004336019,69.2307692307692,7.69230769230769,
idig,2360,2071,11,0,1.07918124604762,84.6153846153846,0,
agui,2361,2072,7,0,0.903089986991944,53.8461538461538,0,
subpesca-1,2377,2090,9,1,0.698970004336019,69.2307692307692,7.69230769230769,
subpesca-1,2378,2091,9,1,0.698970004336019,69.2307692307692,7.69230769230769,
subpesca-1,2382,2095,9,1,0.698970004336019,69.2307692307692,7.69230769230769,
subpesca-1,2392,2101,9,1,0.698970004336019,69.2307692307692,7.69230769230769,
subpesca-1,2393,2102,9,1,0.698970004336019,69.2307692307692,7.69230769230769,
subpesca-1,2397,2106,9,1,0.698970004336019,69.2307692307692,7.69230769230769,
subpesca-1,2398,2107,9,1,0.698970004336019,69.2307692307692,7.69230769230769,
subpesca-1,2420,2124,9,1,0.698970004336019,69.2307692307692,7.69230769230769,
agui,2432,2135,9,1,0.698970004336019,69.2307692307692,7.69230769230769,
agui,2433,2136,10,1,0.740362689494244,76.9230769230769,7.69230769230769,
mma2,2435,2137,8,2,0.477121254719662,61.5384615384615,15.3846153846154,
mma2,2453,2152,6,0,0.845098040014257,46.1538461538462,0,
mma2,2463,2161,8,1,0.653212513775344,61.5384615384615,7.69230769230769,
subpesca-1,2471,2169,9,1,0.698970004336019,69.2307692307692,7.69230769230769,
subpesca-1,2497,2194,9,1,0.698970004336019,69.2307692307692,7.69230769230769,
subpesca-1,2499,2196,9,1,0.698970004336019,69.2307692307692,7.69230769230769,
agui,2534,2229,7,0,0.903089986991944,53.8461538461538,0,
agui,2536,2231,7,0,0.903089986991944,53.8461538461538,0,
agui,2543,2238,7,0,0.903089986991944,53.8461538461538,0,
subpesca-1,2570,2260,9,1,0.698970004336019,69.2307692307692,7.69230769230769,
subpesca-1,2576,2266,9,1,0.698970004336019,69.2307692307692,7.69230769230769,
subpesca-1,2579,2269,9,1,0.698970004336019,69.2307692307692,7.69230769230769,
subpesca-1,2605,2290,9,1,0.698970004336019,69.2307692307692,7.69230769230769,
subpesca-1,2607,2292,9,1,0.698970004336019,69.2307692307692,7.69230769230769,
subpesca-1,2609,2294,9,1,0.698970004336019,69.2307692307692,7.69230769230769,
subpesca-1,2611,2296,9,1,0.698970004336019,69.2307692307692,7.69230769230769,
subpesca-1,2618,2303,9,1,0.698970004336019,69.2307692307692,7.69230769230769,
subpesca-1,2620,2305,9,1,0.698970004336019,69.2307692307692,7.69230769230769,
subpesca-1,2627,2312,9,1,0.698970004336019,69.2307692307692,7.69230769230769,
agui,2661,2336,8,0,0.954242509439325,61.5384615384615,0,
agui,2662,2337,7,0,0.903089986991944,53.8461538461538,0,
agui,2663,2338,10,0,1.04139268515823,76.9230769230769,0,
subpesca-1,2671,2342,9,1,0.698970004336019,69.2307692307692,7.69230769230769,
subpesca-1,2673,2344,9,1,0.698970004336019,69.2307692307692,7.69230769230769,
subpesca-1,2674,2345,9,1,0.698970004336019,69.2307692307692,7.69230769230769,
subpesca-1,2677,2348,9,1,0.698970004336019,69.2307692307692,7.69230769230769,
subpesca-1,2678,2349,9,1,0.698970004336019,69.2307692307692,7.69230769230769,
subpesca-1,2680,2351,9,1,0.698970004336019,69.2307692307692,7.69230769230769,
subpesca-1,2681,2352,9,1,0.698970004336019,69.2307692307692,7.69230769230769,
subpesca-1,2693,2360,9,1,0.698970004336019,69.2307692307692,7.69230769230769,
subpesca-1,2695,2362,9,1,0.698970004336019,69.2307692307692,7.69230769230769,
mma2,2734,2396,8,1,0.653212513775344,61.5384615384615,7.69230769230769,
agui,2750,2409,10,1,0.740362689494244,76.9230769230769,7.69230769230769,
mma2,2751,2410,8,2,0.477121254719662,61.5384615384615,15.3846153846154,
agui,2864,2518,10,0,1.04139268515823,76.9230769230769,0,
agui,2866,2519,7,0,0.903089986991944,53.8461538461538,0,
agui,2867,2520,7,0,0.903089986991944,53.8461538461538,0,
agui,2899,2552,9,1,0.698970004336019,69.2307692307692,7.69230769230769,
subpesca-1,2904,2556,9,1,0.698970004336019,69.2307692307692,7.69230769230769,
vert,3004,2649,11,1,0.778151250383644,84.6153846153846,7.69230769230769,
vert,3007,2652,11,1,0.778151250383644,84.6153846153846,7.69230769230769,
subpesca-1,3012,2657,9,1,0.698970004336019,69.2307692307692,7.69230769230769,
subpesca-1,3014,2659,9,1,0.698970004336019,69.2307692307692,7.69230769230769,
agui,3058,2703,9,1,0.698970004336019,69.2307692307692,7.69230769230769,
mma2,3068,2713,8,2,0.477121254719662,61.5384615384615,15.3846153846154,ok
subpesca-1,3084,2727,9,1,0.698970004336019,69.2307692307692,7.69230769230769,
subpesca-1,3086,2729,9,1,0.698970004336019,69.2307692307692,7.69230769230769,
agui,3108,2746,10,1,0.740362689494244,76.9230769230769,7.69230769230769,
mma2,3263,2900,6,1,0.544068044350276,46.1538461538462,7.69230769230769,ok
subpesca-1,3374,3006,9,1,0.698970004336019,69.2307692307692,7.69230769230769,
subpesca-1,3388,3020,9,1,0.698970004336019,69.2307692307692,7.69230769230769,
subpesca-1,3440,3072,9,1,0.698970004336019,69.2307692307692,7.69230769230769,
vert,3474,3099,11,1,0.778151250383644,84.6153846153846,7.69230769230769,
agui,3844,3472,7,0,0.903089986991944,53.8461538461538,0,
agui,3985,3612,9,1,0.698970004336019,69.2307692307692,7.69230769230769,
agui,3986,3613,9,1,0.698970004336019,69.2307692307692,7.69230769230769,
subpesca-1,4020,3641,9,1,0.698970004336019,69.2307692307692,7.69230769230769,
subpesca-1,4064,3687,9,1,0.698970004336019,69.2307692307692,7.69230769230769,
fishgis_metadatabase_ccorrea,4105,3718,6,0,0.845098040014257,46.1538461538462,0,
gbif,4111,3722,11,0,1.07918124604762,84.6153846153846,0,
subpesca-1,4164,3771,9,1,0.698970004336019,69.2307692307692,7.69230769230769,
subpesca-1,4165,3772,9,1,0.698970004336019,69.2307692307692,7.69230769230769,
subpesca-1,4209,3807,9,1,0.698970004336019,69.2307692307692,7.69230769230769,
subpesca-1,4286,3883,9,1,0.698970004336019,69.2307692307692,7.69230769230769,
idig,4314,3909,9,1,0.698970004336019,69.2307692307692,7.69230769230769,
subpesca-1,4368,3957,9,1,0.698970004336019,69.2307692307692,7.69230769230769,
subpesca-1,4416,4003,9,1,0.698970004336019,69.2307692307692,7.69230769230769,
subpesca-1,4464,4046,9,1,0.698970004336019,69.2307692307692,7.69230769230769,
agui,4511,4090,10,1,0.740362689494244,76.9230769230769,7.69230769230769,
subpesca-1,4546,4125,9,1,0.698970004336019,69.2307692307692,7.69230769230769,
idig,4556,4134,9,0,1,69.2307692307692,0,
idig,4557,4136,9,0,1,69.2307692307692,0,
subpesca-1,4565,4145,9,1,0.698970004336019,69.2307692307692,7.69230769230769,
subpesca-1,4566,4146,9,1,0.698970004336019,69.2307692307692,7.69230769230769,
subpesca-1,4582,4158,9,1,0.698970004336019,69.2307692307692,7.69230769230769,
subpesca-1,4635,4207,9,1,0.698970004336019,69.2307692307692,7.69230769230769,
subpesca-1,4636,4208,9,1,0.698970004336019,69.2307692307692,7.69230769230769,
agui,4638,4210,10,1,0.740362689494244,76.9230769230769,7.69230769230769,
agui,4639,4211,9,1,0.698970004336019,69.2307692307692,7.69230769230769,
agui,4640,4212,10,1,0.740362689494244,76.9230769230769,7.69230769230769,
agui,4641,4213,7,0,0.903089986991944,53.8461538461538,0,
subpesca-1,4707,4270,9,1,0.698970004336019,69.2307692307692,7.69230769230769,
subpesca-1,4708,4271,9,1,0.698970004336019,69.2307692307692,7.69230769230769,
subpesca-1,4710,4273,9,1,0.698970004336019,69.2307692307692,7.69230769230769,
subpesca-1,4715,4278,9,1,0.698970004336019,69.2307692307692,7.69230769230769,
subpesca-1,4717,4280,9,1,0.698970004336019,69.2307692307692,7.69230769230769,
subpesca-1,4968,4525,9,1,0.698970004336019,69.2307692307692,7.69230769230769,
subpesca-1,4969,4526,9,1,0.698970004336019,69.2307692307692,7.69230769230769,
subpesca-1,4976,4533,9,1,0.698970004336019,69.2307692307692,7.69230769230769,
subpesca-1,4993,4545,9,1,0.698970004336019,69.2307692307692,7.69230769230769,
subpesca-1,5007,4558,9,1,0.698970004336019,69.2307692307692,7.69230769230769,
subpesca-1,5008,4559,9,1,0.698970004336019,69.2307692307692,7.69230769230769,
vert,5018,4564,11,1,0.778151250383644,84.6153846153846,7.69230769230769,
agui,5051,4599,8,0,0.954242509439325,61.5384615384615,0,
agui,5078,4623,9,1,0.698970004336019,69.2307692307692,7.69230769230769,
agui,5079,4624,9,1,0.698970004336019,69.2307692307692,7.69230769230769,
agui,5080,4625,10,1,0.740362689494244,76.9230769230769,7.69230769230769,
agui,5081,4626,9,1,0.698970004336019,69.2307692307692,7.69230769230769,
agui,5082,4627,9,1,0.698970004336019,69.2307692307692,7.69230769230769,
agui,5084,4629,7,0,0.903089986991944,53.8461538461538,0,
agui,5213,4755,8,0,0.954242509439325,61.5384615384615,0,
agui,5214,4756,8,0,0.954242509439325,61.5384615384615,0,
agui,5215,4757,8,0,0.954242509439325,61.5384615384615,0,
agui,5217,4759,11,0,1.07918124604762,84.6153846153846,0,
subpesca-1,5324,4859,9,1,0.698970004336019,69.2307692307692,7.69230769230769,
subpesca-1,5335,4868,9,1,0.698970004336019,69.2307692307692,7.69230769230769,
subpesca-1,5340,4873,9,1,0.698970004336019,69.2307692307692,7.69230769230769,
subpesca-1,5343,4876,9,1,0.698970004336019,69.2307692307692,7.69230769230769,
subpesca-1,5345,4878,9,1,0.698970004336019,69.2307692307692,7.69230769230769,
subpesca-1,5347,4880,9,1,0.698970004336019,69.2307692307692,7.69230769230769,
mma2,5384,4907,7,0,0.903089986991944,53.8461538461538,0,
subpesca-1,5413,4923,9,1,0.698970004336019,69.2307692307692,7.69230769230769,
agui,5438,4947,7,0,0.903089986991944,53.8461538461538,0,
agui,5440,4949,7,0,0.903089986991944,53.8461538461538,0,
agui,5442,4951,7,0,0.903089986991944,53.8461538461538,0,
agui,5443,4952,7,0,0.903089986991944,53.8461538461538,0,
agui,5444,4953,7,0,0.903089986991944,53.8461538461538,0,
mma2,5445,4954,8,2,0.477121254719662,61.5384615384615,15.3846153846154,
mma2,5455,4959,7,0,0.903089986991944,53.8461538461538,0,
mma2,5458,4962,8,2,0.477121254719662,61.5384615384615,15.3846153846154,
mma2,5468,4967,8,2,0.477121254719662,61.5384615384615,15.3846153846154,
agui,5489,4987,10,1,0.740362689494244,76.9230769230769,7.69230769230769,
agui,5490,4988,10,1,0.740362689494244,76.9230769230769,7.69230769230769,
subpesca-1,5503,5001,9,1,0.698970004336019,69.2307692307692,7.69230769230769,
subpesca-1,5505,5003,9,1,0.698970004336019,69.2307692307692,7.69230769230769,
subpesca-1,5641,5135,9,1,0.698970004336019,69.2307692307692,7.69230769230769,
fishgis_metadatabase_ccorrea,5759,5244,8,0,0.954242509439325,61.5384615384615,0,
subpesca-1,5828,5308,9,1,0.698970004336019,69.2307692307692,7.69230769230769,
subpesca-1,5829,5309,9,1,0.698970004336019,69.2307692307692,7.69230769230769,
subpesca-1,5831,5311,9,1,0.698970004336019,69.2307692307692,7.69230769230769,
vert,5858,5327,11,1,0.778151250383644,84.6153846153846,7.69230769230769,
mma2,5863,5336,8,2,0.477121254719662,61.5384615384615,15.3846153846154,
subpesca-1,5865,5337,9,1,0.698970004336019,69.2307692307692,7.69230769230769,
agui,5885,5355,10,1,0.740362689494244,76.9230769230769,7.69230769230769,
vert,5892,5362,11,0,1.07918124604762,84.6153846153846,0,
subpesca-1,5912,5378,9,1,0.698970004336019,69.2307692307692,7.69230769230769,
agui,5949,5415,10,1,0.740362689494244,76.9230769230769,7.69230769230769,
mma2,5950,5416,8,2,0.477121254719662,61.5384615384615,15.3846153846154,
subpesca-1,5958,5422,9,1,0.698970004336019,69.2307692307692,7.69230769230769,
agui,5969,5432,10,1,0.740362689494244,76.9230769230769,7.69230769230769,
agui,5970,5433,7,0,0.903089986991944,53.8461538461538,0,
agui,5971,5434,10,1,0.740362689494244,76.9230769230769,7.69230769230769,
agui,5972,5435,7,0,0.903089986991944,53.8461538461538,0,
agui,5973,5436,7,0,0.903089986991944,53.8461538461538,0,
mma2,5977,5440,8,2,0.477121254719662,61.5384615384615,15.3846153846154,
mma2,5986,5448,8,2,0.477121254719662,61.5384615384615,15.3846153846154,
mma2,6145,5604,8,2,0.477121254719662,61.5384615384615,15.3846153846154,
mma2,6151,5609,8,2,0.477121254719662,61.5384615384615,15.3846153846154,
mma2,6153,5610,8,2,0.477121254719662,61.5384615384615,15.3846153846154,
agui,6254,5710,7,0,0.903089986991944,53.8461538461538,0,
agui,6256,5712,8,0,0.954242509439325,61.5384615384615,0,
agui,6477,5928,9,1,0.698970004336019,69.2307692307692,7.69230769230769,
agui,6478,5929,7,0,0.903089986991944,53.8461538461538,0,
agui,6479,5930,9,1,0.698970004336019,69.2307692307692,7.69230769230769,
agui,6480,5931,7,0,0.903089986991944,53.8461538461538,0,
agui,6481,5932,9,1,0.698970004336019,69.2307692307692,7.69230769230769,
agui,6482,5933,7,0,0.903089986991944,53.8461538461538,0,
agui,6535,5975,8,0,0.954242509439325,61.5384615384615,0,
agui,6537,5977,7,0,0.903089986991944,53.8461538461538,0,
agui,6538,5978,9,1,0.698970004336019,69.2307692307692,7.69230769230769,
agui,6539,5979,9,1,0.698970004336019,69.2307692307692,7.69230769230769,
subpesca-1,6579,6006,9,1,0.698970004336019,69.2307692307692,7.69230769230769,
subpesca-1,6582,6009,9,1,0.698970004336019,69.2307692307692,7.69230769230769,
subpesca-1,6590,6017,9,1,0.698970004336019,69.2307692307692,7.69230769230769,
subpesca-1,6596,6023,9,1,0.698970004336019,69.2307692307692,7.69230769230769,
subpesca-1,6598,6025,9,1,0.698970004336019,69.2307692307692,7.69230769230769,
subpesca-1,6620,6047,9,1,0.698970004336019,69.2307692307692,7.69230769230769,
subpesca-1,6621,6048,9,1,0.698970004336019,69.2307692307692,7.69230769230769,
subpesca-1,6624,6051,9,1,0.698970004336019,69.2307692307692,7.69230769230769,
subpesca-1,6625,6052,9,1,0.698970004336019,69.2307692307692,7.69230769230769,
agui,6693,6115,10,1,0.740362689494244,76.9230769230769,7.69230769230769,
subpesca-1,6704,6124,9,1,0.698970004336019,69.2307692307692,7.69230769230769,
agui,6738,6153,9,1,0.698970004336019,69.2307692307692,7.69230769230769,
fish database correa-boisjoly,6920,6325,9,1,0.698970004336019,69.2307692307692,7.69230769230769,
gbif,6929,6334,8,0,0.954242509439325,61.5384615384615,0,
agui,6933,6335,9,1,0.698970004336019,69.2307692307692,7.69230769230769,
agui,6934,6336,9,1,0.698970004336019,69.2307692307692,7.69230769230769,
agui,6935,6337,10,1,0.740362689494244,76.9230769230769,7.69230769230769,
agui,6936,6338,10,1,0.740362689494244,76.9230769230769,7.69230769230769,
mma2,6950,6346,8,2,0.477121254719662,61.5384615384615,15.3846153846154,
subpesca-1,6978,6371,9,1,0.698970004336019,69.2307692307692,7.69230769230769,
subpesca-1,6979,6372,9,1,0.698970004336019,69.2307692307692,7.69230769230769,
subpesca-1,6980,6373,9,1,0.698970004336019,69.2307692307692,7.69230769230769,
subpesca-1,6983,6376,9,1,0.698970004336019,69.2307692307692,7.69230769230769,
mma2,7000,6386,8,2,0.477121254719662,61.5384615384615,15.3846153846154,ok
subpesca-1,7002,6387,9,1,0.698970004336019,69.2307692307692,7.69230769230769,
subpesca-1,7006,6391,9,1,0.698970004336019,69.2307692307692,7.69230769230769,
agui,7018,6402,7,0,0.903089986991944,53.8461538461538,0,
agui,7020,6404,8,0,0.954242509439325,61.5384615384615,0,
agui,7021,6405,7,0,0.903089986991944,53.8461538461538,0,
agui,7022,6406,10,1,0.740362689494244,76.9230769230769,7.69230769230769,
agui,7023,6407,10,1,0.740362689494244,76.9230769230769,7.69230769230769,
agui,7024,6408,10,1,0.740362689494244,76.9230769230769,7.69230769230769,
agui,7036,6412,9,1,0.698970004336019,69.2307692307692,7.69230769230769,
subpesca-1,7073,6442,9,1,0.698970004336019,69.2307692307692,7.69230769230769,
subpesca-1,7074,6443,9,1,0.698970004336019,69.2307692307692,7.69230769230769,
mma2,7095,6460,7,0,0.903089986991944,53.8461538461538,0,
mma2,7149,6510,6,0,0.845098040014257,46.1538461538462,0,
agui,7279,6639,11,0,1.07918124604762,84.6153846153846,0,
subpesca-1,7287,6648,9,1,0.698970004336019,69.2307692307692,7.69230769230769,
agui,7316,6676,9,0,1,69.2307692307692,0,
agui,7317,6677,8,0,0.954242509439325,61.5384615384615,0,
agui,7318,6678,8,0,0.954242509439325,61.5384615384615,0,
agui,7319,6679,8,0,0.954242509439325,61.5384615384615,0,
agui,7323,6683,9,1,0.698970004336019,69.2307692307692,7.69230769230769,
agui,7325,6685,7,0,0.903089986991944,53.8461538461538,0,
agui,7326,6686,9,1,0.698970004336019,69.2307692307692,7.69230769230769,
agui,7327,6687,7,0,0.903089986991944,53.8461538461538,0,
agui,7328,6688,9,1,0.698970004336019,69.2307692307692,7.69230769230769,
agui,7329,6689,10,1,0.740362689494244,76.9230769230769,7.69230769230769,
agui,7330,6690,7,0,0.903089986991944,53.8461538461538,0,
subpesca-1,7344,6702,9,1,0.698970004336019,69.2307692307692,7.69230769230769,
subpesca-1,7412,6756,9,1,0.698970004336019,69.2307692307692,7.69230769230769,
subpesca-1,7480,6822,9,1,0.698970004336019,69.2307692307692,7.69230769230769,
agui,7523,6862,10,1,0.740362689494244,76.9230769230769,7.69230769230769,
subpesca-2,7540,6877,10,0,1.04139268515823,76.9230769230769,0,
subpesca-2,7541,6878,10,0,1.04139268515823,76.9230769230769,0,
subpesca-2,7542,6879,10,0,1.04139268515823,76.9230769230769,0,
subpesca-2,7543,6880,10,0,1.04139268515823,76.9230769230769,0,
subpesca-1,7547,6884,9,1,0.698970004336019,69.2307692307692,7.69230769230769,
subpesca-2,7552,6889,10,0,1.04139268515823,76.9230769230769,0,
subpesca-2,7554,6891,10,0,1.04139268515823,76.9230769230769,0,
subpesca-2,7555,6892,10,0,1.04139268515823,76.9230769230769,0,
subpesca-1,7556,6893,9,1,0.698970004336019,69.2307692307692,7.69230769230769,
subpesca-1,7560,6897,9,1,0.698970004336019,69.2307692307692,7.69230769230769,
subpesca-1,7586,6922,9,1,0.698970004336019,69.2307692307692,7.69230769230769,
idig,7612,6947,11,0,1.07918124604762,84.6153846153846,0,
subpesca-1,7618,6954,9,1,0.698970004336019,69.2307692307692,7.69230769230769,
subpesca-1,7627,6963,9,1,0.698970004336019,69.2307692307692,7.69230769230769,
subpesca-2,7634,6970,10,0,1.04139268515823,76.9230769230769,0,
subpesca-2,7635,6971,10,0,1.04139268515823,76.9230769230769,0,
subpesca-2,7636,6972,10,0,1.04139268515823,76.9230769230769,0,
subpesca-1,7659,6990,9,1,0.698970004336019,69.2307692307692,7.69230769230769,
subpesca-1,7661,6992,9,1,0.698970004336019,69.2307692307692,7.69230769230769,
subpesca-1,7665,6996,9,1,0.698970004336019,69.2307692307692,7.69230769230769,
agui,7671,7002,10,1,0.740362689494244,76.9230769230769,7.69230769230769,
agui,7689,7015,7,0,0.903089986991944,53.8461538461538,0,
agui,7690,7016,7,0,0.903089986991944,53.8461538461538,0,
subpesca-1,7697,7019,9,1,0.698970004336019,69.2307692307692,7.69230769230769,
subpesca-1,7698,7020,9,1,0.698970004336019,69.2307692307692,7.69230769230769,
subpesca-1,7804,7114,9,1,0.698970004336019,69.2307692307692,7.69230769230769,
subpesca-1,7805,7115,9,1,0.698970004336019,69.2307692307692,7.69230769230769,
subpesca-1,7807,7117,9,1,0.698970004336019,69.2307692307692,7.69230769230769,
subpesca-1,7808,7118,9,1,0.698970004336019,69.2307692307692,7.69230769230769,
subpesca-1,7841,7145,9,1,0.698970004336019,69.2307692307692,7.69230769230769,
subpesca-1,7848,7152,9,1,0.698970004336019,69.2307692307692,7.69230769230769,
subpesca-2,7851,7155,10,0,1.04139268515823,76.9230769230769,0,
subpesca-1,7985,7287,9,1,0.698970004336019,69.2307692307692,7.69230769230769,
subpesca-2,8454,7754,10,0,1.04139268515823,76.9230769230769,0,
subpesca-2,8455,7755,10,0,1.04139268515823,76.9230769230769,0,
subpesca-1,8456,7756,9,1,0.698970004336019,69.2307692307692,7.69230769230769,
agui,8531,7825,9,1,0.698970004336019,69.2307692307692,7.69230769230769,
agui,8533,7827,7,0,0.903089986991944,53.8461538461538,0,
subpesca-1,8542,7836,9,1,0.698970004336019,69.2307692307692,7.69230769230769,
agui,8651,7894,10,1,0.740362689494244,76.9230769230769,7.69230769230769,
agui,8652,7895,10,1,0.740362689494244,76.9230769230769,7.69230769230769,
subpesca-1,8670,7911,9,1,0.698970004336019,69.2307692307692,7.69230769230769,
subpesca-1,8672,7913,9,1,0.698970004336019,69.2307692307692,7.69230769230769,
subpesca-1,8695,7933,9,1,0.698970004336019,69.2307692307692,7.69230769230769,
agui,8706,7943,9,1,0.698970004336019,69.2307692307692,7.69230769230769,
subpesca-1,8723,7960,9,1,0.698970004336019,69.2307692307692,7.69230769230769,
subpesca-1,8725,7962,9,1,0.698970004336019,69.2307692307692,7.69230769230769,
subpesca-1,8729,7966,9,1,0.698970004336019,69.2307692307692,7.69230769230769,
mma2,8769,7986,7,0,0.903089986991944,53.8461538461538,0,
subpesca-1,8770,7987,9,1,0.698970004336019,69.2307692307692,7.69230769230769,
subpesca-1,8772,7989,9,1,0.698970004336019,69.2307692307692,7.69230769230769,
subpesca-1,8775,7992,9,1,0.698970004336019,69.2307692307692,7.69230769230769,
subpesca-1,8784,8001,9,1,0.698970004336019,69.2307692307692,7.69230769230769,
subpesca-1,8787,8004,9,1,0.698970004336019,69.2307692307692,7.69230769230769,
subpesca-1,8792,8008,9,1,0.698970004336019,69.2307692307692,7.69230769230769,
agui,8939,8153,9,1,0.698970004336019,69.2307692307692,7.69230769230769,
subpesca-1,8958,8172,9,1,0.698970004336019,69.2307692307692,7.69230769230769,
agui,9327,8539,10,1,0.740362689494244,76.9230769230769,7.69230769230769,
agui,9372,8579,10,1,0.740362689494244,76.9230769230769,7.69230769230769,
agui,9377,8582,9,1,0.698970004336019,69.2307692307692,7.69230769230769,
subpesca-1,9682,8883,9,1,0.698970004336019,69.2307692307692,7.69230769230769,
subpesca-1,9693,8889,9,1,0.698970004336019,69.2307692307692,7.69230769230769,
mma2,9856,9037,7,0,0.903089986991944,53.8461538461538,0,
agui,9861,9042,8,0,0.954242509439325,61.5384615384615,0,
subpesca-1,9866,9045,9,1,0.698970004336019,69.2307692307692,7.69230769230769,
agui,9884,9058,7,0,0.903089986991944,53.8461538461538,0,
agui,9888,9062,10,1,0.740362689494244,76.9230769230769,7.69230769230769,
agui,9889,9063,10,1,0.740362689494244,76.9230769230769,7.69230769230769,
agui,9966,9137,9,1,0.698970004336019,69.2307692307692,7.69230769230769,
subpesca-1,10150,9311,9,1,0.698970004336019,69.2307692307692,7.69230769230769,
agui,10173,9334,10,0,1.04139268515823,76.9230769230769,0,
mma2,10175,9335,7,0,0.903089986991944,53.8461538461538,0,
agui,10264,9419,8,0,0.954242509439325,61.5384615384615,0,
agui,10265,9420,10,0,1.04139268515823,76.9230769230769,0,
subpesca-1,10304,9456,9,1,0.698970004336019,69.2307692307692,7.69230769230769,
agui,10310,9461,8,0,0.954242509439325,61.5384615384615,0,
agui,10311,9462,8,0,0.954242509439325,61.5384615384615,0,
agui,10312,9463,8,0,0.954242509439325,61.5384615384615,0,
mma2,11090,10222,7,0,0.903089986991944,53.8461538461538,0,
mma2,11092,10223,7,1,0.602059991327962,53.8461538461538,7.69230769230769,
mma2,11094,10224,7,1,0.602059991327962,53.8461538461538,7.69230769230769,
fishgis_metadatabase_ccorrea,11132,10262,6,2,0.367976785294594,46.1538461538462,15.3846153846154,ok
agui,11184,10306,7,0,0.903089986991944,53.8461538461538,0,
agui,11185,10307,7,0,0.903089986991944,53.8461538461538,0,
mma2,11201,10317,7,0,0.903089986991944,53.8461538461538,0,
agui,11272,10388,9,1,0.698970004336019,69.2307692307692,7.69230769230769,
agui,11273,10389,10,1,0.740362689494244,76.9230769230769,7.69230769230769,
agui,11274,10390,9,1,0.698970004336019,69.2307692307692,7.69230769230769,
agui,11275,10391,10,1,0.740362689494244,76.9230769230769,7.69230769230769,
agui,99992,10420,9,1,0.698970004336019,69.2307692307692,7.69230769230769,
agui,11308,10421,7,0,0.903089986991944,53.8461538461538,0,
agui,11317,10430,10,1,0.740362689494244,76.9230769230769,7.69230769230769,
agui,11318,10431,7,0,0.903089986991944,53.8461538461538,0,
agui,11319,10432,7,0,0.903089986991944,53.8461538461538,0,
agui,11320,10433,7,0,0.903089986991944,53.8461538461538,0,
mma2,11327,10436,7,0,0.903089986991944,53.8461538461538,0,
agui,11374,10475,9,1,0.698970004336019,69.2307692307692,7.69230769230769,
agui,11376,10477,7,0,0.903089986991944,53.8461538461538,0,
agui,11378,10479,9,1,0.698970004336019,69.2307692307692,7.69230769230769,
agui,11379,10480,10,1,0.740362689494244,76.9230769230769,7.69230769230769,
agui,11380,10481,7,0,0.903089986991944,53.8461538461538,0,
agui,11384,10485,8,0,0.954242509439325,61.5384615384615,0,
agui,11401,10496,9,1,0.698970004336019,69.2307692307692,7.69230769230769,
agui,11408,10500,9,1,0.698970004336019,69.2307692307692,7.69230769230769,
agui,11412,10503,9,1,0.698970004336019,69.2307692307692,7.69230769230769,
agui,11495,10576,9,1,0.698970004336019,69.2307692307692,7.69230769230769,
agui,11496,10577,7,0,0.903089986991944,53.8461538461538,0,
agui,11497,10578,9,1,0.698970004336019,69.2307692307692,7.69230769230769,
agui,11498,10579,7,0,0.903089986991944,53.8461538461538,0,
agui,11499,10580,9,1,0.698970004336019,69.2307692307692,7.69230769230769,
agui,11500,10581,7,0,0.903089986991944,53.8461538461538,0,
agui,11501,10582,9,1,0.698970004336019,69.2307692307692,7.69230769230769,
agui,11502,10583,7,0,0.903089986991944,53.8461538461538,0,
subpesca-1,11513,10593,9,1,0.698970004336019,69.2307692307692,7.69230769230769,
agui,11514,10594,9,1,0.698970004336019,69.2307692307692,7.69230769230769,
fishgis_metadatabase_ccorrea,11539,10614,7,1,0.602059991327962,53.8461538461538,7.69230769230769,
mma2,11543,10622,8,1,0.653212513775344,61.5384615384615,7.69230769230769,
agui,11567,10642,10,1,0.740362689494244,76.9230769230769,7.69230769230769,
agui,11568,10643,10,1,0.740362689494244,76.9230769230769,7.69230769230769,
agui,11581,10655,9,1,0.698970004336019,69.2307692307692,7.69230769230769,
agui,11599,10671,10,1,0.740362689494244,76.9230769230769,7.69230769230769,
agui,11600,10672,10,1,0.740362689494244,76.9230769230769,7.69230769230769,
agui,11611,10683,9,1,0.698970004336019,69.2307692307692,7.69230769230769,
agui,11618,10689,9,1,0.698970004336019,69.2307692307692,7.69230769230769,
agui,11644,10715,10,1,0.740362689494244,76.9230769230769,7.69230769230769,
agui,11645,10716,10,1,0.740362689494244,76.9230769230769,7.69230769230769,
agui,11658,10724,10,1,0.740362689494244,76.9230769230769,7.69230769230769,
agui,11675,10735,9,1,0.698970004336019,69.2307692307692,7.69230769230769,
agui,11676,10736,9,1,0.698970004336019,69.2307692307692,7.69230769230769,
agui,11677,10737,9,1,0.698970004336019,69.2307692307692,7.69230769230769,
agui,11694,10747,7,0,0.903089986991944,53.8461538461538,0,
agui,11707,10757,9,1,0.698970004336019,69.2307692307692,7.69230769230769,
agui,11714,10765,9,1,0.698970004336019,69.2307692307692,7.69230769230769,
agui,11715,10766,10,1,0.740362689494244,76.9230769230769,7.69230769230769,
agui,11722,10769,10,1,0.740362689494244,76.9230769230769,7.69230769230769,
subpesca-1,11725,10772,9,1,0.698970004336019,69.2307692307692,7.69230769230769,
subpesca-1,11726,10773,9,1,0.698970004336019,69.2307692307692,7.69230769230769,
agui,11733,10781,9,1,0.698970004336019,69.2307692307692,7.69230769230769,
agui,11734,10782,7,0,0.903089986991944,53.8461538461538,0,
agui,11735,10783,9,1,0.698970004336019,69.2307692307692,7.69230769230769,
agui,11736,10784,7,0,0.903089986991944,53.8461538461538,0,
agui,11737,10785,9,1,0.698970004336019,69.2307692307692,7.69230769230769,
agui,11738,10786,7,0,0.903089986991944,53.8461538461538,0,
agui,11739,10787,9,1,0.698970004336019,69.2307692307692,7.69230769230769,
agui,11740,10788,7,0,0.903089986991944,53.8461538461538,0,
agui,11749,10797,9,1,0.698970004336019,69.2307692307692,7.69230769230769,
agui,11754,10802,9,1,0.698970004336019,69.2307692307692,7.69230769230769,
agui,11765,10810,10,1,0.740362689494244,76.9230769230769,7.69230769230769,
agui,11766,10811,10,1,0.740362689494244,76.9230769230769,7.69230769230769,
agui,11778,10821,9,1,0.698970004336019,69.2307692307692,7.69230769230769,
agui,11779,10822,9,1,0.698970004336019,69.2307692307692,7.69230769230769,
agui,11963,10977,10,1,0.740362689494244,76.9230769230769,7.69230769230769,
agui,11974,10988,8,0,0.954242509439325,61.5384615384615,0,
agui,12024,11038,8,0,0.954242509439325,61.5384615384615,0,
mma2,12026,11039,7,0,0.903089986991944,53.8461538461538,0,
mma2,12028,11040,7,0,0.903089986991944,53.8461538461538,0,
agui,12058,11067,10,1,0.740362689494244,76.9230769230769,7.69230769230769,
agui,12071,11078,9,1,0.698970004336019,69.2307692307692,7.69230769230769,
agui,12157,11155,7,0,0.903089986991944,53.8461538461538,0,
agui,12158,11156,9,1,0.698970004336019,69.2307692307692,7.69230769230769,
agui,12159,11157,7,0,0.903089986991944,53.8461538461538,0,
agui,12191,11180,8,0,0.954242509439325,61.5384615384615,0,
agui,12192,11181,8,0,0.954242509439325,61.5384615384615,0,
idig,12269,11251,11,0,1.07918124604762,84.6153846153846,0,
gbif,12273,11255,11,0,1.07918124604762,84.6153846153846,0,
idig,12276,11257,9,0,1,69.2307692307692,0,
gbif,12277,11259,11,0,1.07918124604762,84.6153846153846,0,
gbif,12281,11263,11,0,1.07918124604762,84.6153846153846,0,
mma2,12286,11266,7,1,0.602059991327962,53.8461538461538,7.69230769230769,
mma2,12292,11269,7,1,0.602059991327962,53.8461538461538,7.69230769230769,
mma2,12294,11270,7,1,0.602059991327962,53.8461538461538,7.69230769230769,
agui,12311,11283,7,0,0.903089986991944,53.8461538461538,0,
agui,12319,11288,9,1,0.698970004336019,69.2307692307692,7.69230769230769,
agui,12320,11289,10,1,0.740362689494244,76.9230769230769,7.69230769230769,
agui,12338,11304,10,1,0.740362689494244,76.9230769230769,7.69230769230769,
agui,12339,11305,10,1,0.740362689494244,76.9230769230769,7.69230769230769,
agui,12340,11306,10,1,0.740362689494244,76.9230769230769,7.69230769230769,
mma2,12355,11315,7,0,0.903089986991944,53.8461538461538,0,
agui,12361,11319,9,1,0.698970004336019,69.2307692307692,7.69230769230769,
agui,12362,11320,9,1,0.698970004336019,69.2307692307692,7.69230769230769,
agui,12405,11355,9,1,0.698970004336019,69.2307692307692,7.69230769230769,
agui,12406,11356,10,1,0.740362689494244,76.9230769230769,7.69230769230769,
agui,12407,11357,10,1,0.740362689494244,76.9230769230769,7.69230769230769,
agui,12408,11358,9,1,0.698970004336019,69.2307692307692,7.69230769230769,
agui,12409,11359,10,1,0.740362689494244,76.9230769230769,7.69230769230769,
vert,12432,11382,11,0,1.07918124604762,84.6153846153846,0,
vert,12434,11383,11,0,1.07918124604762,84.6153846153846,0,
vert,12438,11385,11,0,1.07918124604762,84.6153846153846,0,
agui,12475,11418,9,1,0.698970004336019,69.2307692307692,7.69230769230769,
agui,12480,11421,8,0,0.954242509439325,61.5384615384615,0,
agui,12497,11439,10,1,0.740362689494244,76.9230769230769,7.69230769230769,
agui,12498,11440,10,1,0.740362689494244,76.9230769230769,7.69230769230769,
agui,12506,11444,9,1,0.698970004336019,69.2307692307692,7.69230769230769,
agui,12507,11445,9,1,0.698970004336019,69.2307692307692,7.69230769230769,
agui,12515,11453,9,1,0.698970004336019,69.2307692307692,7.69230769230769,
agui,12516,11454,7,0,0.903089986991944,53.8461538461538,0,
agui,12550,11483,8,0,0.954242509439325,61.5384615384615,0,
mma2,12635,11561,6,1,0.544068044350276,46.1538461538462,7.69230769230769,ok
agui,12671,11599,10,1,0.740362689494244,76.9230769230769,7.69230769230769,
agui,12672,11600,10,1,0.740362689494244,76.9230769230769,7.69230769230769,
agui,12691,11616,9,1,0.698970004336019,69.2307692307692,7.69230769230769,
subpesca-1,12701,11625,9,1,0.698970004336019,69.2307692307692,7.69230769230769,
agui,12713,11636,9,1,0.698970004336019,69.2307692307692,7.69230769230769,
agui,12714,11637,7,0,0.903089986991944,53.8461538461538,0,
agui,12715,11638,9,1,0.698970004336019,69.2307692307692,7.69230769230769,
agui,12716,11639,7,0,0.903089986991944,53.8461538461538,0,
gbif,12726,11653,5,6,-0.0669467896306132,38.4615384615385,46.1538461538462,ok
gbif,12730,11653,11,0,1.07918124604762,84.6153846153846,0,
idig,12731,11654,9,0,1,69.2307692307692,0,
mma2,12736,11657,7,1,0.602059991327962,53.8461538461538,7.69230769230769,
mma2,12757,11675,7,0,0.903089986991944,53.8461538461538,0,
agui,12780,11697,10,1,0.740362689494244,76.9230769230769,7.69230769230769,
agui,12795,11709,9,1,0.698970004336019,69.2307692307692,7.69230769230769,
agui,12807,11720,10,1,0.740362689494244,76.9230769230769,7.69230769230769,
agui,12808,11721,10,1,0.740362689494244,76.9230769230769,7.69230769230769,
agui,12826,11737,9,1,0.698970004336019,69.2307692307692,7.69230769230769,
agui,12827,11738,9,1,0.698970004336019,69.2307692307692,7.69230769230769,
agui,12830,11741,9,1,0.698970004336019,69.2307692307692,7.69230769230769,
agui,12832,11743,9,1,0.698970004336019,69.2307692307692,7.69230769230769,
agui,12836,11747,10,1,0.740362689494244,76.9230769230769,7.69230769230769,
agui,12842,11750,10,1,0.740362689494244,76.9230769230769,7.69230769230769,
agui,12846,11752,9,1,0.698970004336019,69.2307692307692,7.69230769230769,
agui,12849,11755,9,1,0.698970004336019,69.2307692307692,7.69230769230769,
agui,12850,11756,8,0,0.954242509439325,61.5384615384615,0,
agui,12851,11757,7,0,0.903089986991944,53.8461538461538,0,
agui,12852,11758,7,0,0.903089986991944,53.8461538461538,0,
agui,12885,11786,10,1,0.740362689494244,76.9230769230769,7.69230769230769,
agui,12908,11805,9,1,0.698970004336019,69.2307692307692,7.69230769230769,
agui,12910,11807,7,0,0.903089986991944,53.8461538461538,0,
agui,12911,11808,9,1,0.698970004336019,69.2307692307692,7.69230769230769,
agui,12912,11809,7,0,0.903089986991944,53.8461538461538,0,
agui,12913,11810,9,1,0.698970004336019,69.2307692307692,7.69230769230769,
agui,12914,11811,7,0,0.903089986991944,53.8461538461538,0,
agui,12922,11817,10,1,0.740362689494244,76.9230769230769,7.69230769230769,
agui,12928,11821,10,1,0.740362689494244,76.9230769230769,7.69230769230769,
agui,12930,11822,9,1,0.698970004336019,69.2307692307692,7.69230769230769,
agui,12946,11831,10,1,0.740362689494244,76.9230769230769,7.69230769230769,
agui,12950,11835,10,1,0.740362689494244,76.9230769230769,7.69230769230769,
agui,12979,11859,10,1,0.740362689494244,76.9230769230769,7.69230769230769,
agui,12982,11860,7,0,0.903089986991944,53.8461538461538,0,
agui,12993,11866,9,1,0.698970004336019,69.2307692307692,7.69230769230769,
agui,12994,11867,9,1,0.698970004336019,69.2307692307692,7.69230769230769,
agui,13048,11901,10,1,0.740362689494244,76.9230769230769,7.69230769230769,
agui,13049,11902,10,1,0.740362689494244,76.9230769230769,7.69230769230769,
agui,13051,11904,9,1,0.698970004336019,69.2307692307692,7.69230769230769,
agui,13053,11906,7,0,0.903089986991944,53.8461538461538,0,
agui,13055,11908,9,1,0.698970004336019,69.2307692307692,7.69230769230769,
agui,13056,11909,10,1,0.740362689494244,76.9230769230769,7.69230769230769,
agui,13057,11910,7,0,0.903089986991944,53.8461538461538,0,
agui,13058,11911,9,1,0.698970004336019,69.2307692307692,7.69230769230769,
agui,13059,11912,7,0,0.903089986991944,53.8461538461538,0,
agui,13060,11913,9,1,0.698970004336019,69.2307692307692,7.69230769230769,
agui,13061,11914,9,1,0.698970004336019,69.2307692307692,7.69230769230769,
agui,13114,11958,9,1,0.698970004336019,69.2307692307692,7.69230769230769,
agui,13118,11961,9,1,0.698970004336019,69.2307692307692,7.69230769230769,
agui,13120,11962,7,0,0.903089986991944,53.8461538461538,0,
agui,13176,12009,10,1,0.740362689494244,76.9230769230769,7.69230769230769,
agui,13177,12010,10,1,0.740362689494244,76.9230769230769,7.69230769230769,
mma2,13186,12015,7,0,0.903089986991944,53.8461538461538,0,
mma2,13189,12018,6,1,0.544068044350276,46.1538461538462,7.69230769230769,ok
gbif,13248,12061,8,2,0.477121254719662,61.5384615384615,15.3846153846154,fixed
gbif,13250,12063,8,2,0.477121254719662,61.5384615384615,15.3846153846154,fixed
fishgis_metadatabase_ccorrea,13264,12071,7,1,0.602059991327962,53.8461538461538,7.69230769230769,
agui,13350,12150,10,1,0.740362689494244,76.9230769230769,7.69230769230769,
agui,13420,12213,7,0,0.903089986991944,53.8461538461538,0,
agui,13426,12219,10,1,0.740362689494244,76.9230769230769,7.69230769230769,
agui,13461,12244,9,1,0.698970004336019,69.2307692307692,7.69230769230769,
agui,13586,12348,10,1,0.740362689494244,76.9230769230769,7.69230769230769,
agui,13604,12366,10,1,0.740362689494244,76.9230769230769,7.69230769230769,
agui,13655,12401,10,1,0.740362689494244,76.9230769230769,7.69230769230769,
gbif,7611,12426,2,7,-0.425968732272281,15.3846153846154,53.8461538461538,ok
gbif,12328,12426,2,7,-0.425968732272281,15.3846153846154,53.8461538461538,ok
agui,13689,12429,10,1,0.740362689494244,76.9230769230769,7.69230769230769,
agui,13716,12453,9,1,0.698970004336019,69.2307692307692,7.69230769230769,
agui,13740,12472,10,1,0.740362689494244,76.9230769230769,7.69230769230769,
agui,13741,12473,10,1,0.740362689494244,76.9230769230769,7.69230769230769,
agui,13773,12500,10,1,0.740362689494244,76.9230769230769,7.69230769230769,
agui,13783,12509,10,1,0.740362689494244,76.9230769230769,7.69230769230769,
agui,13835,12548,8,0,0.954242509439325,61.5384615384615,0,
agui,13867,12574,7,0,0.903089986991944,53.8461538461538,0,
agui,13916,12615,7,0,0.903089986991944,53.8461538461538,0,
gbif,13926,12626,9,0,1,69.2307692307692,0,
agui,13985,12674,7,0,0.903089986991944,53.8461538461538,0,
mma2,14021,12705,7,1,0.602059991327962,53.8461538461538,7.69230769230769,
vert,14026,12708,11,1,0.778151250383644,84.6153846153846,7.69230769230769,
agui,14029,12711,7,0,0.903089986991944,53.8461538461538,0,
vert,14076,12756,11,1,0.778151250383644,84.6153846153846,7.69230769230769,
agui,14127,12808,7,0,0.903089986991944,53.8461538461538,0,
mma2,14130,12810,6,0,0.845098040014257,46.1538461538462,0,
vert,14145,12835,11,1,0.778151250383644,84.6153846153846,7.69230769230769,
agui,14189,12876,8,0,0.954242509439325,61.5384615384615,0,
agui,14190,12877,7,0,0.903089986991944,53.8461538461538,0,
gbif,14207,12887,11,0,1.07918124604762,84.6153846153846,0,
gbif,14214,12894,11,0,1.07918124604762,84.6153846153846,0,
vert,14232,12907,12,0,1.11394335230684,92.3076923076923,0,
agui,14249,12918,7,0,0.903089986991944,53.8461538461538,0,
agui,14254,12920,7,0,0.903089986991944,53.8461538461538,0,
vert,14256,12922,12,0,1.11394335230684,92.3076923076923,0,
idig,14277,12934,9,1,0.698970004336019,69.2307692307692,7.69230769230769,
agui,14293,12944,7,0,0.903089986991944,53.8461538461538,0,
gbif,14299,12950,11,0,1.07918124604762,84.6153846153846,0,
idig,14302,12953,9,0,1,69.2307692307692,0,
agui,14311,12965,7,0,0.903089986991944,53.8461538461538,0,
vert,14316,12968,12,0,1.11394335230684,92.3076923076923,0,
idig,14324,12972,9,0,1,69.2307692307692,0,
agui,14331,12976,7,0,0.903089986991944,53.8461538461538,0,
vert,14339,12981,12,0,1.11394335230684,92.3076923076923,0,
vert,14378,13012,12,0,1.11394335230684,92.3076923076923,0,
data,14383,13017,6,0,0.845098040014257,46.1538461538462,0,
vert,14389,13022,12,0,1.11394335230684,92.3076923076923,0,
vert,14391,13024,12,0,1.11394335230684,92.3076923076923,0,
vert,14400,13033,12,0,1.11394335230684,92.3076923076923,0,
agui,14403,13036,7,0,0.903089986991944,53.8461538461538,0,
agui,14404,13037,7,0,0.903089986991944,53.8461538461538,0,
vert,14407,13040,12,0,1.11394335230684,92.3076923076923,0,
agui,14417,13048,7,0,0.903089986991944,53.8461538461538,0,
idig,14434,13059,9,0,1,69.2307692307692,0,
agui,14452,13072,7,0,0.903089986991944,53.8461538461538,0,
