fid,GlobalUniqueIdentifier,NOMBRE CIENTÍFICO,LOCALIDAD MÁS CERCANA,PROVINCIA,CUENCA,SUBCUENCA,CUERPO DE AGUA,N° DE CUENCA #,CITA,REGIÓN ICTIOG *,Ecoregion Lopez et al 2008,Decimal Latitude,Decimal Longitude,AÑO,CODIGO INSTITUCIÓN,CODIGO COLECCIÓN,N COLECCIÓN,Continente,País,Voucher,Observ,comments,.remove,.locality,.decimalLatitude,.decimalLongitude
1,FO:Peces:260,Galaxias platei,-,Río Negro,Río Manso,-,Lago Los Moscos,75,"Milano y Vigliano, 1997",DAP,Patagonian,-41.35,-71.6166666666667,1997,FO,Peces,260,América del Sur,Argentina,No,,,,,,
2,FO:Peces:261,Galaxias platei,,Río Negro,Río Manso,-,Lago Fonck,75,"Milano y Vigliano, 1997",DAP,Patagonian,-41.3166666666667,-71.7833333333333,1997,FO,Peces,261,América del Sur,Argentina,No,,,,,,
3,FO:Peces:262,Galaxias platei,,Río Negro,Río Manso,-,Lago Mascardi,75,"Milano y Vigliano, 1997",DAP,Patagonian,-41.2666666666667,-71.6333333333333,1997,FO,Peces,262,América del Sur,Argentina,No,,,,,,
4,FO:Peces:1044,Aplochiton taeniatus,San Martín de los Andes,Neuquén,Pacífico,Río Hua Hum,Lago Lácar,74,"Ringuelet et al., 1967",DAP,Patagonian,-40.1666666666667,-71.45,1967,FO,Peces,1044,América del Sur,Argentina,No,,remove,remove,,,
5,FO:Peces:1045,Aplochiton taeniatus,Lago Puelo,Chubut,Río Manso,Río Manso,Lago Puelo,75,"Ringuelet et al., 1967",DAP,Patagonian,-42.1166666666667,-71.6333333333333,1967,FO,Peces,1045,América del Sur,Argentina,No,,,,,,
6,FO:Peces:1997,Aplochiton zebra,-,Río Negro,Pacífico,Cuenca del río Manso,-,75,"Arratia et al., 1983",DAP,Patagonian,-41.3666666666667,-71.55,1983,FO,Peces,1997,América del Sur,Argentina,No,,remove. unprecice location by watershed.,remove,,,
7,FO:Peces:2095,Diplomystes viedmensis,Filo Hua Hum,Neuquén,Río Filo Hua Hum,Río Filo Hua Hum,Río Filo Hua Hum,74,"Azpelicueta, 1994",DAP,Patagonian,-40.5,-71.35,1994,FO,Peces,2095,América del Sur,Argentina,No,Antes Diplomystes viedmensis,remove,remove,,,
8,FO:Peces:2231,Hatcheria macraei,Lago Blanco,Chubut,Pacífico,Río Simpson?,Río Blanco (lago Blanco?),78,"Ringuelet et al., 1967",DAP,Patagonian,-45.9333333333333,-71.2666666666667,1967,FO,Peces,2231,América del Sur,Argentina,No,,"Remove. according to Ringuelet 1967, locality is Arroyo el Gato, cuenca del lago Fontana, Rio Blanco. Estas localidades se encuentran fueran del poligono.",remove,,,
9,FO:Peces:2328,Odontesthes hatcheri,Lago Posadas,Santa Cruz,Pacífico,Lagos Buenos Aires-Pueyrredón,Lago Pueyrredón,79,"Ringuelet et al., 1967",DAP,Patagonian,-47.35,-71.95,1967,FO,Peces,2328,América del Sur,Argentina,No,,,,,,
10,FO:Peces:2486,Hatcheria macraei,Los Antiguos,Santa Cruz,Pacífico (río Aysen),Río Deseado,Lago Buenos Aires,79,"Gómez, 1990",DAP,Patagonian,-46.5333333333333,-71.6166666666667,1990,FO,Peces,2486,América del Sur,Argentina,No,,,,,,
11,FO:Peces:7235,Oncorhynchus tshawytscha,Corcovado,Chubut,Pacífico,Río Corcovado o Carrenleufú,Ríos Corcovado y Grande,77,"Grosman, 1991",DAP,Patagonian,-43.5333333333333,-71.4833333333333,1991,FO,Peces,7235,América del Sur,Argentina,No,,,,,,
12,FO:Peces:4497,Galaxias maculatus,San Martín de los Andes,Neuquén,Pacífico,Río Hua Hum,Lago Lácar,74,"Bello, 2002",DAP,Patagonian,-40.1666666666667,-71.45,2002,FO,Peces,4497,América del Sur,Argentina,No,,remove,remove,,,
13,FO:Peces:4509,Galaxias maculatus,Bariloche,Río Negro,Pacífico,Río Manso,Lago Mascardi,75,"Bello, 2002",DAP,Patagonian,-41.35,-71.55,2002,FO,Peces,4509,América del Sur,Argentina,No,,,,,,
14,FO:Peces:4510,Galaxias maculatus,Bariloche,Río Negro,Pacífico,Río Manso,Lago Guillelmo,75,"Bello, 2002",DAP,Patagonian,-41.35,-71.55,2002,FO,Peces,4510,América del Sur,Argentina,No,,"-41.386566, -71.494250",,,-41.386566,-71.49425
15,FO:Peces:4511,Galaxias maculatus,Bariloche,Río Negro,Pacífico,Río Manso,Lago Fonck,75,"Bello, 2002",DAP,Patagonian,-41.3166666666667,-71.7833333333333,2002,FO,Peces,4511,América del Sur,Argentina,No,,,,,,
16,FO:Peces:4512,Galaxias maculatus,Bariloche,Río Negro,Pacífico,Río Manso,Lago Los Moscos,75,"Bello, 2002",DAP,Patagonian,-41.3333333333333,-71.6,2002,FO,Peces,4512,América del Sur,Argentina,No,,"-41.34514, -71.618776",,,-41.34514,-71.618776
17,FO:Peces:4513,Galaxias maculatus,Bariloche,Río Negro,Pacífico,Río Manso,Lago Roca,75,"Bello, 2002",DAP,Patagonian,-41.3833333333333,-71.7833333333333,2002,FO,Peces,4513,América del Sur,Argentina,No,,,,,,
18,FO:Peces:4514,Galaxias maculatus,Bariloche,Río Negro,Pacífico,Río Manso,Lago Steffen,75,"Bello, 2002",DAP,Patagonian,-41.5166666666667,-71.5833333333333,2002,FO,Peces,4514,América del Sur,Argentina,No,,,,,,
19,FO:Peces:4515,Galaxias maculatus,Bariloche,Río Negro,Pacífico,Río Manso,Lago Escondido,75,"Bello, 2002",DAP,Patagonian,-41.7,-71.6833333333333,2002,FO,Peces,4515,América del Sur,Argentina,No,,,,,,
20,FO:Peces:4536,Galaxias platei,Laguna Rosario,Chubut,Pacífico,Río Futaleufú,Lago Rosario,76,"Bello, 2002",DAP,Patagonian,-43.3833333333333,-70.9666666666667,2002,FO,Peces,4536,América del Sur,Argentina,No,,"-43.2687,-71.3302",,,-43.2687,-71.3302
21,FO:Peces:4537,Galaxias platei,Cholila,Chubut,Pacífico,Río Futaleufú,Lago Lezama,76,"Bello, 2002",DAP,Patagonian,-42.45,-71.4833333333333,2002,FO,Peces,4537,América del Sur,Argentina,No,,,,,,
22,FO:Peces:4538,Galaxias platei,Lago Puelo,Chubut,Río Manso,Río Manso,Lago Puelo,75,"Bello, 2002",DAP,Patagonian,-42.1166666666667,-71.6333333333333,2002,FO,Peces,4538,América del Sur,Argentina,No,,,,,,
23,FO:Peces:4539,Galaxias platei,Cholila,Chubut,Pacífico,Río Futaleufú,Lago Cholila,76,"Bello, 2002",DAP,Patagonian,-42.45,-71.6666666666667,2002,FO,Peces,4539,América del Sur,Argentina,No,,,,,,
24,FO:Peces:4540,Galaxias platei,Trevelín,Chubut,Pacífico,Río Futaleufú,Lago Rivadavia,76,"Bello, 2002",DAP,Patagonian,-42.6333333333333,-71.6833333333333,2002,FO,Peces,4540,América del Sur,Argentina,No,,,,,,
25,FO:Peces:4541,Galaxias platei,Trevelín,Chubut,Pacífico,Río Futaleufú,Lago Futalaufquen,76,"Bello, 2002",DAP,Patagonian,-42.8333333333333,-71.6333333333333,2002,FO,Peces,4541,América del Sur,Argentina,No,,,,,,
26,FO:Peces:4542,Galaxias platei,Trevelín,Chubut,Pacífico,Río Futaleufú,Lago Verde,76,"Bello, 2002",DAP,Patagonian,-42.7166666666667,-71.7333333333333,2002,FO,Peces,4542,América del Sur,Argentina,No,,,,,,
27,FO:Peces:4543,Galaxias platei,Trevelín,Chubut,Pacífico,Río Futaleufú,Lago Menéndez,76,"Bello, 2002",DAP,Patagonian,-42.7,-71.8166666666667,2002,FO,Peces,4543,América del Sur,Argentina,No,,,,,,
28,FO:Peces:4544,Galaxias platei,Trevelín,Chubut,Pacífico,Río Futaleufú,Lago Krüger,76,"Bello, 2002",DAP,Patagonian,-42.8833333333333,-71.75,2002,FO,Peces,4544,América del Sur,Argentina,No,,,,,,
29,FO:Peces:4545,Galaxias platei,Trevelín,Chubut,Pacífico,Río Futaleufú,Lago Amutui Quimey,76,"Bello, 2002",DAP,Patagonian,-43.0833333333333,-71.6833333333333,2002,FO,Peces,4545,América del Sur,Argentina,No,,,,,,
30,FO:Peces:4546,Galaxias platei,Trevelín,Chubut,Pacífico,Río Futaleufú,Lago Tres ,76,"Bello, 2002",DAP,Patagonian,-44.1166666666667,-71.3666666666667,2002,FO,Peces,4546,América del Sur,Argentina,No,,"-44.244045, -71.591851",,,-44.244045,-71.591851
31,FO:Peces:4547,Galaxias platei,Trevelín,Chubut,Pacífico,Río Futaleufú,Lago Cuatro,76,"Bello, 2002",DAP,Patagonian,-44.2,-71.6,2002,FO,Peces,4547,América del Sur,Argentina,No,,,,,,
32,FO:Peces:4548,Galaxias platei,Lago Vintter,Chubut,Pacífico,Río Carrenleufú,Lago Vintter,77,"Bello, 2002",DAP,Patagonian,-43.9333333333333,-71.5333333333333,2002,FO,Peces,4548,América del Sur,Argentina,No,,,,,,
33,FO:Peces:4549,Galaxias platei,-,Chubut,,,Lago Constancio,77,"Bello, 2002",DAP,Patagonian,-44.2,-71.3666666666667,2002,FO,Peces,4549,América del Sur,Argentina,No,,"-44.279395, -71.488118",,,-44.279395,-71.488118
34,FO:Peces:4552,Galaxias platei,Esquel,Chubut,Pacífico,Río Futaleufú,Laguna Terraplén ,76,"Bello, 2002",DAP,Patagonian,-42.9833333333333,-71.5166666666667,2002,FO,Peces,4552,América del Sur,Argentina,No,,,,,,
35,FO:Peces:4554,Galaxias platei,,Chubut,,,Laguna Escondida,76,"Bello, 2002",DAP,Patagonian,-42.7666666666667,-71.7333333333333,2002,FO,Peces,4554,América del Sur,Argentina,No,,"-42.755098, -71.734169",,,-42.755098,-71.734169
36,FO:Peces:4555,Galaxias platei,Cholila,Chubut,Pacífico,Río Futaleufú,Laguna de los Cisnes,76,"Cussac et al., 2004",DAP,Patagonian,-42.4333333333333,-71.4,2004,FO,Peces,4555,América del Sur,Argentina,No,,"-42.600000, -71.916700",,,-42.6,-71.9167
37,FO:Peces:4557,Galaxias platei,Esquel,Chubut,Pacífico,Río Futaleufú,Laguna Zeta,76,"Bello, 2002",DAP,Patagonian,-42.7666666666667,-70.9,2002,FO,Peces,4557,América del Sur,Argentina,No,,"-42.888802, -71.349240",,,-42.888802,-71.34924
38,FO:Peces:4561,Galaxias platei,,Chubut,,,Laguna La Pava,77,"Bello, 2002",DAP,Patagonian,-44.1666666666667,-71.35,2002,FO,Peces,4561,América del Sur,Argentina,No,,"-44.280000, -71.523000",,,-44.28,-71.523
39,FO:Peces:4562,Galaxias platei,,Chubut,,,Laguna Del Engaño ,77,"Bello, 2002",DAP,Patagonian,-44.2166666666667,-71.4,2002,FO,Peces,4562,América del Sur,Argentina,No,,"-43.860431, -71.516024",,,-43.860431,-71.516024
40,FO:Peces:4563,Galaxias platei,,Chubut,,,Laguna Del Sapo,76,"Bello, 2002",DAP,Patagonian,-43.2333333333333,-71.1,2002,FO,Peces,4563,América del Sur,Argentina,No,,? no se encontró la laguna del Sapo,,,,
41,FO:Peces:4565,Galaxias platei,,Chubut,,,Laguna Williams,76,"Bello, 2002",DAP,Patagonian,-43.3333333333333,-71.2166666666667,2002,FO,Peces,4565,América del Sur,Argentina,No,,"-43,6666667, -71,333333",,,,
42,FO:Peces:4566,Galaxias platei,Corcovado,Chubut,Pacífico,Río Carrenleufú,Río Carrenleufú,76,"Bello, 2002",DAP,Patagonian,-42.45,-71.6,2002,FO,Peces,4566,América del Sur,Argentina,No,,"-42.469776, -71.599859",,,-42.469776,-71.599859
43,FO:Peces:4567,Galaxias platei,,Chubut,,,Río Arrayanes,76,"Bello, 2002",DAP,Patagonian,-42.7333333333333,-71.75,2002,FO,Peces,4567,América del Sur,Argentina,No,,"-42.731892, -71.741996",,,-42.731892,-71.741996
44,FO:Peces:4568,Galaxias platei,,Chubut,,,Río Grande,76,"Bello, 2002",DAP,Patagonian,-43.1833333333333,-71.65,2002,FO,Peces,4568,América del Sur,Argentina,No,,"-43.181008, -71.656310",,,-43.181008,-71.65631
45,FO:Peces:4569,Galaxias platei,Esquel,Chubut,Pacífico,Río Futaleufú,Río Percey,76,"Bello, 2002",DAP,Patagonian,-43,-71.4666666666667,2002,FO,Peces,4569,América del Sur,Argentina,No,,,,,,
46,FO:Peces:4570,Galaxias platei,-,Chubut,Pacífico,Río Carrenleufú,Río Corcovado,77,"Bello, 2002",DAP,Patagonian,-43.9666666666667,-71.1333333333333,2002,FO,Peces,4570,América del Sur,Argentina,No,,"-43.8725,-71.3118",,,-43.8725,-71.3118
47,FO:Peces:4571,Galaxias platei,,Chubut,,,Río Pico,76,"Bello, 2002",DAP,Patagonian,-44.2333333333333,-71.1333333333333,2002,FO,Peces,4571,América del Sur,Argentina,No,,"-44.205475, -71.423926",,,-44.205475,-71.423926
48,FO:Peces:4572,Galaxias platei,,Chubut,,,Arroyo Nant y Fall,76,"Bello, 2002",DAP,Patagonian,-43.2,-71.5666666666667,2002,FO,Peces,4572,América del Sur,Argentina,No,,"-43.173237, -71.505652",,,-43.173237,-71.505652
49,FO:Peces:4573,Galaxias platei,Esquel,Chubut,Pacífico,Río Futaleufú,Arroyo Blanco,76,"Bello, 2002",DAP,Patagonian,-42.45,-71.4333333333333,2002,FO,Peces,4573,América del Sur,Argentina,No,,,,,,
50,FO:Peces:4574,Galaxias platei,Esquel,Chubut,Pacífico,Río Futaleufú,Arroyo Esquel ,76,"Bello, 2002",DAP,Patagonian,-42.9833333333333,-71.2,2002,FO,Peces,4574,América del Sur,Argentina,No,,"-42.915773, -71.307351",,,-42.915773,-71.307351
51,FO:Peces:4576,Galaxias platei,Los Antiguos,Santa Cruz,Pacífico (río Aysen),Río Deseado,Lago Buenos Aires,79,"Bello, 2002",DAP,Patagonian,-46.5333333333333,-71.6166666666667,2002,FO,Peces,4576,América del Sur,Argentina,No,,,,,,
52,FO:Peces:4577,Galaxias platei,Lago Posadas,Santa Cruz,Pacífico,Río Deseado,Lago Pueyrredón,79,"Bello, 2002",DAP,Patagonian,-47.35,-71.95,2002,FO,Peces,4577,América del Sur,Argentina,No,,,,,,
53,FO:Peces:4583,Galaxias platei,Est. Vieja Carmen,Tierra del Fuego,Pacífico,Lago Fagnano,Lago Yehuín,82,"Bello, 2002",DAP,Patagonian,-54.4166666666667,-67.75,2002,FO,Peces,4583,América del Sur,Argentina,No,,,,,,
54,FO:Peces:4584,Aplochiton taeniatus,San Martín de los Andes,Neuquén,Pacífico,Río Hua Hum,Lago Queñi,74,"Bello, 2002",DAP,Patagonian,-40.1666666666667,-71.7166666666667,2002,FO,Peces,4584,América del Sur,Argentina,No,,remove,remove,,,
55,FO:Peces:4586,Aplochiton taeniatus,Epuyén,Chubut,Pacífico,Río Puelo,Lago Epuyén,75,"Bello, 2002",DAP,Patagonian,-42.2,-71.5,2002,FO,Peces,4586,América del Sur,Argentina,No,,,,,,
56,FO:Peces:4587,Aplochiton taeniatus,Cholila,Chubut,Pacífico,Río Futaleufú,Lago Cholila,76,"Bello, 2002",DAP,Patagonian,-42.45,-71.6666666666667,2002,FO,Peces,4587,América del Sur,Argentina,No,,,,,,
57,FO:Peces:4591,Aplochiton zebra,San Martín de los Andes,Neuquén,Pacífico,Río Hua Hum,Lago Lácar,74,"Bello, 2002",DAP,Patagonian,-40.1666666666667,-71.45,2002,FO,Peces,4591,América del Sur,Argentina,No,,remove,remove,,,
58,FO:Peces:4592,Aplochiton zebra,El Foyel,Chubut,Pacífico,Río Futaleufú,Laguna Foyel,76,"Bello, 2002",DAP,Patagonian,-43.6166666666667,-71.1333333333333,2002,FO,Peces,4592,América del Sur,Argentina,No,,"-41.750650, -71.446089",,,-41.75065,-71.446089
59,FO:Peces:4593,Aplochiton zebra,Epuyén,Chubut,Pacífico,Río Puelo,Lago Epuyén,75,"Bello, 2002",DAP,Patagonian,-42.2,-71.5,2002,FO,Peces,4593,América del Sur,Argentina,No,,,,,,
60,FO:Peces:4594,Aplochiton zebra,Trevelín,Chubut,Pacífico,Río Futaleufú,Lago Futalaufquen,76,"Bello, 2002",DAP,Patagonian,-42.8333333333333,-71.6333333333333,2002,FO,Peces,4594,América del Sur,Argentina,No,,,,,,
61,FO:Peces:4595,Aplochiton zebra,Est. Vieja Carmen,Tierra del Fuego,Pacífico,Lago Fagnano,Lago Fagnano,82,"Bello, 2002",DAP,Patagonian,-54.55,-67.8833333333333,2002,FO,Peces,4595,América del Sur,Argentina,No,,,,,,
62,FO:Peces:4606,Diplomystes viedmensis,-,Chubut,Pacífico,Río Puelo,Parque Nacional Puelo,75,"Bello, 2002",DAP,Patagonian,-42.1166666666667,-71.65,2002,FO,Peces,4606,América del Sur,Argentina,No,Antes Diplomystes viedmensis,remove,remove,,,
63,FO:Peces:4607,Diplomystes viedmensis,-,Chubut,Pacífico,Río Futaleufú,Parque Nacional Los Alerces,76,"Bello, 2002",DAP,Patagonian,-42.85,-71.8666666666667,2002,FO,Peces,4607,América del Sur,Argentina,No,Antes Diplomystes viedmensis,remove. not precice location. Check.,remove,,,
64,FO:Peces:4616,Hatcheria macraei,Bariloche,Río Negro,Pacífico,Río Manso,Río Manso,75,"Bello, 2002",DAP,Patagonian,-41.5,-71.6666666666667,2002,FO,Peces,4616,América del Sur,Argentina,No,,"-41.502955, -71.639138",,,-41.502955,-71.639138
65,FO:Peces:4811,Hatcheria macraei,El Bolsón,Chubut,Pacífico,Río Puelo,Río Quemquemtreu,75,"Bello, 2002",DAP,Patagonian,-41.9666666666667,-71.5333333333333,2002,FO,Peces,4811,América del Sur,Argentina,No,,"Remove: rio Quemquemtreu -40.223695, -70.724229. fuera de poligono",remove,,,
66,FO:Peces:4812,Hatcheria macraei,Epuyén,Chubut,Pacífico,Río Puelo,Río Epuyén,75,"Bello, 2002",DAP,Patagonian,-42.2166666666667,-71.3833333333333,2002,FO,Peces,4812,América del Sur,Argentina,No,,,,,,
67,FO:Peces:4813,Hatcheria macraei,Laguna Rosario,Chubut,Pacífico,Río Futaleufú,Lago Rosario,76,"Bello, 2002",DAP,Patagonian,-43.2666666666667,-71.3333333333333,2002,FO,Peces,4813,América del Sur,Argentina,No,,,,,,
68,FO:Peces:4814,Hatcheria macraei,Bajo Caracoles,Santa Cruz,Pacífico,Lagos Buenos Aires - Pueyrredón,Río Blanco,79,"Bello, 2002",DAP,Patagonian,-47.35,-71,2002,FO,Peces,4814,América del Sur,Argentina,No,,"-47.576943, -71.380845",,,-47.576943,-71.380845
69,FO:Peces:4833,Odontesthes hatcheri,Filo Hua Hum,Neuquén,Río Filo Hua Hum,Río Filo Hua Hum,Lago Filo Hua Hum,74,"Bello, 2002",DAP,Patagonian,-40.5,-71.35,2002,FO,Peces,4833,América del Sur,Argentina,No,,remove,remove,,,
70,FO:Peces:4859,Odontesthes hatcheri,Epuyén,Chubut,Pacífico,Río Puelo,Lago Epuyén,75,"Bello, 2002",DAP,Patagonian,-42.2,-71.5,2002,FO,Peces,4859,América del Sur,Argentina,No,,,,,,
71,FO:Peces:4860,Odontesthes hatcheri,Cholila,Chubut,Pacífico,Río Futaleufú,Lago Lezama,76,"Bello, 2002",DAP,Patagonian,-42.45,-71.4833333333333,2002,FO,Peces,4860,América del Sur,Argentina,No,,,,,,
72,FO:Peces:4861,Odontesthes hatcheri,,Chubut,,,Lago Terraplén,76,"Bello, 2002",DAP,Patagonian,-42.8333333333333,-71.2666666666667,2002,FO,Peces,4861,América del Sur,Argentina,No,,"-42.984161, -71.520743",,,-42.984161,-71.520743
73,FO:Peces:4862,Odontesthes hatcheri,Laguna Rosario,Chubut,Pacífico,Río Futaleufú,Lago Rosario,76,"Bello, 2002",DAP,Patagonian,-43.2666666666667,-71.3333333333333,2002,FO,Peces,4862,América del Sur,Argentina,No,,,,,,
74,FO:Peces:4866,Odontesthes hatcheri,Lago Puelo,Chubut,Río Manso,Río Manso,Lago Puelo,75,"Bello, 2002",DAP,Patagonian,-42.1166666666667,-71.6333333333333,2002,FO,Peces,4866,América del Sur,Argentina,No,,,,,,
75,FO:Peces:4867,Odontesthes hatcheri,Trevelín,Chubut,Pacífico,Río Futaleufú,Lago Futalaufquen,76,"Bello, 2002",DAP,Patagonian,-42.8333333333333,-71.6333333333333,2002,FO,Peces,4867,América del Sur,Argentina,No,,,,,,
76,FO:Peces:4872,Odontesthes hatcheri,Cholila,Chubut,Pacífico,Río Futaleufú,Laguna de los Cisnes,76,"Bello, 2002",DAP,Patagonian,-42.4333333333333,-71.4,2002,FO,Peces,4872,América del Sur,Argentina,No,,"-42.600000, -71.916700",,,-42.6,-71.9167
77,FO:Peces:4873,Odontesthes hatcheri,Los Antiguos,Santa Cruz,Pacífico (río Aysen),Río Deseado,Lago Buenos Aires,79,"Bello, 2002",DAP,Patagonian,-46.5333333333333,-71.6166666666667,2002,FO,Peces,4873,América del Sur,Argentina,No,,,,,,
78,FO:Peces:4874,Odontesthes hatcheri,Lago Posadas,Santa Cruz,Pacífico,-,Lago Posadas,79,"Bello, 2002",DAP,Patagonian,-47.5166666666667,-71.8,2002,FO,Peces,4874,América del Sur,Argentina,No,,,,,,
79,FO:Peces:4891,Aplochiton taeniatus,-,Tierra del Fuego,Pacífico,Cuenca del Lago Fagnano,Lago Fagnano,82,"Arratia et al., 1983",DAP,Patagonian,-54.55,-68.3333333333333,1983,FO,Peces,4891,América del Sur,Argentina,No,,,,,,
80,FO:Peces:4892,Aplochiton zebra,-,Tierra del Fuego,Pacífico,Cuenca del Lago Fagnano,Lago Fagnano,82,"Arratia et al., 1983",DAP,Patagonian,-54.55,-68.3333333333333,1983,FO,Peces,4892,América del Sur,Argentina,No,,,,,,
81,FO:Peces:4894,Odontesthes hatcheri,Cholila,Chubut,Pacífico,Río Futaleufú,Lago Lezama,76,"Arratia et al., 1983",DAP,Patagonian,-42.4333333333333,-71.5,1983,FO,Peces,4894,América del Sur,Argentina,No,,"-42.45, -71.4833333333333",,,-42.45,-71.4833333333333
82,FO:Peces:4898,Odontesthes hatcheri,-,Neuquén,Pacífico,Cuenca del río Manso,-,75,"Arratia et al., 1983",DAP,Patagonian,-41.3666666666667,-71.55,1983,FO,Peces,4898,América del Sur,Argentina,No,,remove. unprecice location by watershed.,remove,,,
83,FO:Peces:4903,Percichthys trucha,-,Río Negro,Pacífico,Cuenca del río Manso,-,75,"Arratia et al., 1983",DAP,Patagonian,-41.3666666666667,-71.55,1983,FO,Peces,4903,América del Sur,Argentina,No,,remove. unprecice location by watershed.,remove,,,
84,FO:Peces:4966,Salvelinus fontinalis,Lago Vintter,Chubut,Pacífico,Río Carrenleufú,Lago Vintter,77,"Ubeda et al., 1989",DAP,Patagonian,-43.9333333333333,-71.5333333333333,1989,FO,Peces,4966,América del Sur,Argentina,No,,,,,,
85,FO:Peces:4967,Salvelinus fontinalis,-,Chubut,Pacífico,Río Carrenleufú,Río Corcovado,77,"Ubeda et al., 1989",DAP,Patagonian,-43.9666666666667,-71.1333333333333,1989,FO,Peces,4967,América del Sur,Argentina,No,,"-43.8725,-71.3118",,,-43.8725,-71.3118
86,FO:Peces:4968,Percichthys trucha,Cholila,Chubut,Pacífico,Río Futaleufú,Lago Lezama,76,"Ubeda et al., 1989",DAP,Patagonian,-42.45,-71.4833333333333,1989,FO,Peces,4968,América del Sur,Argentina,No,,,,,,
87,FO:Peces:4969,Oncorhynchus mykiss,Cholila,Chubut,Pacífico,Río Futaleufú,Lago Lezama,76,"Ubeda et al., 1989",DAP,Patagonian,-42.45,-71.4833333333333,1989,FO,Peces,4969,América del Sur,Argentina,No,,,,,,
88,FO:Peces:5243,Percichthys trucha,Esquel,Chubut,Pacífico,Río Futaleufú,Laguna Terraplén ,76,"Grosman y Rudzik, 1990",DAP,Patagonian,-42.9833333333333,-71.5166666666667,1990,FO,Peces,5243,América del Sur,Argentina,No,,,,,,
89,FO:Peces:5244,Oncorhynchus mykiss,Esquel,Chubut,Pacífico,Río Futaleufú,Laguna Terraplén ,76,"Grosman y Rudzik, 1990",DAP,Patagonian,-42.9833333333333,-71.5166666666667,1990,FO,Peces,5244,América del Sur,Argentina,No,,,,,,
90,FO:Peces:5245,Salvelinus fontinalis,Esquel,Chubut,Pacífico,Río Futaleufú,Laguna Terraplén ,76,"Grosman y Rudzik, 1990",DAP,Patagonian,-42.9833333333333,-71.5166666666667,1990,FO,Peces,5245,América del Sur,Argentina,No,,,,,,
91,FO:Peces:5246,Odontesthes hatcheri,Esquel,Chubut,Pacífico,Río Futaleufú,Laguna Terraplén ,76,"Grosman y Rudzik, 1990",DAP,Patagonian,-42.9833333333333,-71.5166666666667,1990,FO,Peces,5246,América del Sur,Argentina,No,,,,,,
92,FO:Peces:5863,Aplochiton zebra,Lago Puelo,Chubut,Río Manso,Río Manso,Lago Puelo,75,"Cussac et al., 2004",DAP,Patagonian,-42.1,-71.6166666666667,2004,FO,Peces,5863,América del Sur,Argentina,No,,,,,,
93,FO:Peces:5864,Aplochiton zebra,Cholila,Chubut,Pacífico,Río Futaleufú,Lago Cholila,76,"Cussac et al., 2004",DAP,Patagonian,-42.45,-71.6666666666667,2004,FO,Peces,5864,América del Sur,Argentina,No,,,,,,
94,FO:Peces:5865,Aplochiton zebra,Trevelín,Chubut,Pacífico,Río Futaleufú,Lago Rivadavia,76,"Cussac et al., 2004",DAP,Patagonian,-42.55,-71.6333333333333,2004,FO,Peces,5865,América del Sur,Argentina,No,,"-42.666160, -71.677583",,,-42.66616,-71.677583
95,FO:Peces:5866,Aplochiton zebra,San Martín de los Andes,Neuquén,Pacífico,Río Hua Hum,Lago Queñi,74,"Cussac et al., 2004",DAP,Patagonian,-40.1333333333333,-71.7,2004,FO,Peces,5866,América del Sur,Argentina,No,,remove,remove,,,
96,FO:Peces:5867,Galaxias maculatus,Trevelín,Chubut,Pacífico,Río Futaleufú,Lago Verde,76,"Cussac et al., 2004",DAP,Patagonian,-40.7666666666667,-71.65,2004,FO,Peces,5867,América del Sur,Argentina,No,,remove,remove,,,
97,FO:Peces:5870,Galaxias maculatus,San Martín de los Andes,Neuquén,Río Filo Hua Hum,Río Filo Hua Hum,Lago Rosales,74,"Cussac et al., 2004",DAP,Patagonian,-40.1,-71.3333333333333,2004,FO,Peces,5870,América del Sur,Argentina,No,,remove,remove,,,
98,FO:Peces:5871,Galaxias maculatus,Filo Hua Hum,Neuquén,Río Filo Hua Hum,Río Filo Hua Hum,Lago Filo Hua Hum,74,"Cussac et al., 2004",DAP,Patagonian,-40.4833333333333,-71.3166666666667,2004,FO,Peces,5871,América del Sur,Argentina,No,,remove,remove,,,
99,FO:Peces:5877,Galaxias maculatus,Bariloche,Río Negro,Pacífico,Río Manso,Lago Mascardi,75,"Cussac et al., 2004",DAP,Patagonian,-41.2666666666667,-71.6333333333333,2004,FO,Peces,5877,América del Sur,Argentina,No,,,,,,
100,FO:Peces:5879,Galaxias maculatus,Bariloche,Río Negro,Pacífico,Río Manso,Lago Hess,75,"Cussac et al., 2004",DAP,Patagonian,-41.35,-71.7333333333333,2004,FO,Peces,5879,América del Sur,Argentina,No,,,,,,
101,FO:Peces:5880,Galaxias maculatus,Los Antiguos,Santa Cruz,Pacífico (río Aysen),Río Deseado,Lago Buenos Aires,79,"Cussac et al., 2004",DAP,Patagonian,-46.5,-71.35,2004,FO,Peces,5880,América del Sur,Argentina,No,,,,,,
102,FO:Peces:5887,Galaxias platei,Bariloche,Río Negro,Pacífico,Río Manso,Laguna Martin,75,"Cussac et al., 2004",DAP,Patagonian,-41.5166666666667,-71.6166666666667,2004,FO,Peces,5887,América del Sur,Argentina,No,,"-41.4980555555556, -71.6919444444445",,,-41.4980555555556,-71.6919444444445
103,FO:Peces:5888,Galaxias platei,Bariloche,Río Negro,Pacífico,Río Manso,Lago Steffen,75,"Cussac et al., 2004",DAP,Patagonian,-41.5666666666667,-71.4833333333333,2004,FO,Peces,5888,América del Sur,Argentina,No,,"-41.5166666666667, -71.5833333333333",,,-41.5166666666667,-71.5833333333333
104,FO:Peces:5889,Galaxias platei,Cholila,Chubut,Pacífico,Río Futaleufú,Arroyo del Turco,76,"Cussac et al., 2004",DAP,Patagonian,-42.3333333333333,-71.6666666666667,2004,FO,Peces,5889,América del Sur,Argentina,No,,"-42.450995, -71.651862",,,-42.450995,-71.651862
105,FO:Peces:5890,Galaxias platei,Cholila,Chubut,Pacífico,Río Futaleufú,Arroyo Tigre,76,"Cussac et al., 2004",DAP,Patagonian,-42.4166666666667,-71.7666666666667,2004,FO,Peces,5890,América del Sur,Argentina,No,,"-42.460364, -71.761536",,,-42.460364,-71.761536
106,FO:Peces:5891,Galaxias platei,Cholila,Chubut,Pacífico,Río Futaleufú,Laguna Cisne,76,"Cussac et al., 2004",DAP,Patagonian,-42.6,-71.9166666666667,2004,FO,Peces,5891,América del Sur,Argentina,No,,,,,,
107,FO:Peces:5892,Galaxias platei,Cholila,Chubut,Pacífico,Río Futaleufú,Laguna Larga,76,"Cussac et al., 2004",DAP,Patagonian,-42.6833333333333,-71.45,2004,FO,Peces,5892,América del Sur,Argentina,No,,"-42.901415, -71.555364",,,-42.901415,-71.555364
108,FO:Peces:5893,Galaxias platei,Esquel,Chubut,Pacífico,Río Futaleufú,Arroyo Lepá,76,"Cussac et al., 2004",DAP,Patagonian,-42.8,-70.7333333333333,2004,FO,Peces,5893,América del Sur,Argentina,No,,remove. out of polygon,remove,,,
109,FO:Peces:5894,Galaxias platei,Esquel,Chubut,Pacífico,Río Futaleufú,Arroyo La Madera,76,"Cussac et al., 2004",DAP,Patagonian,-42.8833333333333,-70.7333333333333,2004,FO,Peces,5894,América del Sur,Argentina,No,,remove. out of polygon.,remove,,,
110,FO:Peces:5895,Galaxias platei,Esquel,Chubut,Pacífico,Río Futaleufú,Arroyo Desaguadero,76,"Cussac et al., 2004",DAP,Patagonian,-42.8833333333333,-70.7333333333333,2004,FO,Peces,5895,América del Sur,Argentina,No,,"-42.890053, -71.609340",,,-42.890053,-71.60934
111,FO:Peces:5896,Galaxias platei,Esquel,Chubut,Pacífico,Río Futaleufú,Arroyo Montoso,76,"Cussac et al., 2004",DAP,Patagonian,-42.9333333333333,-70.75,2004,FO,Peces,5896,América del Sur,Argentina,No,,remove. fuera de poligono,remove,,,
112,FO:Peces:5898,Galaxias platei,Esquel,Chubut,Pacífico,Río Corcovado o Carrenleufú,Lago Baguillt,77,"Cussac et al., 2004",DAP,Patagonian,-43.4166666666667,-71.65,2004,FO,Peces,5898,América del Sur,Argentina,No,,"-43.270300, -71.685000",,,-43.2703,-71.685
113,FO:Peces:5901,Galaxias platei,El Corcovado,Chubut,Pacífico,Río Corcovado o Carrenleufú,Lago Guacho,77,"Cussac et al., 2004",DAP,Patagonian,-43.7833333333333,-71.35,2004,FO,Peces,5901,América del Sur,Argentina,No,,"-43.811773, -71.479354",,,-43.811773,-71.479354
114,FO:Peces:5903,Galaxias platei,-,Chubut,Pacífico,Río Corcovado o Carrenleufú,Lago Falso Engaño,77,"Cussac et al., 2004",DAP,Patagonian,-43.8166666666667,-71.5,2004,FO,Peces,5903,América del Sur,Argentina,No,,"-43.844507, -71.551378",,,-43.844507,-71.551378
115,FO:Peces:5904,Galaxias platei,Río Pico,Chubut,Pacífico,Río Pico,Lago El León,77,"Cussac et al., 2004",DAP,Patagonian,-44.1333333333333,-71.4333333333333,2004,FO,Peces,5904,América del Sur,Argentina,No,,"-44.294042, -71.490216",,,-44.294042,-71.490216
116,FO:Peces:5905,Galaxias platei,Río Pico,Chubut,Pacífico,Río Pico,Lago Cinco,77,"Cussac et al., 2004",DAP,Patagonian,-44.1333333333333,-71.6333333333333,2004,FO,Peces,5905,América del Sur,Argentina,No,,"-44.221312, -71.718838",,,-44.221312,-71.718838
117,FO:Peces:5906,Galaxias platei,Río Pico,Chubut,Pacífico,Río Pico,Lago Torres,77,"Cussac et al., 2004",DAP,Patagonian,-44.1666666666667,-71.3,2004,FO,Peces,5906,América del Sur,Argentina,No,,"-44.127130, -71.102007",,,-44.12713,-71.102007
118,FO:Peces:5907,Galaxias platei,Río Pico,Chubut,Pacífico,Río Pico,Río Pico 2,77,"Cussac et al., 2004",DAP,Patagonian,-44.3166666666667,-71.4166666666667,2004,FO,Peces,5907,América del Sur,Argentina,No,,"-44.325616, -71.487614",,,-44.325616,-71.487614
119,FO:Peces:5911,Galaxias platei,PN Perito Moreno,Santa Cruz,Pacífico,-,Lago Volcán,79,"Cussac et al., 2004",DAP,Patagonian,-47.7666666666667,-72.2166666666667,2004,FO,Peces,5911,América del Sur,Argentina,No,,"-47.766999, -72.225833",,,-47.766999,-72.225833
120,FO:Peces:5912,Galaxias platei,PN Perito Moreno,Santa Cruz,Pacífico,-,Laguna La Oriental,79,"Cussac et al., 2004",DAP,Patagonian,-47.8166666666667,-72.0833333333333,2004,FO,Peces,5912,América del Sur,Argentina,No,,"-47.765366, -71.965422",,,-47.765366,-71.965422
121,FO:Peces:5913,Galaxias platei,PN Perito Moreno,Santa Cruz,Pacífico,-,Laguna del Pescado,79,"Cussac et al., 2004",DAP,Patagonian,-47.8166666666667,-72.15,2004,FO,Peces,5913,América del Sur,Argentina,No,,"-47.820659, -72.160398",,,-47.820659,-72.160398
122,FO:Peces:5917,Galaxias platei,Est. Vieja Carmen,Tierra del Fuego,Pacífico,Lago Fagnano,Lago Fagnano,82,"Cussac et al., 2004",DAP,Patagonian,-54.55,-67.8833333333333,2004,FO,Peces,5917,América del Sur,Argentina,No,,,,,,
123,FO:Peces:5918,Galaxias platei,-,Tierra del Fuego,Pacífico,Lago Fagnano,Laguna Margarita,82,"Cussac et al., 2004",DAP,Patagonian,-54.6666666666667,-67.8333333333333,2004,FO,Peces,5918,América del Sur,Argentina,No,,"-54.627503, -67.992010",,,-54.627503,-67.99201
124,FO:Peces:6330,Oncorhynchus tshawytscha,-,Chubut,Pacífico,Río Corcovado o Carrenleufú,Río Carrenleufú,77,"Soto et al., 2007",DAP,Patagonian,-43.8666666666667,-71.3166666666667,2007,FO,Peces,6330,América del Sur,Argentina,No,,,,,,
125,FO:Peces:6331,Oncorhynchus tshawytscha,-,Chubut,Pacífico,Río Futaleufú,Río Futaleufú,76,"Soto et al., 2007",DAP,Patagonian,-43.1333333333333,-71.6,2007,FO,Peces,6331,América del Sur,Argentina,No,,,,,,
126,FO:Peces:6332,Oncorhynchus tshawytscha,Río Pico,Chubut,Pacífico,Río Pico,Río Pico,77,"Soto et al., 2007",DAP,Patagonian,-44.2,-71.4333333333333,2007,FO,Peces,6332,América del Sur,Argentina,No,,"-44.205475, -71.423926",,,-44.205475,-71.423926
127,FO:Peces:8039,Galaxias maculatus,Bariloche,Río Negro,Pacífico,Río Manso,Lago Hess  ,75,"Zemlak et al., 2010",DAP,Patagonian,-41.3672222222222,-71.7397222222222,2010,FO,Peces,8039,América del Sur,Argentina,No,,,,,,
128,FO:Peces:8040,Galaxias maculatus,Bariloche,Río Negro,Pacífico,Río Manso,Lago Martin  ,75,"Zemlak et al., 2010",DAP,Patagonian,-41.5,-71.6666666666667,2010,FO,Peces,8040,América del Sur,Argentina,No,,"-41.4980555555556, -71.6919444444445",,,-41.4980555555556,-71.6919444444445
129,FO:Peces:8041,Galaxias maculatus,Bariloche,Río Negro,Pacífico,Río Manso,Lago Steffen  ,75,"Zemlak et al., 2010",DAP,Patagonian,-41.5166666666667,-71.55,2010,FO,Peces,8041,América del Sur,Argentina,No,,,,,,
130,FO:Peces:8194,Salmo trutta,Bariloche,Río Negro,Pacífico,Río Manso,Lago Fonck,75,"Milano et al., 2002",DAP,Patagonian,-41.3166666666667,-71.7833333333333,2002,FO,Peces,8194,América del Sur,Argentina,No,,,,,,
131,FO:Peces:8195,Salvelinus fontinalis,Bariloche,Río Negro,Pacífico,Río Manso,Lago Fonck,75,"Milano et al., 2002",DAP,Patagonian,-41.3166666666667,-71.7833333333333,2002,FO,Peces,8195,América del Sur,Argentina,No,,,,,,
132,FO:Peces:8196,Oncorhynchus mykiss,Bariloche,Río Negro,Pacífico,Río Manso,Lago Fonck,75,"Milano et al., 2002",DAP,Patagonian,-41.3166666666667,-71.7833333333333,2002,FO,Peces,8196,América del Sur,Argentina,No,,,,,,
133,FO:Peces:8197,Galaxias maculatus,Bariloche,Río Negro,Pacífico,Río Manso,Lago Fonck,75,"Milano et al., 2002",DAP,Patagonian,-41.3166666666667,-71.7833333333333,2002,FO,Peces,8197,América del Sur,Argentina,No,,,,,,
134,FO:Peces:8198,Galaxias platei,Bariloche,Río Negro,Pacífico,Río Manso,Lago Fonck,75,"Milano et al., 2002",DAP,Patagonian,-41.3166666666667,-71.7833333333333,2002,FO,Peces,8198,América del Sur,Argentina,No,,,,,,
135,FO:Peces:8199,Salmo trutta,Bariloche,Río Negro,Pacífico,Río Manso,Lago Los Moscos,75,"Milano et al., 2002",DAP,Patagonian,-41.3333333333333,-71.6,2002,FO,Peces,8199,América del Sur,Argentina,No,,"-41.34514, -71.618776",,,-41.34514,-71.618776
136,FO:Peces:8200,Salvelinus fontinalis,Bariloche,Río Negro,Pacífico,Río Manso,Lago Los Moscos,75,"Milano et al., 2002",DAP,Patagonian,-41.3333333333333,-71.6,2002,FO,Peces,8200,América del Sur,Argentina,No,,"-41.34514, -71.618776",,,-41.34514,-71.618776
137,FO:Peces:8201,Oncorhynchus mykiss,Bariloche,Río Negro,Pacífico,Río Manso,Lago Los Moscos,75,"Milano et al., 2002",DAP,Patagonian,-41.3333333333333,-71.6,2002,FO,Peces,8201,América del Sur,Argentina,No,,"-41.34514, -71.618776",,,-41.34514,-71.618776
138,FO:Peces:8202,Galaxias maculatus,Bariloche,Río Negro,Pacífico,Río Manso,Lago Los Moscos,75,"Milano et al., 2002",DAP,Patagonian,-41.3333333333333,-71.6,2002,FO,Peces,8202,América del Sur,Argentina,No,,"-41.34514, -71.618776",,,-41.34514,-71.618776
139,FO:Peces:8203,Galaxias platei,Bariloche,Río Negro,Pacífico,Río Manso,Lago Los Moscos,75,"Milano et al., 2002",DAP,Patagonian,-41.3333333333333,-71.6,2002,FO,Peces,8203,América del Sur,Argentina,No,,"-41.34514, -71.618776",,,-41.34514,-71.618776
140,FO:Peces:8204,Salmo trutta,Bariloche,Río Negro,Pacífico,Río Manso,Lago Martin  ,75,"Milano et al., 2002",DAP,Patagonian,-41.4980555555556,-71.6919444444445,2002,FO,Peces,8204,América del Sur,Argentina,No,,,,,,
141,FO:Peces:8205,Salvelinus fontinalis,Bariloche,Río Negro,Pacífico,Río Manso,Lago Martin  ,75,"Milano et al., 2002",DAP,Patagonian,-41.4980555555556,-71.6919444444445,2002,FO,Peces,8205,América del Sur,Argentina,No,,,,,,
142,FO:Peces:8206,Oncorhynchus mykiss,Bariloche,Río Negro,Pacífico,Río Manso,Lago Martin  ,75,"Milano et al., 2002",DAP,Patagonian,-41.4980555555556,-71.6919444444445,2002,FO,Peces,8206,América del Sur,Argentina,No,,,,,,
143,FO:Peces:8207,Galaxias maculatus,Bariloche,Río Negro,Pacífico,Río Manso,Lago Martin  ,75,"Milano et al., 2002",DAP,Patagonian,-41.4980555555556,-71.6919444444445,2002,FO,Peces,8207,América del Sur,Argentina,No,,,,,,
144,FO:Peces:8208,Galaxias platei,Bariloche,Río Negro,Pacífico,Río Manso,Lago Martin  ,75,"Milano et al., 2002",DAP,Patagonian,-41.4980555555556,-71.6919444444445,2002,FO,Peces,8208,América del Sur,Argentina,No,,,,,,
145,FO:Peces:8209,Salmo trutta,Bariloche,Río Negro,Pacífico,Río Manso,Lago Mascardi,75,"Milano et al., 2002",DAP,Patagonian,-41.35,-71.55,2002,FO,Peces,8209,América del Sur,Argentina,No,,,,,,
146,FO:Peces:8210,Salvelinus fontinalis,Bariloche,Río Negro,Pacífico,Río Manso,Lago Mascardi,75,"Milano et al., 2002",DAP,Patagonian,-41.35,-71.55,2002,FO,Peces,8210,América del Sur,Argentina,No,,,,,,
147,FO:Peces:8211,Oncorhynchus mykiss,Bariloche,Río Negro,Pacífico,Río Manso,Lago Mascardi,75,"Milano et al., 2002",DAP,Patagonian,-41.35,-71.55,2002,FO,Peces,8211,América del Sur,Argentina,No,,,,,,
148,FO:Peces:8212,Galaxias maculatus,Bariloche,Río Negro,Pacífico,Río Manso,Lago Mascardi,75,"Milano et al., 2002",DAP,Patagonian,-41.35,-71.55,2002,FO,Peces,8212,América del Sur,Argentina,No,,,,,,
149,FO:Peces:8213,Galaxias platei,Bariloche,Río Negro,Pacífico,Río Manso,Lago Mascardi,75,"Milano et al., 2002",DAP,Patagonian,-41.35,-71.55,2002,FO,Peces,8213,América del Sur,Argentina,No,,,,,,
150,FO:Peces:8214,Salmo trutta,Bariloche,Río Negro,Pacífico,Río Manso,Lago Steffen,75,"Milano et al., 2002",DAP,Patagonian,-41.5666666666667,-71.4833333333333,2002,FO,Peces,8214,América del Sur,Argentina,No,,"-41.5166666666667, -71.5833333333333",,,-41.5166666666667,-71.5833333333333
151,FO:Peces:8215,Salvelinus fontinalis,Bariloche,Río Negro,Pacífico,Río Manso,Lago Steffen,75,"Milano et al., 2002",DAP,Patagonian,-41.5666666666667,-71.4833333333333,2002,FO,Peces,8215,América del Sur,Argentina,No,,"-41.5166666666667, -71.5833333333333",,,-41.5166666666667,-71.5833333333333
152,FO:Peces:8216,Oncorhynchus mykiss,Bariloche,Río Negro,Pacífico,Río Manso,Lago Steffen,75,"Milano et al., 2002",DAP,Patagonian,-41.5666666666667,-71.4833333333333,2002,FO,Peces,8216,América del Sur,Argentina,No,,"-41.5166666666667, -71.5833333333333",,,-41.5166666666667,-71.5833333333333
153,FO:Peces:8217,Galaxias maculatus,Bariloche,Río Negro,Pacífico,Río Manso,Lago Steffen,75,"Milano et al., 2002",DAP,Patagonian,-41.5666666666667,-71.4833333333333,2002,FO,Peces,8217,América del Sur,Argentina,No,,"-41.5166666666667, -71.5833333333333",,,-41.5166666666667,-71.5833333333333
154,FO:Peces:8218,Galaxias platei,Bariloche,Río Negro,Pacífico,Río Manso,Lago Steffen,75,"Milano et al., 2002",DAP,Patagonian,-41.5666666666667,-71.4833333333333,2002,FO,Peces,8218,América del Sur,Argentina,No,,"-41.5166666666667, -71.5833333333333",,,-41.5166666666667,-71.5833333333333
155,FO:Peces:8219,Salmo trutta,-,Chubut,Pacífico,Río Futaleufú,Río Futaleufú,76,"Milano et al., 2002",DAP,Patagonian,-43.1333333333333,-71.6,2002,FO,Peces,8219,América del Sur,Argentina,No,,,,,,
156,FO:Peces:8220,Salvelinus fontinalis,-,Chubut,Pacífico,Río Futaleufú,Río Futaleufú,76,"Milano et al., 2002",DAP,Patagonian,-43.1333333333333,-71.6,2002,FO,Peces,8220,América del Sur,Argentina,No,,,,,,
157,FO:Peces:8221,Oncorhynchus mykiss,-,Chubut,Pacífico,Río Futaleufú,Río Futaleufú,76,"Milano et al., 2002",DAP,Patagonian,-43.1333333333333,-71.6,2002,FO,Peces,8221,América del Sur,Argentina,No,,,,,,
158,FO:Peces:8222,Galaxias platei,-,Chubut,Pacífico,Río Futaleufú,Río Futaleufú,76,"Milano et al., 2002",DAP,Patagonian,-43.1333333333333,-71.6,2002,FO,Peces,8222,América del Sur,Argentina,No,,,,,,
159,FO:Peces:8223,Aplochiton zebra,-,Chubut,Pacífico,Río Futaleufú,Río Futaleufú,76,"Milano et al., 2002",DAP,Patagonian,-43.1333333333333,-71.6,2002,FO,Peces,8223,América del Sur,Argentina,No,,,,,,
160,FO:Peces:8224,Odontesthes hatcheri,-,Chubut,Pacífico,Río Futaleufú,Río Futaleufú,76,"Milano et al., 2002",DAP,Patagonian,-43.1333333333333,-71.6,2002,FO,Peces,8224,América del Sur,Argentina,No,,,,,,
161,FO:Peces:8225,Percichthys trucha,-,Chubut,Pacífico,Río Futaleufú,Río Futaleufú,76,"Milano et al., 2002",DAP,Patagonian,-43.1333333333333,-71.6,2002,FO,Peces,8225,América del Sur,Argentina,No,,,,,,
162,FO:Peces:9062,Galaxias platei,Los Antiguos,Santa Cruz,Pacífico (río Aysen),Río Deseado,Lago Buenos Aires ,79,"Zemlak et al., 2008",DAP,Patagonian,-46.5,-71.35,2008,FO,Peces,9062,América del Sur,Argentina,No,,,,,,
163,FO:Peces:9063,Galaxias platei,Lago Posadas,Santa Cruz,Pacífico,Río Deseado,Lago Pueyrredón ,79,"Zemlak et al., 2008",DAP,Patagonian,-47.3,-71.9166666666667,2008,FO,Peces,9063,América del Sur,Argentina,No,,,,,,
164,FO:Peces:9064,Galaxias platei,Ea. La Federica,Santa Cruz,Pacífico,Río Chico,Lago San Martín ,80,"Zemlak et al., 2008",DAP,Patagonian,-49.0319444444444,-72.2444444444444,2008,FO,Peces,9064,América del Sur,Argentina,No,,,,,,
165,FO:Peces:9066,Galaxias platei,Lago Puelo,Chubut,Río Manso,Río Manso,Lago Puelo ,75,"Zemlak et al., 2008",DAP,Patagonian,-42.0986111111111,-71.6175,2008,FO,Peces,9066,América del Sur,Argentina,No,,,,,,
166,FO:Peces:9067,Galaxias platei,Trevelín,Chubut,Pacífico,Río Futaleufú,Lago Rivadavia ,76,"Zemlak et al., 2008",DAP,Patagonian,-42.6166666666667,-71.6744444444445,2008,FO,Peces,9067,América del Sur,Argentina,No,,,,,,
167,FO:Peces:9069,Galaxias platei,El Volcán,Santa Cruz,Pacífico,Río Mayer,Lago Belgrano ,80,"Zemlak et al., 2008",DAP,Patagonian,-47.8694444444445,-72.1461111111111,2008,FO,Peces,9069,América del Sur,Argentina,No,,,,,,
168,FO:Peces:9071,Galaxias platei,-,Tierra del Fuego,Pacífico,Lago Fagnano,Lago Yehuin ,82,"Zemlak et al., 2008",DAP,Patagonian,-54.4,-67.7333333333333,2008,FO,Peces,9071,América del Sur,Argentina,No,,,,,,
169,FO:Peces:9072,Galaxias platei,Laguna Escondida,Tierra del Fuego,Pacífico,Lago Fagnano,Lago Margarita ,82,"Zemlak et al., 2008",DAP,Patagonian,-54.6666666666667,-67.8333333333333,2008,FO,Peces,9072,América del Sur,Argentina,No,,"-54.627503, -67.992010",,,-54.627503,-67.99201
170,FO:Peces:13428,Aplochiton zebra,-,Chubut,Pacífico ,Río Futaleufú,Arroyo Centinela ,76,"Cussac et al., 2012",DAP,Patagonian,-42.8086111111111,-71.6486111111111,2013,FO,Peces,13428,América del Sur,Argentina,No,,"-42.808731, -71.628778",,,-42.808731,-71.628778
171,FO:Peces:13429,Aplochiton zebra,-,Chubut,Pacífico,Río Futaleufú,Río Carrileufú,76,"Cussac et al., 2012",DAP,Patagonian,-42.4813888888889,-71.5672222222222,2013,FO,Peces,13429,América del Sur,Argentina,No,,,,,,
172,FO:Peces:13438,Hatcheria macraei,,,Pacífico ,Manso ,Lago Mascardi ,75,"Cussac et al., 2012",DAP,Patagonian,-41.3508333333333,-71.5458333333333,2013,FO,Peces,13438,América del Sur,Argentina,No,,,,,,
173,FO:Peces:13439,Hatcheria macraei,Epuyén,Chubut,Pacífico ,Puelo ,Lago Epuyén,75,"Cussac et al., 2012",DAP,Patagonian,-42.1894444444444,-71.5136111111111,2013,FO,Peces,13439,América del Sur,Argentina,No,,,,,,
174,FO:Peces:13440,Hatcheria macraei,Trevelín,Chubut,Pacífico ,Río Futaleufú,Lago Rivadavia,76,"Cussac et al., 2012",DAP,Patagonian,-42.61,-71.6666666666667,2013,FO,Peces,13440,América del Sur,Argentina,No,,,,,,
175,FO:Peces:13441,Hatcheria macraei,,,Pacífico ,Futaleufu ,Arroyo Nant y Fall,76,"Cussac et al., 2012",DAP,Patagonian,-43.2227777777778,-71.4213888888889,2013,FO,Peces,13441,América del Sur,Argentina,No,,,,,,
176,FO:Peces:13442,Hatcheria macraei,,,Pacífico ,Futaleufu ,Arroyo Corintos,76,"Cussac et al., 2012",DAP,Patagonian,-43.13,-71.44,2013,FO,Peces,13442,América del Sur,Argentina,No,,,,,,
177,FO:Peces:13443,Hatcheria macraei,Corcovado,Chubut,Pacífico ,Corcovado ,Arroyo Cabeza de Vaca,77,"Cussac et al., 2012",DAP,Patagonian,-43.4997222222222,-71.3477777777778,2013,FO,Peces,13443,América del Sur,Argentina,No,,?,,,,
178,FO:Peces:13444,Hatcheria macraei,Corcovado,Chubut,Pacífico,Corcovado,Arroyo Frío,77,"Cussac et al., 2012",DAP,Patagonian,-43.3094444444444,-71.4425,2013,FO,Peces,13444,América del Sur,Argentina,No,,"-43.305619, -71.457152",,,-43.305619,-71.457152
179,FO:Peces:11561,Odontesthes hatcheri,Epuyén,Chubut,Pacífico (río Puelo),Puelo ,Lago Epuyén,75,"Conte-Grand et al., 2015",DAP,Patagonian,-42.1666666666667,-71.5166666666667,2015,FO,Peces,11561,América del Sur,Argentina,No,,,,,,
180,FO:Peces:11562,Odontesthes hatcheri,Trevelín,Chubut,Pacífico ,Río Futaleufú,Lago Rivadavia,75,"Conte-Grand et al., 2015",DAP,Patagonian,-42.5,-71.75,2015,FO,Peces,11562,América del Sur,Argentina,No,,"-42.666160, -71.677583",,,-42.66616,-71.677583
181,FO:Peces:11563,Odontesthes hatcheri,Laguna Rosario,Chubut,Pacífico,Río Futaleufú,Lago Rosario,76,"Conte-Grand et al., 2015",DAP,Patagonian,-43.25,-71.3333333333333,2015,FO,Peces,11563,América del Sur,Argentina,No,,"-43.266930, -71.332850",,,-43.26693,-71.33285
182,FO:Peces:11566,Odontesthes hatcheri,Los Antiguos,Santa Cruz,Pacífico (río Aysen),Río Deseado,Lago Buenos Aires,79,"Conte-Grand et al., 2015",DAP,Patagonian,-46.4833333333333,-71.4666666666667,2015,FO,Peces,11566,América del Sur,Argentina,No,,,,,,
183,FO:Peces:11567,Odontesthes hatcheri,Lago Posadas,Santa Cruz,Pacífico (río Baker),Río Deseado,Lago Pueyrredón,79,"Conte-Grand et al., 2015",DAP,Patagonian,-47.3833333333333,-71.9166666666667,2015,FO,Peces,11567,América del Sur,Argentina,No,,,,,,
184,MACN:ict:8016,Aplochiton zebra,,Chubut,Pacífico,Río Puelo,"Parque Nacional Lago Puelo, Lago Puelo",75,"GBIF, 2019",DAP,Patagonian,-42.158356,-71.640448,2019,MACN,ict,8016,América del Sur,Argentina,Si,,,,,,
185,MACN:ict:4975,Aplochiton zebra,El Hoyo,Chubut,Pacífico,Río Puelo,El Hoyo,75,"GBIF, 2019",DAP,Patagonian,-42.06511,-71.5196,2019,MACN,ict,4975,América del Sur,Argentina,Si,,,,,,
186,MCZ:Ich:46223,Galaxias maculatus,San Martín de los Andes,Neuquén,Pacífico,Río Hua Hum,Lago Lácar,74,"GBIF, 2019",DAP,Patagonian,-40.172026,-71.514437,1968,MCZ,Ich,46223,América del Sur,Argentina,Si,Robert M. McDowall,remove,remove,,,
187,MCZ:Ich:46299,Galaxias maculatus,San Martín de los Andes,Neuquén,Pacífico,Río Hua Hum,Lago Lácar,74,"GBIF, 2019",DAP,Patagonian,-40.172026,-71.514437,1968,MCZ,Ich,46299,América del Sur,Argentina,Si,Robert M. McDowall,remove,remove,,,
188,CENPAT-CONICET:CNPICT:CNPICT2013/5,Galaxias maculatus,Lago Puelo,Chubut,Pacífico,Río Puelo,Charcos a la orilla del lago Puelo,75,"GBIF, 2019",DAP,Patagonian,-42.09483,-71.6302,2019,CENPAT-CONICET,CNPICT,CNPICT2013/5,América del Sur,Argentina,Si,,,,,,
189,dc72d2b2-1ed3-11e3-bfac-90b11c41863e,Galaxias maculatus,-,Tierra del Fuego,Pacífico,Lago Fagnano,Lago Yehuin,82,"GBIF, 2019",DAP,Patagonian,-54.4167,-67.6833,1986,KU,KUI,22962,América del Sur,Argentina,Si,,,,,,
190,MACN:ict:2762,Galaxias platei,,Santa Cruz,,,Lago San Martín,80,"GBIF, 2019",DAP,Patagonian,-48.983666,-72.431476,2019,MACN,ict,2762,América del Sur,Argentina,Si,,,,,,
191,FishBase:Occurrence:FB 2737081,Hatcheria macraei,Bajo Caracoles,Santa Cruz,Pacífico,Lagos Buenos Aires - Pueyrredón,Río Blanco,79,"GBIF, 2019",DAP,Patagonian,-47.5,-72,2019,FishBase,Occurrence,FB 2737081,América del Sur,Argentina,Si,,"-47.576943, -71.380845",,,-47.576943,-71.380845
192,KJ499176,Odontesthes hatcheri,Laguna Rosario,Chubut,Pacífico,Río Futaleufú,Lago Rosario,76,"GBIF, 2019",DAP,Patagonian,-43.21,-71.34,2019,,,,América del Sur,Argentina,Si,,"-43.266930, -71.332850",,,-43.26693,-71.33285
193,KJ499132,Odontesthes hatcheri,Epuyén,Chubut,Pacífico (río Puelo),Puelo ,Lago Epuyén,75,"GBIF, 2019",DAP,Patagonian,-42.17,-71.52,2019,,,,América del Sur,Argentina,Si,,,,,,
194,KJ499170,Odontesthes hatcheri,Lago Posadas,Santa Cruz,Pacífico (río Baker),Río Deseado,Lago Pueyrredón,79,"GBIF, 2019",DAP,Patagonian,-47.37,-71.96,2019,,,,América del Sur,Argentina,Si,,,,,,
195,KJ499178,Odontesthes hatcheri,Laguna Rosario,Chubut,Pacífico,Río Futaleufú,Lago Rosario,76,"GBIF, 2019",DAP,Patagonian,-43.21,-71.34,2019,,,,América del Sur,Argentina,Si,,"-43.266930, -71.332850",,,-43.26693,-71.33285
196,KJ499131,Odontesthes hatcheri,Epuyén,Chubut,Pacífico (río Puelo),Puelo ,Lago Epuyén,75,"GBIF, 2019",DAP,Patagonian,-42.17,-71.52,2019,,,,América del Sur,Argentina,Si,,,,,,
197,KJ499172,Odontesthes hatcheri,Trevelín,Chubut,Pacífico ,Río Futaleufú,Lago Rivadavia,75,"GBIF, 2019",DAP,Patagonian,-42.64,-71.67,2019,,,,América del Sur,Argentina,Si,,,,,,
198,KJ499135,Odontesthes hatcheri,Los Antiguos,Santa Cruz,Pacífico (río Aysen),Río Deseado,Lago Buenos Aires,79,"GBIF, 2019",DAP,Patagonian,-46.48,-71.47,2019,,,,América del Sur,Argentina,Si,,,,,,
199,KJ499171,Odontesthes hatcheri,Lago Posadas,Santa Cruz,Pacífico (río Baker),Río Deseado,Lago Pueyrredón,79,"GBIF, 2019",DAP,Patagonian,-47.37,-71.96,2019,,,,América del Sur,Argentina,Si,,,,,,
200,KJ499177,Odontesthes hatcheri,Laguna Rosario,Chubut,Pacífico,Río Futaleufú,Lago Rosario,76,"GBIF, 2019",DAP,Patagonian,-43.21,-71.34,2019,,,,América del Sur,Argentina,Si,,"-43.266930, -71.332850",,,-43.26693,-71.33285
201,KJ499133,Odontesthes hatcheri,Epuyén,Chubut,Pacífico (río Puelo),Puelo ,Lago Epuyén,75,"GBIF, 2019",DAP,Patagonian,-42.17,-71.52,2019,,,,América del Sur,Argentina,Si,,,,,,
202,KJ499173,Odontesthes hatcheri,Trevelín,Chubut,Pacífico ,Río Futaleufú,Lago Rivadavia,75,"GBIF, 2019",DAP,Patagonian,-42.64,-71.67,2019,,,,América del Sur,Argentina,Si,,,,,,
203,KJ499174,Odontesthes hatcheri,Trevelín,Chubut,Pacífico ,Río Futaleufú,Lago Rivadavia,75,"GBIF, 2019",DAP,Patagonian,-42.64,-71.67,2019,,,,América del Sur,Argentina,Si,,,,,,
204,KY001660,Odontesthes hatcheri,Laguna Rosario,Chubut,Pacífico,Río Futaleufú,Lago Rosario,76,"GBIF, 2019",DAP,Patagonian,-43.25,-71.35,2006,,,,América del Sur,Argentina,Si,,"-43.266930, -71.332850",,,-43.26693,-71.33285
205,KJ499175,Odontesthes hatcheri,Trevelín,Chubut,Pacífico ,Río Futaleufú,Lago Rivadavia,75,"GBIF, 2019",DAP,Patagonian,-42.64,-71.67,2019,,,,América del Sur,Argentina,Si,,,,,,
206,KJ499134,Odontesthes hatcheri,Los Antiguos,Santa Cruz,Pacífico (río Aysen),Río Deseado,Lago Buenos Aires,79,"GBIF, 2019",DAP,Patagonian,-46.48,-71.47,2019,,,,América del Sur,Argentina,Si,,,,,,
207,KJ499136,Odontesthes hatcheri,Los Antiguos,Santa Cruz,Pacífico (río Aysen),Río Deseado,Lago Buenos Aires,79,"GBIF, 2019",DAP,Patagonian,-46.48,-71.47,2019,,,,América del Sur,Argentina,Si,,,,,,
208,KJ499137,Odontesthes hatcheri,Los Antiguos,Santa Cruz,Pacífico (río Aysen),Río Deseado,Lago Buenos Aires,79,"GBIF, 2019",DAP,Patagonian,-46.48,-71.47,2019,,,,América del Sur,Argentina,Si,,,,,,
209,d5c57e42-47fa-40b4-85f0-138e4786203a,Odontesthes hatcheri,Los Antiguos,Santa Cruz,Pacífico (río Aysen),Río Deseado,Lago Buenos Aires,79,"GBIF, 2019",DAP,Patagonian,-46.48,-71.47,2019,,,,América del Sur,Argentina,Si,,,,,,
