"decimalLongitude","decimalLatitude","locality","scientificName","year","bibliographicCitation","eventRemarks","license","datasetName","basisOfRecord"
-72.42929,-41.14823,"Río Petrohué","Salvelinus fontinalis",1932,"Basulto del Campo, S. (2003) El largo viaje de los salmones. Una crónica olvidada. Propagación y cultivo de especies acuáticas en Chile.. Maval Ltda. Santiago, Chile. 299pp.. Type of document: Book Notes: NA","1932  Geolocation: General","CC BY-NC 4.0","FishGIS_metaDatabase_CCorrea","Ocurrence"
-71.94293,-41.63285,"Río Manso","Salvelinus fontinalis",1932,"Basulto del Campo, S. (2003) El largo viaje de los salmones. Una crónica olvidada. Propagación y cultivo de especies acuáticas en Chile.. Maval Ltda. Santiago, Chile. 299pp.. Type of document: Book Notes: NA","1932  Geolocation: General","CC BY-NC 4.0","FishGIS_metaDatabase_CCorrea","Ocurrence"
-72.09055,-41.70779,"Río Puelo","Salvelinus fontinalis",1932,"Basulto del Campo, S. (2003) El largo viaje de los salmones. Una crónica olvidada. Propagación y cultivo de especies acuáticas en Chile.. Maval Ltda. Santiago, Chile. 299pp.. Type of document: Book Notes: NA","1932  Geolocation: General","CC BY-NC 4.0","FishGIS_metaDatabase_CCorrea","Ocurrence"
-72.94168,-43.62392,"Bahía Tic-Toc","Oncorhynchus tshawytscha",1931,"Basulto del Campo, S. (2003) El largo viaje de los salmones. Una crónica olvidada. Propagación y cultivo de especies acuáticas en Chile.. Maval Ltda. Santiago, Chile. 299pp.. Type of document: Book Notes: NA","1931  Geolocation: Approximate","CC BY-NC 4.0","FishGIS_metaDatabase_CCorrea","Ocurrence"
-72.70839,-44.74037,"Río Cisnes","Salmo salar",1941,"Basulto del Campo, S. (2003) El largo viaje de los salmones. Una crónica olvidada. Propagación y cultivo de especies acuáticas en Chile.. Maval Ltda. Santiago, Chile. 299pp.. Type of document: Book Notes: NA","1941  Geolocation: Approximate","CC BY-NC 4.0","FishGIS_metaDatabase_CCorrea","Ocurrence"
-72.41107,-51.73711,"Nearby Pto. Natales","Oncorhynchus keta",1986,"Basulto del Campo, S. (2003) El largo viaje de los salmones. Una crónica olvidada. Propagación y cultivo de especies acuáticas en Chile.. Maval Ltda. Santiago, Chile. 299pp.. Type of document: Book Notes: NA","1986  Geolocation: General","CC BY-NC 4.0","FishGIS_metaDatabase_CCorrea","Ocurrence"
-71.97437,-46.2858,"Pto. Ibañez, Lago General Carrera","Oncorhynchus masou",1989,"Basulto del Campo, S. (2003) El largo viaje de los salmones. Una crónica olvidada. Propagación y cultivo de especies acuáticas en Chile.. Maval Ltda. Santiago, Chile. 299pp.. Type of document: Book Notes: NA","1989  Geolocation: General","CC BY-NC 4.0","FishGIS_metaDatabase_CCorrea","Ocurrence"
-72.15183,-45.64443,"Río Simpson, near Coihaique, about 50 km from the mouth of the river.","Oncorhynchus tshawytscha",2001,"Behnke, Robert J.; illustrated by  Joseph R. Tomelleri; froreword by Thomas McGuane. (2002) Trout and Salmon of North America. The free press, New York. 359pp.. Type of document: Book Notes: NA","2001 ","CC BY-NC 4.0","FishGIS_metaDatabase_CCorrea","Ocurrence"
-72.77706,-41.43988,"Site 11: Río Ñanco","Velesia sp.",1997,"Wood, Jonathan D. (1997) The distribution of feral salmonids in inland Chilean Waters.. Unpublishes thesis to obtain the degree of M.Sc. In Aquaculture, University of Stirling 85pp.. Type of document: Thesis Notes: NA","1997 ","CC BY-NC 4.0","FishGIS_metaDatabase_CCorrea","Ocurrence"
-72.77706,-41.43988,"Site 11: Río Ñanco","Velesia sp.",1997,"Wood, Jonathan D. (1997) The distribution of feral salmonids in inland Chilean Waters.. Unpublishes thesis to obtain the degree of M.Sc. In Aquaculture, University of Stirling 85pp.. Type of document: Thesis Notes: NA","1997 ","CC BY-NC 4.0","FishGIS_metaDatabase_CCorrea","Ocurrence"
-72.74245,-41.52607,"Site 12: Río Quillaipe","Aplochiton taeniatus",1997,"Wood, Jonathan D. (1997) The distribution of feral salmonids in inland Chilean Waters.. Unpublishes thesis to obtain the degree of M.Sc. In Aquaculture, University of Stirling 85pp.. Type of document: Thesis Notes: NA","1997 ","CC BY-NC 4.0","FishGIS_metaDatabase_CCorrea","Ocurrence"
-72.74245,-41.52607,"Site 12: Río Quillaipe","Aplochiton taeniatus",1997,"Wood, Jonathan D. (1997) The distribution of feral salmonids in inland Chilean Waters.. Unpublishes thesis to obtain the degree of M.Sc. In Aquaculture, University of Stirling 85pp.. Type of document: Thesis Notes: NA","1997 ","CC BY-NC 4.0","FishGIS_metaDatabase_CCorrea","Ocurrence"
-72.46221,-41.18372,"Laguna Los Patos","Salvelinus fontinalis",1996,"Fernando Jara S. & Doris Soto B. (1997) Recaptura salmones retornantes en río Petrohué.. Universidad Austral de Chile 19pp.. Type of document: Unpub. Report Notes: NA","1996  Geolocation: The position of the point is not accurate.","CC BY-NC 4.0","FishGIS_metaDatabase_CCorrea","Ocurrence"
-72.47477,-41.96528,"Río Cuchildeo","Lamprey",2000,"Doris Soto B.and Ivan Arismendi V. (2001) Evaluacion, ordenamiento y manejo  del potencial biológico para la pesca deportiva de la región de los lagos.. Gobierno Regional de Los Lagos Fondo Nacional de Desarrollo Regional (FNDR) código B.I.P. 20109755-0; Universidad Austral de Chile NA. Type of document: Unpub. Report Notes: NA","2000 ","CC BY-NC 4.0","FishGIS_metaDatabase_CCorrea","Ocurrence"
-72.47477,-41.96528,"Río Cuchildeo","Lamprey",2000,"Doris Soto B.and Ivan Arismendi V. (2001) Evaluacion, ordenamiento y manejo  del potencial biológico para la pesca deportiva de la región de los lagos.. Gobierno Regional de Los Lagos Fondo Nacional de Desarrollo Regional (FNDR) código B.I.P. 20109755-0; Universidad Austral de Chile NA. Type of document: Unpub. Report Notes: NA","2000 ","CC BY-NC 4.0","FishGIS_metaDatabase_CCorrea","Ocurrence"
-72.50077,-41.95095,"Río Cuchildeo-afluente","Salmo trutta",1999,"Doris Soto B.and Ivan Arismendi V. (2001) Evaluacion, ordenamiento y manejo  del potencial biológico para la pesca deportiva de la región de los lagos.. Gobierno Regional de Los Lagos Fondo Nacional de Desarrollo Regional (FNDR) código B.I.P. 20109755-0; Universidad Austral de Chile NA. Type of document: Unpub. Report Notes: NA","1999, 2000 ","CC BY-NC 4.0","FishGIS_metaDatabase_CCorrea","Ocurrence"
-72.50077,-41.95095,"Río Cuchildeo-afluente","Salmo trutta",1999,"Doris Soto B.and Ivan Arismendi V. (2001) Evaluacion, ordenamiento y manejo  del potencial biológico para la pesca deportiva de la región de los lagos.. Gobierno Regional de Los Lagos Fondo Nacional de Desarrollo Regional (FNDR) código B.I.P. 20109755-0; Universidad Austral de Chile NA. Type of document: Unpub. Report Notes: NA","1999, 2000 ","CC BY-NC 4.0","FishGIS_metaDatabase_CCorrea","Ocurrence"
-72.39183,-41.89703,"Río Negro-afluente","Oncorhynchus kisutch",2000,"Doris Soto B.and Ivan Arismendi V. (2001) Evaluacion, ordenamiento y manejo  del potencial biológico para la pesca deportiva de la región de los lagos.. Gobierno Regional de Los Lagos Fondo Nacional de Desarrollo Regional (FNDR) código B.I.P. 20109755-0; Universidad Austral de Chile NA. Type of document: Unpub. Report Notes: NA","2000  Geolocation: The position of the point is not accurate; coordinates were not reported.","CC BY-NC 4.0","FishGIS_metaDatabase_CCorrea","Ocurrence"
-72.39183,-41.89703,"Río Negro-afluente","Oncorhynchus kisutch",2000,"Doris Soto B.and Ivan Arismendi V. (2001) Evaluacion, ordenamiento y manejo  del potencial biológico para la pesca deportiva de la región de los lagos.. Gobierno Regional de Los Lagos Fondo Nacional de Desarrollo Regional (FNDR) código B.I.P. 20109755-0; Universidad Austral de Chile NA. Type of document: Unpub. Report Notes: NA","2000  Geolocation: The position of the point is not accurate; coordinates were not reported.","CC BY-NC 4.0","FishGIS_metaDatabase_CCorrea","Ocurrence"
-72.55918,-41.98041,"Río Pichicolo","Galaxias maculatus",2000,"Doris Soto B.and Ivan Arismendi V. (2001) Evaluacion, ordenamiento y manejo  del potencial biológico para la pesca deportiva de la región de los lagos.. Gobierno Regional de Los Lagos Fondo Nacional de Desarrollo Regional (FNDR) código B.I.P. 20109755-0; Universidad Austral de Chile NA. Type of document: Unpub. Report Notes: NA","2000 ","CC BY-NC 4.0","FishGIS_metaDatabase_CCorrea","Ocurrence"
-72.55918,-41.98041,"Río Pichicolo","Galaxias maculatus",2000,"Doris Soto B.and Ivan Arismendi V. (2001) Evaluacion, ordenamiento y manejo  del potencial biológico para la pesca deportiva de la región de los lagos.. Gobierno Regional de Los Lagos Fondo Nacional de Desarrollo Regional (FNDR) código B.I.P. 20109755-0; Universidad Austral de Chile NA. Type of document: Unpub. Report Notes: NA","2000 ","CC BY-NC 4.0","FishGIS_metaDatabase_CCorrea","Ocurrence"
-72.41175,-43.1976,"Lago Yecho","Salmo salar",2001,"Doris Soto B.and Ivan Arismendi V. (2001) Evaluacion, ordenamiento y manejo  del potencial biológico para la pesca deportiva de la región de los lagos.. Gobierno Regional de Los Lagos Fondo Nacional de Desarrollo Regional (FNDR) código B.I.P. 20109755-0; Universidad Austral de Chile NA. Type of document: Unpub. Report Notes: NA","2001 Only samplings not reported in Soto 2002 (FIP 2000-24) are reported in this record. Geolocation: Not accurate.","CC BY-NC 4.0","FishGIS_metaDatabase_CCorrea","Ocurrence"
-72.43206,-43.17613,"Lago Yelcho","Oncorhynchus tshawytscha",2001,"Soto, D. (2002) Estudio del ciclo reproductivo de las principales especies objetivo de la pesca deportiva en la X región.. Proyecto FIP  2000-24 (2000-2001) NA. Type of document: Unpub. Report Notes: NA","2001  Geolocation: The position of the point is approximate.","CC BY-NC 4.0","FishGIS_metaDatabase_CCorrea","Ocurrence"
-72.46283,-41.18385,"Laguna Los Patos","Oncorhynchus tshawytscha",2000,"Soto, D. (2002) Estudio del ciclo reproductivo de las principales especies objetivo de la pesca deportiva en la X región.. Proyecto FIP  2000-24 (2000-2001) NA. Type of document: Unpub. Report Notes: NA","2000, 2001  Geolocation: The position of the point is not accurate.","CC BY-NC 4.0","FishGIS_metaDatabase_CCorrea","Ocurrence"
-72.46283,-41.18385,"Laguna Los Patos","Oncorhynchus tshawytscha",2000,"Soto, D. (2002) Estudio del ciclo reproductivo de las principales especies objetivo de la pesca deportiva en la X región.. Proyecto FIP  2000-24 (2000-2001) NA. Type of document: Unpub. Report Notes: NA","2000, 2001  Geolocation: The position of the point is not accurate.","CC BY-NC 4.0","FishGIS_metaDatabase_CCorrea","Ocurrence"
-72.38705,-41.12001,"Lago Todos Los Santos","Salmo salar",2000,"Soto, D. (2002) Estudio del ciclo reproductivo de las principales especies objetivo de la pesca deportiva en la X región.. Proyecto FIP  2000-24 (2000-2001) NA. Type of document: Unpub. Report Notes: NA","2000  Geolocation: The position of the point is not accurate.","CC BY-NC 4.0","FishGIS_metaDatabase_CCorrea","Ocurrence"
-72.36269,-43.33927,"Río Café","Salmo trutta",2000,"Soto, D. (2002) Estudio del ciclo reproductivo de las principales especies objetivo de la pesca deportiva en la X región.. Proyecto FIP  2000-24 (2000-2001) NA. Type of document: Unpub. Report Notes: NA","2000, 2001  Geolocation: The position of the point is not accurate; it is based on general figure.","CC BY-NC 4.0","FishGIS_metaDatabase_CCorrea","Ocurrence"
-72.36269,-43.33927,"Río Café","Salmo trutta",2000,"Soto, D. (2002) Estudio del ciclo reproductivo de las principales especies objetivo de la pesca deportiva en la X región.. Proyecto FIP  2000-24 (2000-2001) NA. Type of document: Unpub. Report Notes: NA","2000, 2001  Geolocation: The position of the point is not accurate; it is based on general figure.","CC BY-NC 4.0","FishGIS_metaDatabase_CCorrea","Ocurrence"
-72.44188,-43.12616,"Río Fierro","Salmo trutta",2000,"Soto, D. (2002) Estudio del ciclo reproductivo de las principales especies objetivo de la pesca deportiva en la X región.. Proyecto FIP  2000-24 (2000-2001) NA. Type of document: Unpub. Report Notes: NA","2000, 2001  Geolocation: The position of the point is not accurate; it is based on general figure.","CC BY-NC 4.0","FishGIS_metaDatabase_CCorrea","Ocurrence"
-72.44188,-43.12616,"Río Fierro","Salmo trutta",2000,"Soto, D. (2002) Estudio del ciclo reproductivo de las principales especies objetivo de la pesca deportiva en la X región.. Proyecto FIP  2000-24 (2000-2001) NA. Type of document: Unpub. Report Notes: NA","2000, 2001  Geolocation: The position of the point is not accurate; it is based on general figure.","CC BY-NC 4.0","FishGIS_metaDatabase_CCorrea","Ocurrence"
-72.39943,-43.30142,"Río Puente Naranjo 2","Oncorhynchus mykiss",2000,"Soto, D. (2002) Estudio del ciclo reproductivo de las principales especies objetivo de la pesca deportiva en la X región.. Proyecto FIP  2000-24 (2000-2001) NA. Type of document: Unpub. Report Notes: NA","2000, 2001  Geolocation: The position of the point is not accurate; it is based on general figure.","CC BY-NC 4.0","FishGIS_metaDatabase_CCorrea","Ocurrence"
-72.39943,-43.30142,"Río Puente Naranjo 2","Oncorhynchus mykiss",2000,"Soto, D. (2002) Estudio del ciclo reproductivo de las principales especies objetivo de la pesca deportiva en la X región.. Proyecto FIP  2000-24 (2000-2001) NA. Type of document: Unpub. Report Notes: NA","2000, 2001  Geolocation: The position of the point is not accurate; it is based on general figure.","CC BY-NC 4.0","FishGIS_metaDatabase_CCorrea","Ocurrence"
-70.06845,-53.95527,"Río Cóndor, cauce central y afluentes.","Galaxias maculatus",1995,"Vila, Irma; Leopoldo Fuentes, Marcelo Saavedra (1999) Ictiofauna en los sistemas límnicos de la isla grande, Tierra del Fuego, Chile.. Revista Chilena de Historia Natural 72: 273-284. Type of document: Paper Notes: NA","1995  Geolocation: The position of the point is not accurate.","CC BY-NC 4.0","FishGIS_metaDatabase_CCorrea","Ocurrence"
-70.06845,-53.95527,"Río Cóndor, cauce central y afluentes.","Galaxias maculatus",1995,"Vila, Irma; Leopoldo Fuentes, Marcelo Saavedra (1999) Ictiofauna en los sistemas límnicos de la isla grande, Tierra del Fuego, Chile.. Revista Chilena de Historia Natural 72: 273-284. Type of document: Paper Notes: NA","1995  Geolocation: The position of the point is not accurate.","CC BY-NC 4.0","FishGIS_metaDatabase_CCorrea","Ocurrence"
-69.80318,-53.68642,"Río Bueno, cauce central y afluentes.","Oncorhynchus mykiss",1995,"Vila, Irma; Leopoldo Fuentes, Marcelo Saavedra (1999) Ictiofauna en los sistemas límnicos de la isla grande, Tierra del Fuego, Chile.. Revista Chilena de Historia Natural 72: 273-284. Type of document: Paper Notes: NA","1995 ","CC BY-NC 4.0","FishGIS_metaDatabase_CCorrea","Ocurrence"
-69.80318,-53.68642,"Río Bueno, cauce central y afluentes.","Oncorhynchus mykiss",1995,"Vila, Irma; Leopoldo Fuentes, Marcelo Saavedra (1999) Ictiofauna en los sistemas límnicos de la isla grande, Tierra del Fuego, Chile.. Revista Chilena de Historia Natural 72: 273-284. Type of document: Paper Notes: NA","1995 ","CC BY-NC 4.0","FishGIS_metaDatabase_CCorrea","Ocurrence"
-68.67287,-53.98592,"Río Rasmunssen, cauce central y afluentes.","Salmo trutta",1995,"Vila, Irma; Leopoldo Fuentes, Marcelo Saavedra (1999) Ictiofauna en los sistemas límnicos de la isla grande, Tierra del Fuego, Chile.. Revista Chilena de Historia Natural 72: 273-284. Type of document: Paper Notes: NA","1995  Geolocation: The position of the point is not accurate.","CC BY-NC 4.0","FishGIS_metaDatabase_CCorrea","Ocurrence"
-68.67287,-53.98592,"Río Rasmunssen, cauce central y afluentes.","Salmo trutta",1995,"Vila, Irma; Leopoldo Fuentes, Marcelo Saavedra (1999) Ictiofauna en los sistemas límnicos de la isla grande, Tierra del Fuego, Chile.. Revista Chilena de Historia Natural 72: 273-284. Type of document: Paper Notes: NA","1995  Geolocation: The position of the point is not accurate.","CC BY-NC 4.0","FishGIS_metaDatabase_CCorrea","Ocurrence"
-68.85548,-53.98113,"Valle Castor, cauce central y afluentes.","Salmo trutta",1995,"Vila, Irma; Leopoldo Fuentes, Marcelo Saavedra (1999) Ictiofauna en los sistemas límnicos de la isla grande, Tierra del Fuego, Chile.. Revista Chilena de Historia Natural 72: 273-284. Type of document: Paper Notes: NA","1995  Geolocation: The position of the point is not accurate.","CC BY-NC 4.0","FishGIS_metaDatabase_CCorrea","Ocurrence"
-68.85548,-53.98113,"Valle Castor, cauce central y afluentes.","Salmo trutta",1995,"Vila, Irma; Leopoldo Fuentes, Marcelo Saavedra (1999) Ictiofauna en los sistemas límnicos de la isla grande, Tierra del Fuego, Chile.. Revista Chilena de Historia Natural 72: 273-284. Type of document: Paper Notes: NA","1995  Geolocation: The position of the point is not accurate.","CC BY-NC 4.0","FishGIS_metaDatabase_CCorrea","Ocurrence"
-72.21622,-45.49326,"Río Simpson","Oncorhynchus masou",1984,"CORFO-IFOP (1990) Un legado a la salmonicultura. Proyecto de introducción de salmón del pacífico en Aysén.. Chile Pesquero 1: 51-56. Type of document: Paper Notes: NA","1984  Geolocation: Not accurate; somewere in the Simpson River.","CC BY-NC 4.0","FishGIS_metaDatabase_CCorrea","Ocurrence"
-72.734212,-51.562583,"Río Prat","Oncorhynchus keta",1986,"CORFO-IFOP (1990) Un legado a la salmonicultura. Proyecto de introducción de salmón del pacífico en Aysén.. Chile Pesquero 1: 51-56. Type of document: Paper Notes: NA","1986  Geolocation: Not accurate; somewere in the Prat River.","CC BY-NC 4.0","FishGIS_metaDatabase_CCorrea","Ocurrence"
-72.45548,-46.64234,"Lago General Carrera","Oncorhynchus masou",1989,"CORFO-IFOP (1990) Un legado a la salmonicultura. Proyecto de introducción de salmón del pacífico en Aysén.. Chile Pesquero 1: 51-56. Type of document: Paper Notes: NA","1989  Geolocation: Not accurate; somewere in the General Carrera Lake.","CC BY-NC 4.0","FishGIS_metaDatabase_CCorrea","Ocurrence"
-72.26949,-45.4832,"Río Simpson","Salmo trutta",2000,"Edwin Niklitschek and Eduardo Aedo (2002) Estudio del ciclo reproductivo de las principales especies objetivo de la pesca deportiva en la XI región. FIP 2000-25. FIP 2000-25 75pp.. Type of document: Unpub. Report Notes: NA","2000, 2001 ","CC BY-NC 4.0","FishGIS_metaDatabase_CCorrea","Ocurrence"
-71.91679,-45.81854,"Río Blanco (Aysen)","Oncorhynchus tshawytscha",2001,"Edwin Niklitschek and Eduardo Aedo (2002) Estudio del ciclo reproductivo de las principales especies objetivo de la pesca deportiva en la XI región. FIP 2000-25. FIP 2000-25 75pp.. Type of document: Unpub. Report Notes: NA","2001 ","CC BY-NC 4.0","FishGIS_metaDatabase_CCorrea","Ocurrence"
-71.78287,-45.83935,"Río Huemules","Salmo trutta",2001,"Edwin Niklitschek and Eduardo Aedo (2002) Estudio del ciclo reproductivo de las principales especies objetivo de la pesca deportiva en la XI región. FIP 2000-25. FIP 2000-25 75pp.. Type of document: Unpub. Report Notes: NA","2001 ","CC BY-NC 4.0","FishGIS_metaDatabase_CCorrea","Ocurrence"
-72.08335,-45.57516,"Río Simpson","Oncorhynchus mykiss",2001,"Edwin Niklitschek and Eduardo Aedo (2002) Estudio del ciclo reproductivo de las principales especies objetivo de la pesca deportiva en la XI región. FIP 2000-25. FIP 2000-25 75pp.. Type of document: Unpub. Report Notes: NA","2001 ","CC BY-NC 4.0","FishGIS_metaDatabase_CCorrea","Ocurrence"
-72.76028,-45.69517,"Arroyo Cea","Oncorhynchus kisutch",2001,"Edwin Niklitschek and Eduardo Aedo (2002) Estudio del ciclo reproductivo de las principales especies objetivo de la pesca deportiva en la XI región. FIP 2000-25. FIP 2000-25 75pp.. Type of document: Unpub. Report Notes: NA","2001  Geolocation: Position of the point is based on coordinates only.","CC BY-NC 4.0","FishGIS_metaDatabase_CCorrea","Ocurrence"
-72.19077,-46.16147,"Lago Las Ardillas","Salmo salar",2001,"Edwin Niklitschek and Eduardo Aedo (2002) Estudio del ciclo reproductivo de las principales especies objetivo de la pesca deportiva en la XI región. FIP 2000-25. FIP 2000-25 75pp.. Type of document: Unpub. Report Notes: NA","2001 ","CC BY-NC 4.0","FishGIS_metaDatabase_CCorrea","Ocurrence"
-72.68563,-46.46062,"Arroyo Murta","Oncorhynchus mykiss",2001,"Edwin Niklitschek and Eduardo Aedo (2002) Estudio del ciclo reproductivo de las principales especies objetivo de la pesca deportiva en la XI región. FIP 2000-25. FIP 2000-25 75pp.. Type of document: Unpub. Report Notes: NA","2001 ","CC BY-NC 4.0","FishGIS_metaDatabase_CCorrea","Ocurrence"
-72.713,-46.47491,"Bahía Murta","Salmo trutta",2001,"Edwin Niklitschek and Eduardo Aedo (2002) Estudio del ciclo reproductivo de las principales especies objetivo de la pesca deportiva en la XI región. FIP 2000-25. FIP 2000-25 75pp.. Type of document: Unpub. Report Notes: NA","2001 ","CC BY-NC 4.0","FishGIS_metaDatabase_CCorrea","Ocurrence"
-71.97163,-46.28321,"Río Ibañez","Salmo trutta",2001,"Edwin Niklitschek and Eduardo Aedo (2002) Estudio del ciclo reproductivo de las principales especies objetivo de la pesca deportiva en la XI región. FIP 2000-25. FIP 2000-25 75pp.. Type of document: Unpub. Report Notes: NA","2001 ","CC BY-NC 4.0","FishGIS_metaDatabase_CCorrea","Ocurrence"
-71.65194,-44.62831,"Río Cisnes (Tapera)","Oncorhynchus tshawytscha",2001,"Edwin Niklitschek and Eduardo Aedo (2002) Estudio del ciclo reproductivo de las principales especies objetivo de la pesca deportiva en la XI región. FIP 2000-25. FIP 2000-25 75pp.. Type of document: Unpub. Report Notes: NA","2001 ","CC BY-NC 4.0","FishGIS_metaDatabase_CCorrea","Ocurrence"
-72.4946,-41.44194,"Lago Chapo","Salmo salar",1997,"Gonzalo Gajardo (1997) Caracterización genética, hematologica y química sanguinea de salmonideos silvestres y de cultivo.. FIP IT 95-35 61. Type of document: Unpub. Report Notes: NA","1997 (?)  Geolocation: The position of the point is not accurate.","CC BY-NC 4.0","FishGIS_metaDatabase_CCorrea","Ocurrence"
-73.65074,-42.38315,"Dalcahue","Salmo salar",1997,"Gonzalo Gajardo (1997) Caracterización genética, hematologica y química sanguinea de salmonideos silvestres y de cultivo.. FIP IT 95-35 61. Type of document: Unpub. Report Notes: NA","1997 (?)  Geolocation: The position of the point is not accurate.","CC BY-NC 4.0","FishGIS_metaDatabase_CCorrea","Ocurrence"
-73.1115,-41.75788,"Calbuco","Oncorhynchus tshawytscha",1995,"Doris Soto and Fernando Jara (1996) Evaluación de salmonideos de vida libre en aguas interiores de las regiones X y XI.. FIP IT 95-31 159pp.. Type of document: Unpub. Report Notes: NA","1995-1996  Geolocation: The position of the point is not accurate.","CC BY-NC 4.0","FishGIS_metaDatabase_CCorrea","Ocurrence"
-73.48566,-41.82911,"Hueihue","Oncorhynchus tshawytscha",1995,"Doris Soto and Fernando Jara (1996) Evaluación de salmonideos de vida libre en aguas interiores de las regiones X y XI.. FIP IT 95-31 159pp.. Type of document: Unpub. Report Notes: NA","1995-1996  Geolocation: The position of the point is not accurate.","CC BY-NC 4.0","FishGIS_metaDatabase_CCorrea","Ocurrence"
-73.72415,-42.58196,"Canal Lemuy","Oncorhynchus tshawytscha",1995,"Doris Soto and Fernando Jara (1996) Evaluación de salmonideos de vida libre en aguas interiores de las regiones X y XI.. FIP IT 95-31 159pp.. Type of document: Unpub. Report Notes: NA","1995-1996  Geolocation: The position of the point is not accurate.","CC BY-NC 4.0","FishGIS_metaDatabase_CCorrea","Ocurrence"
-72.59794,-42.04103,"Pichicolo","Oncorhynchus tshawytscha",1995,"Doris Soto and Fernando Jara (1996) Evaluación de salmonideos de vida libre en aguas interiores de las regiones X y XI.. FIP IT 95-31 159pp.. Type of document: Unpub. Report Notes: NA","1995-1996  Geolocation: The position of the point is not accurate.","CC BY-NC 4.0","FishGIS_metaDatabase_CCorrea","Ocurrence"
-72.72125,-44.7079,"Pto. Cisnes","Salmo salar",1995,"Doris Soto and Fernando Jara (1996) Evaluación de salmonideos de vida libre en aguas interiores de las regiones X y XI.. FIP IT 95-31 159pp.. Type of document: Unpub. Report Notes: NA","1995-1996  Geolocation: The position of the point is not accurate.","CC BY-NC 4.0","FishGIS_metaDatabase_CCorrea","Ocurrence"
-72.83693,-45.47359,"Pto. Chacabuco","Salmo salar",1995,"Doris Soto and Fernando Jara (1996) Evaluación de salmonideos de vida libre en aguas interiores de las regiones X y XI.. FIP IT 95-31 159pp.. Type of document: Unpub. Report Notes: NA","1995-1996  Geolocation: The position of the point is not accurate.","CC BY-NC 4.0","FishGIS_metaDatabase_CCorrea","Ocurrence"
-72.80285,-45.45417,"Ensenada Baja","Galaxias maculatus",1980,"Zama, Akira and Eduardo Cárdenas G. (1984) Introduction into Aysén Chile of the pacific salmon. N°9 Descriptive catalogue of marine and freshwater fishes from the Aysén region, southern Chile, with zoogeographical notes on fish fauna.. SERNAP - JICA 82pp.. Type of document: Unpub. Report Notes: NA","1980  Geolocation: The position of the point is not accurate.","CC BY-NC 4.0","FishGIS_metaDatabase_CCorrea","Ocurrence"
-72.71702,-45.40587,"Río Aysen","Aplochiton taeniatus",1980,"Zama, Akira and Eduardo Cárdenas G. (1984) Introduction into Aysén Chile of the pacific salmon. N°9 Descriptive catalogue of marine and freshwater fishes from the Aysén region, southern Chile, with zoogeographical notes on fish fauna.. SERNAP - JICA 82pp.. Type of document: Unpub. Report Notes: NA","1980  Geolocation: The position of the point is approximate.","CC BY-NC 4.0","FishGIS_metaDatabase_CCorrea","Ocurrence"
-72.08838,-45.57624,"Río Claro","Aplochiton zebra",1978,"Zama, Akira and Eduardo Cárdenas G. (1984) Introduction into Aysén Chile of the pacific salmon. N°9 Descriptive catalogue of marine and freshwater fishes from the Aysén region, southern Chile, with zoogeographical notes on fish fauna.. SERNAP - JICA 82pp.. Type of document: Unpub. Report Notes: NA","1978 Does not know what region Geolocation: Ambiguous","CC BY-NC 4.0","FishGIS_metaDatabase_CCorrea","Ocurrence"
-72.06869,-45.54818,"Río Simpson (Coyhaique)","Hatcheria macraei",1980,"Zama, Akira and Eduardo Cárdenas G. (1984) Introduction into Aysén Chile of the pacific salmon. N°9 Descriptive catalogue of marine and freshwater fishes from the Aysén region, southern Chile, with zoogeographical notes on fish fauna.. SERNAP - JICA 82pp.. Type of document: Unpub. Report Notes: NA","1980  Geolocation: The position of the point is not accurate.","CC BY-NC 4.0","FishGIS_metaDatabase_CCorrea","Ocurrence"
-72.14431,-45.50018,"Río Simpson (Huichalao)","Hatcheria macraei",1981,"Zama, Akira and Eduardo Cárdenas G. (1984) Introduction into Aysén Chile of the pacific salmon. N°9 Descriptive catalogue of marine and freshwater fishes from the Aysén region, southern Chile, with zoogeographical notes on fish fauna.. SERNAP - JICA 82pp.. Type of document: Unpub. Report Notes: NA","1981, 1982  Geolocation: The position of the point is approximate.","CC BY-NC 4.0","FishGIS_metaDatabase_CCorrea","Ocurrence"
-72.45992,-45.41774,"Río Aysén (Puerto Piedra)","Geotria australis",1981,"Zama, Akira and Eduardo Cárdenas G. (1984) Introduction into Aysén Chile of the pacific salmon. N°9 Descriptive catalogue of marine and freshwater fishes from the Aysén region, southern Chile, with zoogeographical notes on fish fauna.. SERNAP - JICA 82pp.. Type of document: Unpub. Report Notes: NA","1981-1982 (?) ","CC BY-NC 4.0","FishGIS_metaDatabase_CCorrea","Ocurrence"
-73.24177,-45.24658,"Puerto Pérez (tidepool)","Galaxias maculatus",1982,"Zama, Akira and Eduardo Cárdenas G. (1984) Introduction into Aysén Chile of the pacific salmon. N°9 Descriptive catalogue of marine and freshwater fishes from the Aysén region, southern Chile, with zoogeographical notes on fish fauna.. SERNAP - JICA 82pp.. Type of document: Unpub. Report Notes: NA","1982  Geolocation: The position of the point is not accurate; should be at Pto. Piedra.","CC BY-NC 4.0","FishGIS_metaDatabase_CCorrea","Ocurrence"
-72.80007,-45.45759,"Arrollo Pajarones (Ensenada Baja)","Salmo trutta",1981,"Zama, Akira and Eduardo Cárdenas G. (1984) Introduction into Aysén Chile of the pacific salmon. N°9 Descriptive catalogue of marine and freshwater fishes from the Aysén region, southern Chile, with zoogeographical notes on fish fauna.. SERNAP - JICA 82pp.. Type of document: Unpub. Report Notes: NA","1981  Geolocation: The position of the point is not accurate.","CC BY-NC 4.0","FishGIS_metaDatabase_CCorrea","Ocurrence"
-72.79406,-45.45129,"Río El Salto (desembocadura)","Oncorhynchus kisutch",1982,"Zama, Akira and Eduardo Cárdenas G. (1984) Introduction into Aysén Chile of the pacific salmon. N°9 Descriptive catalogue of marine and freshwater fishes from the Aysén region, southern Chile, with zoogeographical notes on fish fauna.. SERNAP - JICA 82pp.. Type of document: Unpub. Report Notes: NA","1982 ","CC BY-NC 4.0","FishGIS_metaDatabase_CCorrea","Ocurrence"
-73.591667,-48.25,"Laguna Ventisquero (estero Ventisquero)","Aplochiton marinus",1982,"Zama, Akira and Eduardo Cárdenas G. (1984) Introduction into Aysén Chile of the pacific salmon. N°9 Descriptive catalogue of marine and freshwater fishes from the Aysén region, southern Chile, with zoogeographical notes on fish fauna.. SERNAP - JICA 82pp.. Type of document: Unpub. Report Notes: NA","1982 ","CC BY-NC 4.0","FishGIS_metaDatabase_CCorrea","Ocurrence"
-73.1204,-48.14281,"Laguna Quetro","Aplochiton zebra",1982,"Zama, Akira and Eduardo Cárdenas G. (1984) Introduction into Aysén Chile of the pacific salmon. N°9 Descriptive catalogue of marine and freshwater fishes from the Aysén region, southern Chile, with zoogeographical notes on fish fauna.. SERNAP - JICA 82pp.. Type of document: Unpub. Report Notes: NA","1982 ","CC BY-NC 4.0","FishGIS_metaDatabase_CCorrea","Ocurrence"
-73.52067,-45.16155,"Puerto Aguirre","Galaxias maculatus",1980,"Zama, Akira and Eduardo Cárdenas G. (1984) Introduction into Aysén Chile of the pacific salmon. N°9 Descriptive catalogue of marine and freshwater fishes from the Aysén region, southern Chile, with zoogeographical notes on fish fauna.. SERNAP - JICA 82pp.. Type of document: Unpub. Report Notes: NA","1980 ","CC BY-NC 4.0","FishGIS_metaDatabase_CCorrea","Ocurrence"
-71.85398,-45.66646,"Lago Pollux","Galaxias platei",1975,"Zama, Akira and Eduardo Cárdenas G. (1984) Introduction into Aysén Chile of the pacific salmon. N°9 Descriptive catalogue of marine and freshwater fishes from the Aysén region, southern Chile, with zoogeographical notes on fish fauna.. SERNAP - JICA 82pp.. Type of document: Unpub. Report Notes: NA","1975  Geolocation: The position of the point is not accurate.","CC BY-NC 4.0","FishGIS_metaDatabase_CCorrea","Ocurrence"
-72.72904,-45.46757,"Lago Riesco","Galaxias platei",1980,"Zama, Akira and Eduardo Cárdenas G. (1984) Introduction into Aysén Chile of the pacific salmon. N°9 Descriptive catalogue of marine and freshwater fishes from the Aysén region, southern Chile, with zoogeographical notes on fish fauna.. SERNAP - JICA 82pp.. Type of document: Unpub. Report Notes: NA","1980 ","CC BY-NC 4.0","FishGIS_metaDatabase_CCorrea","Ocurrence"
-71.96482,-46.24045,"Lago Don Poli","Galaxias platei",1984,"Zama, Akira and Eduardo Cárdenas G. (1984) Introduction into Aysén Chile of the pacific salmon. N°9 Descriptive catalogue of marine and freshwater fishes from the Aysén region, southern Chile, with zoogeographical notes on fish fauna.. SERNAP - JICA 82pp.. Type of document: Unpub. Report Notes: NA","1984  Geolocation: The position of the point is not accurate; it should be at Don Poli Lagoon.","CC BY-NC 4.0","FishGIS_metaDatabase_CCorrea","Ocurrence"
-72.58243,-47.31257,"Lago Esmeralda","Odontesthes bonariensis",1983,"Zama, Akira and Eduardo Cárdenas G. (1984) Introduction into Aysén Chile of the pacific salmon. N°9 Descriptive catalogue of marine and freshwater fishes from the Aysén region, southern Chile, with zoogeographical notes on fish fauna.. SERNAP - JICA 82pp.. Type of document: Unpub. Report Notes: NA","1983 ","CC BY-NC 4.0","FishGIS_metaDatabase_CCorrea","Ocurrence"
-72.45022,-47.28029,"Lago Maldonado","Percichthys trucha",1983,"Zama, Akira and Eduardo Cárdenas G. (1984) Introduction into Aysén Chile of the pacific salmon. N°9 Descriptive catalogue of marine and freshwater fishes from the Aysén region, southern Chile, with zoogeographical notes on fish fauna.. SERNAP - JICA 82pp.. Type of document: Unpub. Report Notes: NA","1983  Geolocation: The point should be at Maldonado Lagoon.","CC BY-NC 4.0","FishGIS_metaDatabase_CCorrea","Ocurrence"
-71.92711,-46.30439,"Lago General Carrera (Pto. Ibañez)","Percichthys trucha",1982,"Zama, Akira and Eduardo Cárdenas G. (1984) Introduction into Aysén Chile of the pacific salmon. N°9 Descriptive catalogue of marine and freshwater fishes from the Aysén region, southern Chile, with zoogeographical notes on fish fauna.. SERNAP - JICA 82pp.. Type of document: Unpub. Report Notes: NA","1982  Geolocation: The position of the point is not accurate.","CC BY-NC 4.0","FishGIS_metaDatabase_CCorrea","Ocurrence"
-71.94613,-45.66398,"Lago Frío","Oncorhynchus mykiss",1981,"Zama, Akira and Eduardo Cárdenas G. (1984) Introduction into Aysén Chile of the pacific salmon. N°9 Descriptive catalogue of marine and freshwater fishes from the Aysén region, southern Chile, with zoogeographical notes on fish fauna.. SERNAP - JICA 82pp.. Type of document: Unpub. Report Notes: NA","1981-1982 (?) ","CC BY-NC 4.0","FishGIS_metaDatabase_CCorrea","Ocurrence"
-71.62297,-46.51134,"Lago General Carrera, near Río Los Antiguos, Argentina.","Percichthys trucha",1990,"Misuo Sakai and Ambrosio C. Espinós (1992) On the trout resouces in lake Buenos Aires, southern Argentina. Informe técnico N°4, Agencia de Cooperación Internacional del Japón (JICA). Editorial Hemisferio Sur S.A., Buenos Aires, Argentina. 26pp.. Type of document: Unpub. Report Notes: NA","1990 ","CC BY-NC 4.0","FishGIS_metaDatabase_CCorrea","Ocurrence"
-71.50128,-52.23821,"Río San José","Salmo trutta",1998,"Estai, E. (1999) Desarrollo y manejo de una pesquería fluvial de trucha café (Salmo trutta fario) en río penitente, XII región. Informe Final.. FONTEC-CORFO Código N° 96-08521. Type of document: Unpub. Report Notes: NA","1998 No comments about whether other fishes were also sampled.","CC BY-NC 4.0","FishGIS_metaDatabase_CCorrea","Ocurrence"
-71.50128,-52.23821,"Río San José","Salmo trutta",1998,"Estai, E. (1999) Desarrollo y manejo de una pesquería fluvial de trucha café (Salmo trutta fario) en río penitente, XII región. Informe Final.. FONTEC-CORFO Código N° 96-08521. Type of document: Unpub. Report Notes: NA","1998 No comments about whether other fishes were also sampled.","CC BY-NC 4.0","FishGIS_metaDatabase_CCorrea","Ocurrence"
-71.41201,-52.18261,"Río Penitente, La Holla.","Salmo trutta",1996,"Estai, E. (1999) Desarrollo y manejo de una pesquería fluvial de trucha café (Salmo trutta fario) en río penitente, XII región. Informe Final.. FONTEC-CORFO Código N° 96-08521. Type of document: Unpub. Report Notes: NA","1996, 1997, 1998 No comments about whether other fishes were also sampled.","CC BY-NC 4.0","FishGIS_metaDatabase_CCorrea","Ocurrence"
-71.41201,-52.18261,"Río Penitente, La Holla.","Salmo trutta",1996,"Estai, E. (1999) Desarrollo y manejo de una pesquería fluvial de trucha café (Salmo trutta fario) en río penitente, XII región. Informe Final.. FONTEC-CORFO Código N° 96-08521. Type of document: Unpub. Report Notes: NA","1996, 1997, 1998 No comments about whether other fishes were also sampled.","CC BY-NC 4.0","FishGIS_metaDatabase_CCorrea","Ocurrence"
-71.4246,-52.05776,"Río Penitente, Acantilado.","Salmo trutta",1997,"Estai, E. (1999) Desarrollo y manejo de una pesquería fluvial de trucha café (Salmo trutta fario) en río penitente, XII región. Informe Final.. FONTEC-CORFO Código N° 96-08521. Type of document: Unpub. Report Notes: NA","1997 No comments about whether other fishes were also sampled.","CC BY-NC 4.0","FishGIS_metaDatabase_CCorrea","Ocurrence"
-71.4246,-52.05776,"Río Penitente, Acantilado.","Salmo trutta",1997,"Estai, E. (1999) Desarrollo y manejo de una pesquería fluvial de trucha café (Salmo trutta fario) en río penitente, XII región. Informe Final.. FONTEC-CORFO Código N° 96-08521. Type of document: Unpub. Report Notes: NA","1997 No comments about whether other fishes were also sampled.","CC BY-NC 4.0","FishGIS_metaDatabase_CCorrea","Ocurrence"
-71.62611,-52.21571,"Río Penitente, Corral las Nieves.","Salmo trutta",1997,"Estai, E. (1999) Desarrollo y manejo de una pesquería fluvial de trucha café (Salmo trutta fario) en río penitente, XII región. Informe Final.. FONTEC-CORFO Código N° 96-08521. Type of document: Unpub. Report Notes: NA","1997 No comments about whether other fishes were also sampled.","CC BY-NC 4.0","FishGIS_metaDatabase_CCorrea","Ocurrence"
-71.48307,-52.19625,"Río Penitente, Palermo.","Salmo trutta",1997,"Estai, E. (1999) Desarrollo y manejo de una pesquería fluvial de trucha café (Salmo trutta fario) en río penitente, XII región. Informe Final.. FONTEC-CORFO Código N° 96-08521. Type of document: Unpub. Report Notes: NA","1997, 1998, 1999 No comments about whether other fishes were also sampled.","CC BY-NC 4.0","FishGIS_metaDatabase_CCorrea","Ocurrence"
-71.48307,-52.19625,"Río Penitente, Palermo.","Salmo trutta",1997,"Estai, E. (1999) Desarrollo y manejo de una pesquería fluvial de trucha café (Salmo trutta fario) en río penitente, XII región. Informe Final.. FONTEC-CORFO Código N° 96-08521. Type of document: Unpub. Report Notes: NA","1997, 1998, 1999 No comments about whether other fishes were also sampled.","CC BY-NC 4.0","FishGIS_metaDatabase_CCorrea","Ocurrence"
-71.53757,-52.15145,"Chorrillo (arrollo) s/n..","Salmo trutta",1997,"Estai, E. (1999) Desarrollo y manejo de una pesquería fluvial de trucha café (Salmo trutta fario) en río penitente, XII región. Informe Final.. FONTEC-CORFO Código N° 96-08521. Type of document: Unpub. Report Notes: NA","1997, 1998, 1999 No comments about whether other fishes were also sampled.","CC BY-NC 4.0","FishGIS_metaDatabase_CCorrea","Ocurrence"
-71.53757,-52.15145,"Chorrillo (arrollo) s/n..","Salmo trutta",1997,"Estai, E. (1999) Desarrollo y manejo de una pesquería fluvial de trucha café (Salmo trutta fario) en río penitente, XII región. Informe Final.. FONTEC-CORFO Código N° 96-08521. Type of document: Unpub. Report Notes: NA","1997, 1998, 1999 No comments about whether other fishes were also sampled.","CC BY-NC 4.0","FishGIS_metaDatabase_CCorrea","Ocurrence"
-71.40578,-52.22581,"Río Penitente, La Invernada.","Salmo trutta",1997,"Estai, E. (1999) Desarrollo y manejo de una pesquería fluvial de trucha café (Salmo trutta fario) en río penitente, XII región. Informe Final.. FONTEC-CORFO Código N° 96-08521. Type of document: Unpub. Report Notes: NA","1997, 1998 No comments about whether other fishes were also sampled.","CC BY-NC 4.0","FishGIS_metaDatabase_CCorrea","Ocurrence"
-71.38706,-52.11319,"Río Penitente, La Invernada.","Salmo trutta",1997,"Estai, E. (1999) Desarrollo y manejo de una pesquería fluvial de trucha café (Salmo trutta fario) en río penitente, XII región. Informe Final.. FONTEC-CORFO Código N° 96-08521. Type of document: Unpub. Report Notes: NA","1997, 1998, 1999 No comments about whether other fishes were also sampled.","CC BY-NC 4.0","FishGIS_metaDatabase_CCorrea","Ocurrence"
-71.38706,-52.11319,"Río Penitente, La Invernada.","Salmo trutta",1997,"Estai, E. (1999) Desarrollo y manejo de una pesquería fluvial de trucha café (Salmo trutta fario) en río penitente, XII región. Informe Final.. FONTEC-CORFO Código N° 96-08521. Type of document: Unpub. Report Notes: NA","1997, 1998, 1999 No comments about whether other fishes were also sampled.","CC BY-NC 4.0","FishGIS_metaDatabase_CCorrea","Ocurrence"
-72.98062,-45.21126,"Lago Meullín at the drainage.","Galaxias platei",2001,"Centro de Ecología Aplicada Ltda. (2001) Estudio de Impacto Ambiental (EIA) proyecto ALUMYSA. Anexo IV.A_1 Caracterización del habitat acuático del Rio Cuervo, Puerto Aysen.. CONAMA NA. Type of document: EIA Notes: NA","2001 ","CC BY-NC 4.0","FishGIS_metaDatabase_CCorrea","Ocurrence"
-73.02396,-45.30376,"Río Cuervo upstream from Río Marta","Galaxias platei",2001,"Centro de Ecología Aplicada Ltda. (2001) Estudio de Impacto Ambiental (EIA) proyecto ALUMYSA. Anexo IV.A_1 Caracterización del habitat acuático del Rio Cuervo, Puerto Aysen.. CONAMA NA. Type of document: EIA Notes: NA","2001 ","CC BY-NC 4.0","FishGIS_metaDatabase_CCorrea","Ocurrence"
-73.04489,-45.34709,"Río Cuervo down stream from Río Marta","Oncorhynchus tshawytscha",2001,"Centro de Ecología Aplicada Ltda. (2001) Estudio de Impacto Ambiental (EIA) proyecto ALUMYSA. Anexo IV.A_1 Caracterización del habitat acuático del Rio Cuervo, Puerto Aysen.. CONAMA NA. Type of document: EIA Notes: NA","2001 ","CC BY-NC 4.0","FishGIS_metaDatabase_CCorrea","Ocurrence"
-72.8293,-45.11141,"Lago Youlton en Ensenada Barrientos (SLAY-2)","Galaxias platei",2000,"Centro de Ecología Aplicada Ltda. (2001) Estudio de Impacto Ambiental (EIA) proyecto ALUMYSA. Anexo IV.A_1 Caracterización del habitat acuático del Rio Cuervo, Puerto Aysen.. CONAMA NA. Type of document: EIA Notes: NA","2000 (?) ","CC BY-NC 4.0","FishGIS_metaDatabase_CCorrea","Ocurrence"
-72.8293,-45.11141,"Lago Youlton en Ensenada Barrientos (SLAY-2)","Galaxias platei",2000,"Centro de Ecología Aplicada Ltda. (2001) Estudio de Impacto Ambiental (EIA) proyecto ALUMYSA. Anexo IV.A_1 Caracterización del habitat acuático del Rio Cuervo, Puerto Aysen.. CONAMA NA. Type of document: EIA Notes: NA","2000 (?) ","CC BY-NC 4.0","FishGIS_metaDatabase_CCorrea","Ocurrence"
-72.91149,-45.1479,"Lago Youlton frente a Laguna Quetro (SLAY-3)","Galaxias platei",2000,"Centro de Ecología Aplicada Ltda. (2001) Estudio de Impacto Ambiental (EIA) proyecto ALUMYSA. Anexo IV.A_1 Caracterización del habitat acuático del Rio Cuervo, Puerto Aysen.. CONAMA NA. Type of document: EIA Notes: NA","2000 (?) ","CC BY-NC 4.0","FishGIS_metaDatabase_CCorrea","Ocurrence"
-72.8577,-45.08349,"Lago Youlton aguas abajo Estero Capillan (SLY-2)","Galaxias platei",2000,"Centro de Ecología Aplicada Ltda. (2001) Estudio de Impacto Ambiental (EIA) proyecto ALUMYSA. Anexo IV.A_1 Caracterización del habitat acuático del Rio Cuervo, Puerto Aysen.. CONAMA NA. Type of document: EIA Notes: NA","2000 (?) ","CC BY-NC 4.0","FishGIS_metaDatabase_CCorrea","Ocurrence"
-72.97011,-45.1414,"Lago Youlton en desembocadura (SLY-1)","Galaxias platei",2000,"Centro de Ecología Aplicada Ltda. (2001) Estudio de Impacto Ambiental (EIA) proyecto ALUMYSA. Anexo IV.A_1 Caracterización del habitat acuático del Rio Cuervo, Puerto Aysen.. CONAMA NA. Type of document: EIA Notes: NA","2000 (?) ","CC BY-NC 4.0","FishGIS_metaDatabase_CCorrea","Ocurrence"
-72.97011,-45.1414,"Lago Youlton en desembocadura (SLY-1)","Galaxias platei",2000,"Centro de Ecología Aplicada Ltda. (2001) Estudio de Impacto Ambiental (EIA) proyecto ALUMYSA. Anexo IV.A_1 Caracterización del habitat acuático del Rio Cuervo, Puerto Aysen.. CONAMA NA. Type of document: EIA Notes: NA","2000 (?) ","CC BY-NC 4.0","FishGIS_metaDatabase_CCorrea","Ocurrence"
-72.97382,-45.16812,"Lago Youlton en desembocadura Lago Youlton (SRME-1)","Galaxias platei",2000,"Centro de Ecología Aplicada Ltda. (2001) Estudio de Impacto Ambiental (EIA) proyecto ALUMYSA. Anexo IV.A_1 Caracterización del habitat acuático del Rio Cuervo, Puerto Aysen.. CONAMA NA. Type of document: EIA Notes: NA","2000 (?) ","CC BY-NC 4.0","FishGIS_metaDatabase_CCorrea","Ocurrence"
-72.96376,-45.56128,"Lago Condor (SLCO-7)","Aplochiton zebra",2000,"Centro de Ecología Aplicada Ltda. (2001) Estudio de Impacto Ambiental (EIA) proyecto ALUMYSA. Anexo IV.A_1 Caracterización del habitat acuático del Rio Cuervo, Puerto Aysen.. CONAMA NA. Type of document: EIA Notes: NA","2000 (?) ","CC BY-NC 4.0","FishGIS_metaDatabase_CCorrea","Ocurrence"
-72.96376,-45.56128,"Lago Condor (SLCO-7)","Aplochiton zebra",2000,"Centro de Ecología Aplicada Ltda. (2001) Estudio de Impacto Ambiental (EIA) proyecto ALUMYSA. Anexo IV.A_1 Caracterización del habitat acuático del Rio Cuervo, Puerto Aysen.. CONAMA NA. Type of document: EIA Notes: NA","2000 (?) ","CC BY-NC 4.0","FishGIS_metaDatabase_CCorrea","Ocurrence"
-72.96792,-45.59743,"Lago Condor (SLCO-2)","Aplochiton zebra",2000,"Centro de Ecología Aplicada Ltda. (2001) Estudio de Impacto Ambiental (EIA) proyecto ALUMYSA. Anexo IV.A_1 Caracterización del habitat acuático del Rio Cuervo, Puerto Aysen.. CONAMA NA. Type of document: EIA Notes: NA","2000 (?) ","CC BY-NC 4.0","FishGIS_metaDatabase_CCorrea","Ocurrence"
-72.96792,-45.59743,"Lago Condor (SLCO-2)","Aplochiton zebra",2000,"Centro de Ecología Aplicada Ltda. (2001) Estudio de Impacto Ambiental (EIA) proyecto ALUMYSA. Anexo IV.A_1 Caracterización del habitat acuático del Rio Cuervo, Puerto Aysen.. CONAMA NA. Type of document: EIA Notes: NA","2000 (?) ","CC BY-NC 4.0","FishGIS_metaDatabase_CCorrea","Ocurrence"
-72.67735,-45.49821,"Lago Riesco en desembocadura (SLR-1)","Galaxias maculatus",2000,"Centro de Ecología Aplicada Ltda. (2001) Estudio de Impacto Ambiental (EIA) proyecto ALUMYSA. Anexo IV.A_1 Caracterización del habitat acuático del Rio Cuervo, Puerto Aysen.. CONAMA NA. Type of document: EIA Notes: NA","2000 (?) ","CC BY-NC 4.0","FishGIS_metaDatabase_CCorrea","Ocurrence"
-72.67735,-45.49821,"Lago Riesco en desembocadura (SLR-1)","Galaxias maculatus",2000,"Centro de Ecología Aplicada Ltda. (2001) Estudio de Impacto Ambiental (EIA) proyecto ALUMYSA. Anexo IV.A_1 Caracterización del habitat acuático del Rio Cuervo, Puerto Aysen.. CONAMA NA. Type of document: EIA Notes: NA","2000 (?) ","CC BY-NC 4.0","FishGIS_metaDatabase_CCorrea","Ocurrence"
-72.51029,-45.79312,"Lago Caro en cubeta oriente (SRB-9)","Aplochiton zebra",2000,"Centro de Ecología Aplicada Ltda. (2001) Estudio de Impacto Ambiental (EIA) proyecto ALUMYSA. Anexo IV.A_1 Caracterización del habitat acuático del Rio Cuervo, Puerto Aysen.. CONAMA NA. Type of document: EIA Notes: NA","2000 (?)  Geolocation: The position of the point is not accurate.","CC BY-NC 4.0","FishGIS_metaDatabase_CCorrea","Ocurrence"
-72.17475,-45.77066,"Lago Elizalde en cubeta Oriente (SRB-10)","Galaxias platei",2000,"Centro de Ecología Aplicada Ltda. (2001) Estudio de Impacto Ambiental (EIA) proyecto ALUMYSA. Anexo IV.A_1 Caracterización del habitat acuático del Rio Cuervo, Puerto Aysen.. CONAMA NA. Type of document: EIA Notes: NA","2000 (?) ","CC BY-NC 4.0","FishGIS_metaDatabase_CCorrea","Ocurrence"
-72.58969,-45.42742,"Río Blanco abajo en desembocadura (SRB-1)","Geotria australis",2000,"Centro de Ecología Aplicada Ltda. (2001) Estudio de Impacto Ambiental (EIA) proyecto ALUMYSA. Anexo IV.A_1 Caracterización del habitat acuático del Rio Cuervo, Puerto Aysen.. CONAMA NA. Type of document: EIA Notes: NA","2000 (?) ","CC BY-NC 4.0","FishGIS_metaDatabase_CCorrea","Ocurrence"
-72.58969,-45.42742,"Río Blanco abajo en desembocadura (SRB-1)","Geotria australis",2000,"Centro de Ecología Aplicada Ltda. (2001) Estudio de Impacto Ambiental (EIA) proyecto ALUMYSA. Anexo IV.A_1 Caracterización del habitat acuático del Rio Cuervo, Puerto Aysen.. CONAMA NA. Type of document: EIA Notes: NA","2000 (?) ","CC BY-NC 4.0","FishGIS_metaDatabase_CCorrea","Ocurrence"
-72.61971,-45.47016,"Río Blanco abajo en sector de balseo (SRB-2)","Galaxias maculatus",2000,"Centro de Ecología Aplicada Ltda. (2001) Estudio de Impacto Ambiental (EIA) proyecto ALUMYSA. Anexo IV.A_1 Caracterización del habitat acuático del Rio Cuervo, Puerto Aysen.. CONAMA NA. Type of document: EIA Notes: NA","2000 (?) ","CC BY-NC 4.0","FishGIS_metaDatabase_CCorrea","Ocurrence"
-72.61971,-45.47016,"Río Blanco abajo en sector de balseo (SRB-2)","Galaxias maculatus",2000,"Centro de Ecología Aplicada Ltda. (2001) Estudio de Impacto Ambiental (EIA) proyecto ALUMYSA. Anexo IV.A_1 Caracterización del habitat acuático del Rio Cuervo, Puerto Aysen.. CONAMA NA. Type of document: EIA Notes: NA","2000 (?) ","CC BY-NC 4.0","FishGIS_metaDatabase_CCorrea","Ocurrence"
-72.6649,-45.54027,"Río Blanco abajo en ""El Perdido"" (SRB-3)","Salmo trutta",2000,"Centro de Ecología Aplicada Ltda. (2001) Estudio de Impacto Ambiental (EIA) proyecto ALUMYSA. Anexo IV.A_1 Caracterización del habitat acuático del Rio Cuervo, Puerto Aysen.. CONAMA NA. Type of document: EIA Notes: NA","2000 (?) ","CC BY-NC 4.0","FishGIS_metaDatabase_CCorrea","Ocurrence"
-72.6649,-45.54027,"Río Blanco abajo en ""El Perdido"" (SRB-3)","Salmo trutta",2000,"Centro de Ecología Aplicada Ltda. (2001) Estudio de Impacto Ambiental (EIA) proyecto ALUMYSA. Anexo IV.A_1 Caracterización del habitat acuático del Rio Cuervo, Puerto Aysen.. CONAMA NA. Type of document: EIA Notes: NA","2000 (?) ","CC BY-NC 4.0","FishGIS_metaDatabase_CCorrea","Ocurrence"
-72.61708,-45.58148,"Río Blanco arriba antes de los rápidos (SRB-4)","Salmo trutta",2000,"Centro de Ecología Aplicada Ltda. (2001) Estudio de Impacto Ambiental (EIA) proyecto ALUMYSA. Anexo IV.A_1 Caracterización del habitat acuático del Rio Cuervo, Puerto Aysen.. CONAMA NA. Type of document: EIA Notes: NA","2000 (?) ","CC BY-NC 4.0","FishGIS_metaDatabase_CCorrea","Ocurrence"
-72.61708,-45.58148,"Río Blanco arriba antes de los rápidos (SRB-4)","Salmo trutta",2000,"Centro de Ecología Aplicada Ltda. (2001) Estudio de Impacto Ambiental (EIA) proyecto ALUMYSA. Anexo IV.A_1 Caracterización del habitat acuático del Rio Cuervo, Puerto Aysen.. CONAMA NA. Type of document: EIA Notes: NA","2000 (?) ","CC BY-NC 4.0","FishGIS_metaDatabase_CCorrea","Ocurrence"
-72.60481,-45.64964,"Río Blanco arriba, bajo Río Bongo (SRB-5)","Salmo trutta",2000,"Centro de Ecología Aplicada Ltda. (2001) Estudio de Impacto Ambiental (EIA) proyecto ALUMYSA. Anexo IV.A_1 Caracterización del habitat acuático del Rio Cuervo, Puerto Aysen.. CONAMA NA. Type of document: EIA Notes: NA","2000 (?) ","CC BY-NC 4.0","FishGIS_metaDatabase_CCorrea","Ocurrence"
-72.60481,-45.64964,"Río Blanco arriba, bajo Río Bongo (SRB-5)","Salmo trutta",2000,"Centro de Ecología Aplicada Ltda. (2001) Estudio de Impacto Ambiental (EIA) proyecto ALUMYSA. Anexo IV.A_1 Caracterización del habitat acuático del Rio Cuervo, Puerto Aysen.. CONAMA NA. Type of document: EIA Notes: NA","2000 (?) ","CC BY-NC 4.0","FishGIS_metaDatabase_CCorrea","Ocurrence"
-72.59777,-45.69026,"Río Blanco arriba, 4 -5 Km arriba de Río Bongo (SRB-6)","Salmo trutta",2000,"Centro de Ecología Aplicada Ltda. (2001) Estudio de Impacto Ambiental (EIA) proyecto ALUMYSA. Anexo IV.A_1 Caracterización del habitat acuático del Rio Cuervo, Puerto Aysen.. CONAMA NA. Type of document: EIA Notes: NA","2000 (?) ","CC BY-NC 4.0","FishGIS_metaDatabase_CCorrea","Ocurrence"
-72.87521,-45.47904,"Río Candelaria en Desembocadura (SRP-5)","Eleginops maclovinus",2000,"Centro de Ecología Aplicada Ltda. (2001) Estudio de Impacto Ambiental (EIA) proyecto ALUMYSA. Anexo IV.A_1 Caracterización del habitat acuático del Rio Cuervo, Puerto Aysen.. CONAMA NA. Type of document: EIA Notes: NA","2000 (?) ","CC BY-NC 4.0","FishGIS_metaDatabase_CCorrea","Ocurrence"
-72.83725,-45.48985,"Estero Dingle arriba (SRP-4)","Oncorhynchus mykiss",2000,"Centro de Ecología Aplicada Ltda. (2001) Estudio de Impacto Ambiental (EIA) proyecto ALUMYSA. Anexo IV.A_1 Caracterización del habitat acuático del Rio Cuervo, Puerto Aysen.. CONAMA NA. Type of document: EIA Notes: NA","2000 (?) ","CC BY-NC 4.0","FishGIS_metaDatabase_CCorrea","Ocurrence"
-72.83725,-45.48985,"Estero Dingle arriba (SRP-4)","Oncorhynchus mykiss",2000,"Centro de Ecología Aplicada Ltda. (2001) Estudio de Impacto Ambiental (EIA) proyecto ALUMYSA. Anexo IV.A_1 Caracterización del habitat acuático del Rio Cuervo, Puerto Aysen.. CONAMA NA. Type of document: EIA Notes: NA","2000 (?) ","CC BY-NC 4.0","FishGIS_metaDatabase_CCorrea","Ocurrence"
-71.96713,-46.54432,"Laguna Verde","Galaxias platei",1991,"E.C. Rowe & Asoc. (1994) Estudio de Impacto Ambiental (EIA) proyecto Fachinal tranque de relave.. CONAMA NA. Type of document: EIA Notes: NA","1991 After the Hudson volcano eruption, another sampling was performed without captures.","CC BY-NC 4.0","FishGIS_metaDatabase_CCorrea","Ocurrence"
-71.83762,-46.49019,"Lago General Carrera (Bahía Jara)","Odontesthes bonariensis",1991,"E.C. Rowe & Asoc. (1994) Estudio de Impacto Ambiental (EIA) proyecto Fachinal tranque de relave.. CONAMA NA. Type of document: EIA Notes: NA","1991 ","CC BY-NC 4.0","FishGIS_metaDatabase_CCorrea","Ocurrence"
-72.08337,-45.5752,"Río Claro and Río Simpson, to the west of Coyhaique.","Oncorhynchus kisutch",1992,"Torres, P. Cubillos, V., Aedo, E., Silva, R., Garrido, O. y Aedo, J.E. (1995) Prevalencia y aspectos patológicos de la difilobotriasis en salmones de retorno, Oncorhynchus kisutch, de Coyhaique, XIa Región de Chile.. Archivos de Medicina Veterinaria 27: 107-114.. Type of document: Paper Notes: NA","1992 ","CC BY-NC 4.0","FishGIS_metaDatabase_CCorrea","Ocurrence"
-72.08245,-45.57214,"Río Simpson (west of Coyhaique, 300 m above sea level)","Oncorhynchus kisutch",1994,"Torres, P., E.  Aedo, L. Figueroa, I. Siegmund, R. Silva, N. Navarrete, S. Puga, F. Marín y E. Aedo (2000) Infección por helmintos parásitos en salmón coho, Oncorhynchus kisutch, durante su retorno al río Simpson, Chile.. Bol. Chil. Parasitol. 55(1-2): 31-35.. Type of document: Paper Notes: NA","1994 ","CC BY-NC 4.0","FishGIS_metaDatabase_CCorrea","Ocurrence"
-72.27143,-41.38046,"Río Del Este","Salmo trutta",1969,"Vila, I., E. Zeiss and H. Gibson (1978) Prospecciones de sistemas hidrográficos para la introducción del ""salmon"" en Chile.. Biología Pesquera, Chile 10: 61-73.. Type of document: Paper Notes: NA","1969-1970  Geolocation: The position of the point is not accurate.","CC BY-NC 4.0","FishGIS_metaDatabase_CCorrea","Ocurrence"
-71.70133,-43.17037,"Río Futaleufu (Argentina, 140 to 155 km from the mouth of the river, 350 to 400 m above sea level)","Oncorhynchus tshawytscha",1989,"Grosman, F. (1992) Algunos aspectos de la biología del salmón del pacífico (Oncorhynchus tshawytscha) presente en la Provincia del Chubut. (Informe técnico). Ed. Hemisferio Sur, JICA - CEAN, 8:1-12.. Type of document: Unpub. Report Notes: NA","1989, 1990 ","CC BY-NC 4.0","FishGIS_metaDatabase_CCorrea","Ocurrence"
-71.7232,-43.565,"Río Palena (Argentina, 160 to 190 km from the mouth of the river, 350 m above sea level)","Oncorhynchus tshawytscha",1989,"Grosman, F. (1992) Algunos aspectos de la biología del salmón del pacífico (Oncorhynchus tshawytscha) presente en la Provincia del Chubut. (Informe técnico). Ed. Hemisferio Sur, JICA - CEAN, 8:1-12.. Type of document: Unpub. Report Notes: NA","1989, 1990 ","CC BY-NC 4.0","FishGIS_metaDatabase_CCorrea","Ocurrence"
-73.93454,-42.67055,"Lago Huillinco","Eleginops maclovinus",1989,"Torres, P., Ruiz, E., Rebolledo, C., Mira, A., Cubillos, V., Navarrete, N., Gesche, W.,
Montefusco, A., Valdés, L. y Alberdi, A. (1990) Parasitismo en peces y comunidades humanas ribereñas de los lagos Huillinco y Natri (Isla Grande de Chiloé), Chile.. Bol. Chil. Parasitol. 45:47-55.. Type of document: Paper Notes: NA","1989  Geolocation: The position of the point is not accurate.","CC BY-NC 4.0","FishGIS_metaDatabase_CCorrea","Ocurrence"
-73.79812,-42.79697,"Lago Natri","Galaxias maculatus",1989,"Torres, P., Ruiz, E., Rebolledo, C., Mira, A., Cubillos, V., Navarrete, N., Gesche, W.,
Montefusco, A., Valdés, L. y Alberdi, A. (1990) Parasitismo en peces y comunidades humanas ribereñas de los lagos Huillinco y Natri (Isla Grande de Chiloé), Chile.. Bol. Chil. Parasitol. 45:47-55.. Type of document: Paper Notes: NA","1989  Geolocation: The position of the point is not accurate.","CC BY-NC 4.0","FishGIS_metaDatabase_CCorrea","Ocurrence"
-71.55356,-44.56116,"N7 La Cascada","Salmo trutta",1994,"Faúndez, V., Blanco G.,Vázquez E. & Sánchez J.A. (1997) Allozyme variability in brown trout Salmo trutta in Chile.. Freshwater Biology 37: 507-514.. Type of document: Paper Notes: NA","1994-1995  Geolocation: General; based on a general map.","CC BY-NC 4.0","FishGIS_metaDatabase_CCorrea","Ocurrence"
-71.55356,-44.56116,"N7 La Cascada","Salmo trutta",1994,"Faúndez, V., Blanco G.,Vázquez E. & Sánchez J.A. (1997) Allozyme variability in brown trout Salmo trutta in Chile.. Freshwater Biology 37: 507-514.. Type of document: Paper Notes: NA","1994-1995  Geolocation: General; based on a general map.","CC BY-NC 4.0","FishGIS_metaDatabase_CCorrea","Ocurrence"
-72.79707,-42.85197,"Río Santa Bárbara","Geotria australis",1984,"Campos, H., J. Arenas, C. Jara, T. Gonser y R. Prins (1984) Macrozoobentos y fauna íctica de las aguas limnéticas de Chiloé y Aysén continentales (Chile).. Medio Ambiente 7(1): 52-64.. Type of document: Paper Notes: NA","1984 ","CC BY-NC 4.0","FishGIS_metaDatabase_CCorrea","Ocurrence"
-72.79707,-42.85197,"Río Santa Bárbara","Geotria australis",1984,"Campos, H., J. Arenas, C. Jara, T. Gonser y R. Prins (1984) Macrozoobentos y fauna íctica de las aguas limnéticas de Chiloé y Aysén continentales (Chile).. Medio Ambiente 7(1): 52-64.. Type of document: Paper Notes: NA","1984 ","CC BY-NC 4.0","FishGIS_metaDatabase_CCorrea","Ocurrence"
-72.34913,-42.9781,"Río Vuelta y Vuelta","Oncorhynchus mykiss",1984,"Campos, H., J. Arenas, C. Jara, T. Gonser y R. Prins (1984) Macrozoobentos y fauna íctica de las aguas limnéticas de Chiloé y Aysén continentales (Chile).. Medio Ambiente 7(1): 52-64.. Type of document: Paper Notes: NA","1984  Geolocation: Approximate, based on coordinates.","CC BY-NC 4.0","FishGIS_metaDatabase_CCorrea","Ocurrence"
-72.34913,-42.9781,"Río Vuelta y Vuelta","Oncorhynchus mykiss",1984,"Campos, H., J. Arenas, C. Jara, T. Gonser y R. Prins (1984) Macrozoobentos y fauna íctica de las aguas limnéticas de Chiloé y Aysén continentales (Chile).. Medio Ambiente 7(1): 52-64.. Type of document: Paper Notes: NA","1984  Geolocation: Approximate, based on coordinates.","CC BY-NC 4.0","FishGIS_metaDatabase_CCorrea","Ocurrence"
-72.482,-43.02064,"Río Amarillo","Aplochiton zebra",1984,"Campos, H., J. Arenas, C. Jara, T. Gonser y R. Prins (1984) Macrozoobentos y fauna íctica de las aguas limnéticas de Chiloé y Aysén continentales (Chile).. Medio Ambiente 7(1): 52-64.. Type of document: Paper Notes: NA","1984 ","CC BY-NC 4.0","FishGIS_metaDatabase_CCorrea","Ocurrence"
-72.482,-43.02064,"Río Amarillo","Aplochiton zebra",1984,"Campos, H., J. Arenas, C. Jara, T. Gonser y R. Prins (1984) Macrozoobentos y fauna íctica de las aguas limnéticas de Chiloé y Aysén continentales (Chile).. Medio Ambiente 7(1): 52-64.. Type of document: Paper Notes: NA","1984 ","CC BY-NC 4.0","FishGIS_metaDatabase_CCorrea","Ocurrence"
-72.42803,-43.17589,"Lago Yelcho, Pto. Cárdenas","Galaxias platei",1984,"Campos, H., J. Arenas, C. Jara, T. Gonser y R. Prins (1984) Macrozoobentos y fauna íctica de las aguas limnéticas de Chiloé y Aysén continentales (Chile).. Medio Ambiente 7(1): 52-64.. Type of document: Paper Notes: NA","1984 ","CC BY-NC 4.0","FishGIS_metaDatabase_CCorrea","Ocurrence"
-72.42803,-43.17589,"Lago Yelcho, Pto. Cárdenas","Galaxias platei",1984,"Campos, H., J. Arenas, C. Jara, T. Gonser y R. Prins (1984) Macrozoobentos y fauna íctica de las aguas limnéticas de Chiloé y Aysén continentales (Chile).. Medio Ambiente 7(1): 52-64.. Type of document: Paper Notes: NA","1984 ","CC BY-NC 4.0","FishGIS_metaDatabase_CCorrea","Ocurrence"
-72.33651,-43.57171,"Río Frío","Aplochiton zebra",1984,"Campos, H., J. Arenas, C. Jara, T. Gonser y R. Prins (1984) Macrozoobentos y fauna íctica de las aguas limnéticas de Chiloé y Aysén continentales (Chile).. Medio Ambiente 7(1): 52-64.. Type of document: Paper Notes: NA","1984 ","CC BY-NC 4.0","FishGIS_metaDatabase_CCorrea","Ocurrence"
-72.33651,-43.57171,"Río Frío","Aplochiton zebra",1984,"Campos, H., J. Arenas, C. Jara, T. Gonser y R. Prins (1984) Macrozoobentos y fauna íctica de las aguas limnéticas de Chiloé y Aysén continentales (Chile).. Medio Ambiente 7(1): 52-64.. Type of document: Paper Notes: NA","1984 ","CC BY-NC 4.0","FishGIS_metaDatabase_CCorrea","Ocurrence"
-72.33433,-43.57939,"Afluente Río Frío","Salvelinus fontinalis",1984,"Campos, H., J. Arenas, C. Jara, T. Gonser y R. Prins (1984) Macrozoobentos y fauna íctica de las aguas limnéticas de Chiloé y Aysén continentales (Chile).. Medio Ambiente 7(1): 52-64.. Type of document: Paper Notes: NA","1984 ","CC BY-NC 4.0","FishGIS_metaDatabase_CCorrea","Ocurrence"
-72.33433,-43.57939,"Afluente Río Frío","Salvelinus fontinalis",1984,"Campos, H., J. Arenas, C. Jara, T. Gonser y R. Prins (1984) Macrozoobentos y fauna íctica de las aguas limnéticas de Chiloé y Aysén continentales (Chile).. Medio Ambiente 7(1): 52-64.. Type of document: Paper Notes: NA","1984 ","CC BY-NC 4.0","FishGIS_metaDatabase_CCorrea","Ocurrence"
-72.36158,-43.79185,"Río Aura (i.e. Río Laura?)","Aplochiton zebra",1984,"Campos, H., J. Arenas, C. Jara, T. Gonser y R. Prins (1984) Macrozoobentos y fauna íctica de las aguas limnéticas de Chiloé y Aysén continentales (Chile).. Medio Ambiente 7(1): 52-64.. Type of document: Paper Notes: NA","1984 The site's coordinates cited by Campos et al (1984) correspond to a stream called Estero Pampita which is 5 km to the south from this point. Nevertheless, the Estero Laura--similar to ""Aura""--,which crosses the road, seems to be the correct sampling site. Geolocation: Approximate","CC BY-NC 4.0","FishGIS_metaDatabase_CCorrea","Ocurrence"
-72.36158,-43.79185,"Río Aura (i.e. Río Laura?)","Aplochiton zebra",1984,"Campos, H., J. Arenas, C. Jara, T. Gonser y R. Prins (1984) Macrozoobentos y fauna íctica de las aguas limnéticas de Chiloé y Aysén continentales (Chile).. Medio Ambiente 7(1): 52-64.. Type of document: Paper Notes: NA","1984 The site's coordinates cited by Campos et al (1984) correspond to a stream called Estero Pampita which is 5 km to the south from this point. Nevertheless, the Estero Laura--similar to ""Aura""--,which crosses the road, seems to be the correct sampling site. Geolocation: Approximate","CC BY-NC 4.0","FishGIS_metaDatabase_CCorrea","Ocurrence"
-72.49877,-44.18894,"Río Los Césares","Salmo trutta",1984,"Campos, H., J. Arenas, C. Jara, T. Gonser y R. Prins (1984) Macrozoobentos y fauna íctica de las aguas limnéticas de Chiloé y Aysén continentales (Chile).. Medio Ambiente 7(1): 52-64.. Type of document: Paper Notes: NA","1984 ","CC BY-NC 4.0","FishGIS_metaDatabase_CCorrea","Ocurrence"
-72.49877,-44.18894,"Río Los Césares","Salmo trutta",1984,"Campos, H., J. Arenas, C. Jara, T. Gonser y R. Prins (1984) Macrozoobentos y fauna íctica de las aguas limnéticas de Chiloé y Aysén continentales (Chile).. Medio Ambiente 7(1): 52-64.. Type of document: Paper Notes: NA","1984 ","CC BY-NC 4.0","FishGIS_metaDatabase_CCorrea","Ocurrence"
-72.50609,-44.23328,"Lago Risopatrón","Geotria australis",1984,"Campos, H., J. Arenas, C. Jara, T. Gonser y R. Prins (1984) Macrozoobentos y fauna íctica de las aguas limnéticas de Chiloé y Aysén continentales (Chile).. Medio Ambiente 7(1): 52-64.. Type of document: Paper Notes: NA","1984 ","CC BY-NC 4.0","FishGIS_metaDatabase_CCorrea","Ocurrence"
-72.50609,-44.23328,"Lago Risopatrón","Geotria australis",1984,"Campos, H., J. Arenas, C. Jara, T. Gonser y R. Prins (1984) Macrozoobentos y fauna íctica de las aguas limnéticas de Chiloé y Aysén continentales (Chile).. Medio Ambiente 7(1): 52-64.. Type of document: Paper Notes: NA","1984 ","CC BY-NC 4.0","FishGIS_metaDatabase_CCorrea","Ocurrence"
-72.57784,-44.3248,"Río Pascua (Puyuhuapi)","Galaxias maculatus",1984,"Campos, H., J. Arenas, C. Jara, T. Gonser y R. Prins (1984) Macrozoobentos y fauna íctica de las aguas limnéticas de Chiloé y Aysén continentales (Chile).. Medio Ambiente 7(1): 52-64.. Type of document: Paper Notes: NA","1984 Approximate, based on coordinates","CC BY-NC 4.0","FishGIS_metaDatabase_CCorrea","Ocurrence"
-72.57784,-44.3248,"Río Pascua (Puyuhuapi)","Galaxias maculatus",1984,"Campos, H., J. Arenas, C. Jara, T. Gonser y R. Prins (1984) Macrozoobentos y fauna íctica de las aguas limnéticas de Chiloé y Aysén continentales (Chile).. Medio Ambiente 7(1): 52-64.. Type of document: Paper Notes: NA","1984 Approximate, based on coordinates","CC BY-NC 4.0","FishGIS_metaDatabase_CCorrea","Ocurrence"
-72.42222,-44.56857,"Río Queulat","Oncorhynchus mykiss",1984,"Campos, H., J. Arenas, C. Jara, T. Gonser y R. Prins (1984) Macrozoobentos y fauna íctica de las aguas limnéticas de Chiloé y Aysén continentales (Chile).. Medio Ambiente 7(1): 52-64.. Type of document: Paper Notes: NA","1984 ","CC BY-NC 4.0","FishGIS_metaDatabase_CCorrea","Ocurrence"
-72.42222,-44.56857,"Río Queulat","Oncorhynchus mykiss",1984,"Campos, H., J. Arenas, C. Jara, T. Gonser y R. Prins (1984) Macrozoobentos y fauna íctica de las aguas limnéticas de Chiloé y Aysén continentales (Chile).. Medio Ambiente 7(1): 52-64.. Type of document: Paper Notes: NA","1984 ","CC BY-NC 4.0","FishGIS_metaDatabase_CCorrea","Ocurrence"
-72.41754,-44.63582,"Río Cascadas","Salmo trutta",1984,"Campos, H., J. Arenas, C. Jara, T. Gonser y R. Prins (1984) Macrozoobentos y fauna íctica de las aguas limnéticas de Chiloé y Aysén continentales (Chile).. Medio Ambiente 7(1): 52-64.. Type of document: Paper Notes: NA","1984 ","CC BY-NC 4.0","FishGIS_metaDatabase_CCorrea","Ocurrence"
-72.41754,-44.63582,"Río Cascadas","Salmo trutta",1984,"Campos, H., J. Arenas, C. Jara, T. Gonser y R. Prins (1984) Macrozoobentos y fauna íctica de las aguas limnéticas de Chiloé y Aysén continentales (Chile).. Medio Ambiente 7(1): 52-64.. Type of document: Paper Notes: NA","1984 ","CC BY-NC 4.0","FishGIS_metaDatabase_CCorrea","Ocurrence"
-72.52794,-44.69697,"Río Cisnes bajo","Salmo trutta",1984,"Campos, H., J. Arenas, C. Jara, T. Gonser y R. Prins (1984) Macrozoobentos y fauna íctica de las aguas limnéticas de Chiloé y Aysén continentales (Chile).. Medio Ambiente 7(1): 52-64.. Type of document: Paper Notes: NA","1984 ","CC BY-NC 4.0","FishGIS_metaDatabase_CCorrea","Ocurrence"
-72.52794,-44.69697,"Río Cisnes bajo","Salmo trutta",1984,"Campos, H., J. Arenas, C. Jara, T. Gonser y R. Prins (1984) Macrozoobentos y fauna íctica de las aguas limnéticas de Chiloé y Aysén continentales (Chile).. Medio Ambiente 7(1): 52-64.. Type of document: Paper Notes: NA","1984 ","CC BY-NC 4.0","FishGIS_metaDatabase_CCorrea","Ocurrence"
-72.21903,-44.83653,"Río Brigida","Salmo trutta",1984,"Campos, H., J. Arenas, C. Jara, T. Gonser y R. Prins (1984) Macrozoobentos y fauna íctica de las aguas limnéticas de Chiloé y Aysén continentales (Chile).. Medio Ambiente 7(1): 52-64.. Type of document: Paper Notes: NA","1984 Approximate, position based on coordinates only.","CC BY-NC 4.0","FishGIS_metaDatabase_CCorrea","Ocurrence"
-72.21903,-44.83653,"Río Brigida","Salmo trutta",1984,"Campos, H., J. Arenas, C. Jara, T. Gonser y R. Prins (1984) Macrozoobentos y fauna íctica de las aguas limnéticas de Chiloé y Aysén continentales (Chile).. Medio Ambiente 7(1): 52-64.. Type of document: Paper Notes: NA","1984 Approximate, position based on coordinates only.","CC BY-NC 4.0","FishGIS_metaDatabase_CCorrea","Ocurrence"
-72.11995,-45.02803,"Lago Pedro Aguirre Cerda","Galaxias platei",1984,"Campos, H., J. Arenas, C. Jara, T. Gonser y R. Prins (1984) Macrozoobentos y fauna íctica de las aguas limnéticas de Chiloé y Aysén continentales (Chile).. Medio Ambiente 7(1): 52-64.. Type of document: Paper Notes: NA","1984 ","CC BY-NC 4.0","FishGIS_metaDatabase_CCorrea","Ocurrence"
-72.11995,-45.02803,"Lago Pedro Aguirre Cerda","Galaxias platei",1984,"Campos, H., J. Arenas, C. Jara, T. Gonser y R. Prins (1984) Macrozoobentos y fauna íctica de las aguas limnéticas de Chiloé y Aysén continentales (Chile).. Medio Ambiente 7(1): 52-64.. Type of document: Paper Notes: NA","1984 ","CC BY-NC 4.0","FishGIS_metaDatabase_CCorrea","Ocurrence"
-72.12888,-45.16264,"Río Ñirehuao","Hatcheria macraei",1984,"Campos, H., J. Arenas, C. Jara, T. Gonser y R. Prins (1984) Macrozoobentos y fauna íctica de las aguas limnéticas de Chiloé y Aysén continentales (Chile).. Medio Ambiente 7(1): 52-64.. Type of document: Paper Notes: NA","1984 ","CC BY-NC 4.0","FishGIS_metaDatabase_CCorrea","Ocurrence"
-72.12888,-45.16264,"Río Ñirehuao","Hatcheria macraei",1984,"Campos, H., J. Arenas, C. Jara, T. Gonser y R. Prins (1984) Macrozoobentos y fauna íctica de las aguas limnéticas de Chiloé y Aysén continentales (Chile).. Medio Ambiente 7(1): 52-64.. Type of document: Paper Notes: NA","1984 ","CC BY-NC 4.0","FishGIS_metaDatabase_CCorrea","Ocurrence"
-72.41295,-45.43213,"Río Simpson","Geotria australis",1984,"Campos, H., J. Arenas, C. Jara, T. Gonser y R. Prins (1984) Macrozoobentos y fauna íctica de las aguas limnéticas de Chiloé y Aysén continentales (Chile).. Medio Ambiente 7(1): 52-64.. Type of document: Paper Notes: NA","1984 ","CC BY-NC 4.0","FishGIS_metaDatabase_CCorrea","Ocurrence"
-72.41295,-45.43213,"Río Simpson","Geotria australis",1984,"Campos, H., J. Arenas, C. Jara, T. Gonser y R. Prins (1984) Macrozoobentos y fauna íctica de las aguas limnéticas de Chiloé y Aysén continentales (Chile).. Medio Ambiente 7(1): 52-64.. Type of document: Paper Notes: NA","1984 ","CC BY-NC 4.0","FishGIS_metaDatabase_CCorrea","Ocurrence"
-73.60315,-42.44238,"Curaco de Velez","Oncorhynchus tshawytscha",1982,"Reyes, X. (1982) Presencia de Hepatoxylon trichiuri (Holten, 1802) (Cestoda: Trypanorhyncha) en Oncorynchus tshawytscha y Sonmiosus pacificus capturados en Chile.. Investigaciones Marinas, Valparaiso 10(1-2): 40-45.. Type of document: Paper Notes: NA","1982  Geolocation: The position of the point is not accurate.","CC BY-NC 4.0","FishGIS_metaDatabase_CCorrea","Ocurrence"
-72.3981,-41.11996,"Lago Todos Los Santos, Petrohue","Galaxias platei",1998,"Cassigoli, J. (1999) Catastro de enfermedades de peces nativos circundantes a centros de cultivo de salmónidos.. Fondo de Investigación Pesquera - Instituto Tecnológico del Salmón - Universidad Austral de Chile - Aquatic Health FIP 97-38. Type of document: Unpub. Report Notes: NA","1998, 1999  Geolocation: Ok","CC BY-NC 4.0","FishGIS_metaDatabase_CCorrea","Ocurrence"
-72.95085,-45.13768,"Yulton-Meullin Lakes","Galaxias platei",NA,"Soto, D., I. Arismendi, J. González, J. Sanzana, F. Jara, C. Jara, E. Guzman, and A. Lara (2006) Southern Chile, trout and salmon country: invasion patterns and threats for native species.. Revista Chilena de Historia Natural 79:97-117.. Type of document: Paper Notes: NA","Not specified (between 1990 and 2005) ""Only in a set of two connected lakes, Yulton-Meullin [...] did we not find any salmon or trout. In these lakes we found the largest population of native species, Galaxias platei, ""puye grande"" and also Aplochyton zebra, ""peladilla"". Geolocation: Not accurate.","CC BY-NC 4.0","FishGIS_metaDatabase_CCorrea","Ocurrence"
-71.96795,-46.24541,"Lagoon Don Poli","Galaxias platei",1997,"Sakai, M., R. Aguirrebeña, and A. Nagasawa (1987) Growth analysis by scale reading of cherry salmon (Oncorhynchus masou) stocked a closed-system lake ""Lagoon Don Poli"", southern Chile.. Internal Report 18, Japan International Cooperation Agency & Servicio Nacional de Pesca, Tokyo. 26pp.. Type of document: Unpub. Report Notes: NA","1987 The Lagoon is considered isolated because of the small size of the outlet.","CC BY-NC 4.0","FishGIS_metaDatabase_CCorrea","Ocurrence"
-72.51311,-41.42701,"Lago Chapo","Percichthys trucha",1986,"Villalobos, L., S. Woelfl, O. Parra, and H. Campos (2003) Lake Chapo: a baseline study of a deep, oligotrophic North Patagonian lake prior to its use for hydroelectricity generation: II. Biological properties.. Hydrobiologia 510: 225-237.. Type of document: Paper Notes: NA","1986-1987  Geolocation: Specific location not specified.","CC BY-NC 4.0","FishGIS_metaDatabase_CCorrea","Ocurrence"
-72.55481,-41.42324,"Lago Chapo, littoral zone.","Percichthys trucha",1986,"Villalobos, L., S. Woelfl, O. Parra, and H. Campos (2003) Lake Chapo: a baseline study of a deep, oligotrophic North Patagonian lake prior to its use for hydroelectricity generation: II. Biological properties.. Hydrobiologia 510: 225-237.. Type of document: Paper Notes: NA","1986-1987  Geolocation: Specific location not specified.","CC BY-NC 4.0","FishGIS_metaDatabase_CCorrea","Ocurrence"
-73.77277,-42.48319,"Castro, at port, Prov. Chiloe, X Region, Pacific Region","Odontesthes regia",1990,"Dyer, B. (1994) Specimens of Chilean fish deposited by B. Dyer in the University of Michigan Zoological Museum. in.. NEODAT II team databese http://www.neodat.org/. NA. Type of document: Museum collection Notes: NA","1990 Unspecified survey target and methods.","CC BY-NC 4.0","FishGIS_metaDatabase_CCorrea","Ocurrence"
-72.25292,-47.25316,"Lago Cochrane, approximately 1 km East of Rancho 'La Gauchita' (Mondelo family) at Pescadero de Las Truchas, a *","Odontesthes hatcheri",1990,"Dyer, B. (1994) Specimens of Chilean fish deposited by B. Dyer in the University of Michigan Zoological Museum. in.. NEODAT II team databese http://www.neodat.org/. NA. Type of document: Museum collection Notes: NA","1990 Unspecified survey target and methods. Remarks: * small bay, Prov. Capitan Prat, XI Region	 Rio Baker drainage","CC BY-NC 4.0","FishGIS_metaDatabase_CCorrea","Ocurrence"
-72.25292,-47.25316,"Lago Cochrane, Prov. Capitan Prat, XI Region	 Rio Baker drainage","Galaxias platei",1990,"Dyer, B. (1994) Specimens of Chilean fish deposited by B. Dyer in the University of Michigan Zoological Museum. in.. NEODAT II team databese http://www.neodat.org/. NA. Type of document: Museum collection Notes: NA","1990 Unspecified survey target and methods. Remarks: specimens collected under floating debris and junco accumulated along shore","CC BY-NC 4.0","FishGIS_metaDatabase_CCorrea","Ocurrence"
-72.60294,-47.33315,"Laguna Esmeralda, about 5 km South of Cochrane on road to Puerto Yungay, Prov. Capitan Prat, XI Region	 Rio Baker dr.","Odontesthes hatcheri",1990,"Dyer, B. (1994) Specimens of Chilean fish deposited by B. Dyer in the University of Michigan Zoological Museum. in.. NEODAT II team databese http://www.neodat.org/. NA. Type of document: Museum collection Notes: NA","1990 Unspecified survey target and methods. Remarks: L. Esmeralda is one of 3 lakes S of Cochrane known as 'Sector Tres Lagos', together with L. Juncal and L. Chacabuco.","CC BY-NC 4.0","FishGIS_metaDatabase_CCorrea","Ocurrence"
-71.68285,-46.53318,"Lake General Carrera, Bahia Jara, 17 km W of Chile Chico, at mouth of Arroyo or Estero Bano, Prov. General Carrera,*","Odontesthes hatcheri",1990,"Dyer, B. (1994) Specimens of Chilean fish deposited by B. Dyer in the University of Michigan Zoological Museum. in.. NEODAT II team databese http://www.neodat.org/. NA. Type of document: Museum collection Notes: NA","1990 Unspecified survey target and methods. Remarks: * XI Region	 Rio Baker drainage","CC BY-NC 4.0","FishGIS_metaDatabase_CCorrea","Ocurrence"
-71.68326,-53.08308,"Punta Arenas, fish market (ex. Coop. Pescadores), Prov. Magallanes, XII Region	 Straits of Magellan","Odontesthes smitti",1990,"Dyer, B. (1994) Specimens of Chilean fish deposited by B. Dyer in the University of Michigan Zoological Museum. in.. NEODAT II team databese http://www.neodat.org/. NA. Type of document: Museum collection Notes: NA","1990 Unspecified survey target and methods. Remarks: said to be from Cabeza Grande, near Porvenir, opposite Punta Arenas, Tierra del Fuego","CC BY-NC 4.0","FishGIS_metaDatabase_CCorrea","Ocurrence"
-73.77277,-42.55319,"Punta Peuque, opposite Rauco, Seno de Castro, Prov. Chiloe, X Region","Odontesthes regia",1990,"Dyer, B. (1994) Specimens of Chilean fish deposited by B. Dyer in the University of Michigan Zoological Museum. in.. NEODAT II team databese http://www.neodat.org/. NA. Type of document: Museum collection Notes: NA","1990 Unspecified survey target and methods.","CC BY-NC 4.0","FishGIS_metaDatabase_CCorrea","Ocurrence"
-68.67302,-52.67317,"Straits of Magellan, Tierra del Fuego Island, near Estancia Catalina 'NNE' from Cerro Sombrero, Region XII","Odontesthes nigricans",1987,"Dyer, B. (1994) Specimens of Chilean fish deposited by B. Dyer in the University of Michigan Zoological Museum. in.. NEODAT II team databese http://www.neodat.org/. NA. Type of document: Museum collection Notes: NA","1987 Unspecified survey target and methods. Remarks: web leaded type","CC BY-NC 4.0","FishGIS_metaDatabase_CCorrea","Ocurrence"
-67.70586,-54.9443,"Bronces 1","Salvelinus fontinalis",2005,"M, Moorman (In prep.) Freshwater fish of Nature Reserve on Isla Navarino, Magellan region, Chile (provisory title).. Masters thesis, North Carolina University NA. Type of document: Thesis Notes: NA","2005  Geolocation: GPS waypoint","CC BY-NC 4.0","FishGIS_metaDatabase_CCorrea","Ocurrence"
-67.469,-54.93906,"Cascada 2","Salvelinus fontinalis",2005,"M, Moorman (In prep.) Freshwater fish of Nature Reserve on Isla Navarino, Magellan region, Chile (provisory title).. Masters thesis, North Carolina University NA. Type of document: Thesis Notes: NA","2005  Geolocation: GPS waypoint","CC BY-NC 4.0","FishGIS_metaDatabase_CCorrea","Ocurrence"
-68.05193,-55.18086,"Douglas 1","Salvelinus fontinalis",2005,"M, Moorman (In prep.) Freshwater fish of Nature Reserve on Isla Navarino, Magellan region, Chile (provisory title).. Masters thesis, North Carolina University NA. Type of document: Thesis Notes: NA","2005  Geolocation: GPS waypoint","CC BY-NC 4.0","FishGIS_metaDatabase_CCorrea","Ocurrence"
-68.10906,-55.17387,"Douglas 2","Salvelinus fontinalis",2005,"M, Moorman (In prep.) Freshwater fish of Nature Reserve on Isla Navarino, Magellan region, Chile (provisory title).. Masters thesis, North Carolina University NA. Type of document: Thesis Notes: NA","2005  Geolocation: GPS waypoint","CC BY-NC 4.0","FishGIS_metaDatabase_CCorrea","Ocurrence"
-67.78388,-54.92486,"Estrella 1","Salvelinus fontinalis",2005,"M, Moorman (In prep.) Freshwater fish of Nature Reserve on Isla Navarino, Magellan region, Chile (provisory title).. Masters thesis, North Carolina University NA. Type of document: Thesis Notes: NA","2005  Geolocation: GPS waypoint","CC BY-NC 4.0","FishGIS_metaDatabase_CCorrea","Ocurrence"
-68.08535,-54.90611,"Fajarones 1","Salvelinus fontinalis",2005,"M, Moorman (In prep.) Freshwater fish of Nature Reserve on Isla Navarino, Magellan region, Chile (provisory title).. Masters thesis, North Carolina University NA. Type of document: Thesis Notes: NA","2005  Geolocation: GPS waypoint","CC BY-NC 4.0","FishGIS_metaDatabase_CCorrea","Ocurrence"
-67.50248,-54.93871,"Guanaco 1","Salvelinus fontinalis",2005,"M, Moorman (In prep.) Freshwater fish of Nature Reserve on Isla Navarino, Magellan region, Chile (provisory title).. Masters thesis, North Carolina University NA. Type of document: Thesis Notes: NA","2005  Geolocation: GPS waypoint","CC BY-NC 4.0","FishGIS_metaDatabase_CCorrea","Ocurrence"
-67.85158,-54.91596,"Guerrico 1","Oncorhynchus mykiss",2005,"M, Moorman (In prep.) Freshwater fish of Nature Reserve on Isla Navarino, Magellan region, Chile (provisory title).. Masters thesis, North Carolina University NA. Type of document: Thesis Notes: NA","2005  Geolocation: GPS waypoint","CC BY-NC 4.0","FishGIS_metaDatabase_CCorrea","Ocurrence"
-67.85274,-54.92067,"Guerrico 2","Oncorhynchus mykiss",2005,"M, Moorman (In prep.) Freshwater fish of Nature Reserve on Isla Navarino, Magellan region, Chile (provisory title).. Masters thesis, North Carolina University NA. Type of document: Thesis Notes: NA","2005  Geolocation: GPS waypoint","CC BY-NC 4.0","FishGIS_metaDatabase_CCorrea","Ocurrence"
-68.37854,-54.98422,"Hoste 2","Salvelinus fontinalis",2005,"M, Moorman (In prep.) Freshwater fish of Nature Reserve on Isla Navarino, Magellan region, Chile (provisory title).. Masters thesis, North Carolina University NA. Type of document: Thesis Notes: NA","2005  Geolocation: GPS waypoint","CC BY-NC 4.0","FishGIS_metaDatabase_CCorrea","Ocurrence"
-68.59137,-54.94829,"Hoste 3","Galaxias maculatus",2005,"M, Moorman (In prep.) Freshwater fish of Nature Reserve on Isla Navarino, Magellan region, Chile (provisory title).. Masters thesis, North Carolina University NA. Type of document: Thesis Notes: NA","2005  Geolocation: GPS waypoint","CC BY-NC 4.0","FishGIS_metaDatabase_CCorrea","Ocurrence"
-68.59641,-54.94567,"Hoste 4","Salvelinus fontinalis",2005,"M, Moorman (In prep.) Freshwater fish of Nature Reserve on Isla Navarino, Magellan region, Chile (provisory title).. Masters thesis, North Carolina University NA. Type of document: Thesis Notes: NA","2005 Directly downstream from a beaverdam. Geolocation: GPS waypoint","CC BY-NC 4.0","FishGIS_metaDatabase_CCorrea","Ocurrence"
-68.56876,-54.94831,"Hoste 5","Salvelinus fontinalis",2005,"M, Moorman (In prep.) Freshwater fish of Nature Reserve on Isla Navarino, Magellan region, Chile (provisory title).. Masters thesis, North Carolina University NA. Type of document: Thesis Notes: NA","2005  Geolocation: GPS waypoint","CC BY-NC 4.0","FishGIS_metaDatabase_CCorrea","Ocurrence"
-68.11217,-54.91196,"Lum 1","Salvelinus fontinalis",2005,"M, Moorman (In prep.) Freshwater fish of Nature Reserve on Isla Navarino, Magellan region, Chile (provisory title).. Masters thesis, North Carolina University NA. Type of document: Thesis Notes: NA","2005  Geolocation: GPS waypoint","CC BY-NC 4.0","FishGIS_metaDatabase_CCorrea","Ocurrence"
-68.00168,-54.9085,"Meijillones 1","Salvelinus fontinalis",2005,"M, Moorman (In prep.) Freshwater fish of Nature Reserve on Isla Navarino, Magellan region, Chile (provisory title).. Masters thesis, North Carolina University NA. Type of document: Thesis Notes: NA","2005  Geolocation: GPS waypoint","CC BY-NC 4.0","FishGIS_metaDatabase_CCorrea","Ocurrence"
-67.99198,-54.9081,"Meijillones 2","Salvelinus fontinalis",2005,"M, Moorman (In prep.) Freshwater fish of Nature Reserve on Isla Navarino, Magellan region, Chile (provisory title).. Masters thesis, North Carolina University NA. Type of document: Thesis Notes: NA","2005  Geolocation: GPS waypoint","CC BY-NC 4.0","FishGIS_metaDatabase_CCorrea","Ocurrence"
-67.62656,-54.94182,"Micalvi 1","Galaxias maculatus",2005,"M, Moorman (In prep.) Freshwater fish of Nature Reserve on Isla Navarino, Magellan region, Chile (provisory title).. Masters thesis, North Carolina University NA. Type of document: Thesis Notes: NA","2005  Geolocation: GPS waypoint","CC BY-NC 4.0","FishGIS_metaDatabase_CCorrea","Ocurrence"
-67.42338,-54.93103,"Pitufos 1","Salvelinus fontinalis",2005,"M, Moorman (In prep.) Freshwater fish of Nature Reserve on Isla Navarino, Magellan region, Chile (provisory title).. Masters thesis, North Carolina University NA. Type of document: Thesis Notes: NA","2005  Geolocation: GPS waypoint","CC BY-NC 4.0","FishGIS_metaDatabase_CCorrea","Ocurrence"
-67.2685,-55.0243,"Pollollo","Salvelinus fontinalis",2005,"M, Moorman (In prep.) Freshwater fish of Nature Reserve on Isla Navarino, Magellan region, Chile (provisory title).. Masters thesis, North Carolina University NA. Type of document: Thesis Notes: NA","2005  Geolocation: GPS waypoint","CC BY-NC 4.0","FishGIS_metaDatabase_CCorrea","Ocurrence"
-67.52653,-54.9374,"Pt Truco 1","Salvelinus fontinalis",2005,"M, Moorman (In prep.) Freshwater fish of Nature Reserve on Isla Navarino, Magellan region, Chile (provisory title).. Masters thesis, North Carolina University NA. Type of document: Thesis Notes: NA","2005  Geolocation: GPS waypoint","CC BY-NC 4.0","FishGIS_metaDatabase_CCorrea","Ocurrence"
-67.66071,-54.94488,"Robalo 1","Salvelinus fontinalis",2005,"M, Moorman (In prep.) Freshwater fish of Nature Reserve on Isla Navarino, Magellan region, Chile (provisory title).. Masters thesis, North Carolina University NA. Type of document: Thesis Notes: NA","2005  Geolocation: GPS waypoint","CC BY-NC 4.0","FishGIS_metaDatabase_CCorrea","Ocurrence"
-67.60429,-54.9423,"Ukika 1","Salvelinus fontinalis",2005,"M, Moorman (In prep.) Freshwater fish of Nature Reserve on Isla Navarino, Magellan region, Chile (provisory title).. Masters thesis, North Carolina University NA. Type of document: Thesis Notes: NA","2005  Geolocation: GPS waypoint","CC BY-NC 4.0","FishGIS_metaDatabase_CCorrea","Ocurrence"
-68.14999,-55.04984,"Wulaia 1","Galaxias maculatus",2005,"M, Moorman (In prep.) Freshwater fish of Nature Reserve on Isla Navarino, Magellan region, Chile (provisory title).. Masters thesis, North Carolina University NA. Type of document: Thesis Notes: NA","2005  Geolocation: GPS waypoint","CC BY-NC 4.0","FishGIS_metaDatabase_CCorrea","Ocurrence"
-68.21963,-54.97774,"Inutil at estuary","Galaxias maculatus",2006,"M, Moorman (In prep.) Freshwater fish of Nature Reserve on Isla Navarino, Magellan region, Chile (provisory title).. Masters thesis, North Carolina University NA. Type of document: Thesis Notes: NA","2006 M. Moorman personal communication.","CC BY-NC 4.0","FishGIS_metaDatabase_CCorrea","Ocurrence"
